t,x,y,yaw,act_vx,act_wz,closest_i,cte,target_x,target_y,dist_target,dist_goal,desired_yaw,heading_err,heading_err_deg,cmd_vx,cmd_wz,wz_sat,at_goal
1789855243.9011,10.0053,-12.1341,-1.1198,-0.0000,0.0000,0,0.0000,10.6259,-13.4386,1.4446,72.9838,-1.1267,-0.0069,-0.3956,0.7949,-0.0069,0,0
1789855243.9506,10.0053,-12.1341,-1.1198,0.0000,0.0000,0,0.0000,10.6259,-13.4386,1.4446,72.9838,-1.1267,-0.0069,-0.3956,0.7949,-0.0069,0,0
1789855244.0007,10.0053,-12.1341,-1.1198,0.0000,0.0000,0,0.0000,10.6259,-13.4386,1.4446,72.9838,-1.1267,-0.0069,-0.3956,0.7949,-0.0069,0,0
1789855244.0535,10.0053,-12.1341,-1.1198,0.0000,0.0000,0,0.0000,10.6259,-13.4386,1.4446,72.9838,-1.1267,-0.0069,-0.3956,0.7949,-0.0069,0,0
1789855244.1013,10.0053,-12.1341,-1.1198,0.0000,0.0000,0,0.0000,10.6259,-13.4386,1.4446,72.9838,-1.1267,-0.0069,-0.3956,0.7949,-0.0069,0,0
1789855244.1515,10.0053,-12.1341,-1.1198,0.0000,0.0000,0,0.0000,10.6259,-13.4386,1.4446,72.9838,-1.1267,-0.0069,-0.3956,0.7949,-0.0069,0,0
1789855244.2007,10.0053,-12.1341,-1.1198,0.0000,0.0000,0,0.0000,10.6259,-13.4386,1.4446,72.9838,-1.1267,-0.0069,-0.3956,0.7949,-0.0069,0,0
1789855244.2509,10.0053,-12.1341,-1.1198,-0.0000,0.0000,0,0.0000,10.6259,-13.4386,1.4446,72.9838,-1.1267,-0.0069,-0.3956,0.7949,-0.0069,0,0
1789855244.3009,10.0053,-12.1341,-1.1198,0.0000,0.0000,0,0.0000,10.6259,-13.4386,1.4446,72.9838,-1.1267,-0.0069,-0.3956,0.7949,-0.0069,0,0
1789855244.3539,10.0053,-12.1341,-1.1198,0.0000,0.0000,0,0.0000,10.6259,-13.4386,1.4446,72.9838,-1.1267,-0.0069,-0.3956,0.7949,-0.0069,0,0
1789855244.4010,10.0053,-12.1341,-1.1198,0.0000,0.0000,0,0.0000,10.6259,-13.4386,1.4446,72.9838,-1.1267,-0.0069,-0.3956,0.7949,-0.0069,0,0
1789855244.4507,10.0053,-12.1341,-1.1198,0.0000,0.0000,0,0.0000,10.6259,-13.4386,1.4446,72.9838,-1.1267,-0.0069,-0.3956,0.7949,-0.0069,0,0
1789855244.5057,10.0053,-12.1341,-1.1198,0.0000,0.0000,0,0.0000,10.6259,-13.4386,1.4446,72.9838,-1.1267,-0.0069,-0.3956,0.7949,-0.0069,0,0
1789855244.5547,10.0053,-12.1341,-1.1198,-0.0000,0.0000,0,0.0000,10.6259,-13.4386,1.4446,72.9838,-1.1267,-0.0069,-0.3956,0.7949,-0.0069,0,0
1789855244.6065,10.0053,-12.1341,-1.1198,0.0000,0.0000,0,0.0000,10.6259,-13.4386,1.4446,72.9838,-1.1267,-0.0069,-0.3956,0.7949,-0.0069,0,0
1789855244.6507,10.0053,-12.1341,-1.1198,0.0000,0.0000,0,0.0000,10.6259,-13.4386,1.4446,72.9838,-1.1267,-0.0069,-0.3956,0.7949,-0.0069,0,0
1789855244.7050,10.0053,-12.1341,-1.1198,0.0000,0.0000,0,0.0000,10.6259,-13.4386,1.4446,72.9838,-1.1267,-0.0069,-0.3956,0.7949,-0.0069,0,0
1789855244.7509,10.0053,-12.1341,-1.1198,0.0000,0.0000,0,0.0000,10.6259,-13.4386,1.4446,72.9838,-1.1267,-0.0069,-0.3956,0.7949,-0.0069,0,0
1789855244.8009,10.0053,-12.1341,-1.1198,0.0000,0.0000,0,0.0000,10.6259,-13.4386,1.4446,72.9838,-1.1267,-0.0069,-0.3956,0.7949,-0.0069,0,0
1789855244.8508,10.0053,-12.1341,-1.1198,0.0000,0.0000,0,0.0000,10.6259,-13.4386,1.4446,72.9838,-1.1267,-0.0069,-0.3956,0.7949,-0.0069,0,0
1789855244.9007,10.0053,-12.1341,-1.1198,0.0000,0.0000,0,0.0000,10.6259,-13.4386,1.4446,72.9838,-1.1267,-0.0069,-0.3956,0.7949,-0.0069,0,0
1789855244.9538,10.0053,-12.1341,-1.1198,0.0000,0.0000,0,0.0000,10.6259,-13.4386,1.4446,72.9838,-1.1267,-0.0069,-0.3956,0.7949,-0.0069,0,0
1789855245.0013,10.0053,-12.1341,-1.1198,0.0000,0.0000,0,0.0000,10.6259,-13.4386,1.4446,72.9838,-1.1267,-0.0069,-0.3956,0.7949,-0.0069,0,0
1789855245.0539,10.0053,-12.1341,-1.1198,0.0000,0.0000,0,0.0000,10.6259,-13.4386,1.4446,72.9838,-1.1267,-0.0069,-0.3956,0.7949,-0.0069,0,0
1789855245.1006,10.0053,-12.1341,-1.1198,0.0000,0.0000,0,0.0000,10.6259,-13.4386,1.4446,72.9838,-1.1267,-0.0069,-0.3956,0.7949,-0.0069,0,0
1789855245.1506,10.0053,-12.1341,-1.1198,0.0000,0.0000,0,0.0000,10.6259,-13.4386,1.4446,72.9838,-1.1267,-0.0069,-0.3956,0.7949,-0.0069,0,0
1789855245.2011,10.0053,-12.1341,-1.1198,0.0000,0.0000,0,0.0000,10.6259,-13.4386,1.4446,72.9838,-1.1267,-0.0069,-0.3956,0.7949,-0.0069,0,0
1789855245.2519,10.0053,-12.1341,-1.1198,0.0000,0.0000,0,0.0000,10.6259,-13.4386,1.4446,72.9838,-1.1267,-0.0069,-0.3956,0.7949,-0.0069,0,0
1789855245.3020,10.0053,-12.1341,-1.1198,0.0000,0.0000,0,0.0000,10.6259,-13.4386,1.4446,72.9838,-1.1267,-0.0069,-0.3956,0.7949,-0.0069,0,0
1789855245.3509,10.0053,-12.1341,-1.1198,0.0000,0.0000,0,0.0000,10.6259,-13.4386,1.4446,72.9838,-1.1267,-0.0069,-0.3956,0.7949,-0.0069,0,0
1789855245.4006,10.0053,-12.1341,-1.1198,0.0000,0.0000,0,0.0000,10.6259,-13.4386,1.4446,72.9838,-1.1267,-0.0069,-0.3956,0.7949,-0.0069,0,0
1789855245.4532,10.0053,-12.1341,-1.1198,0.0000,0.0000,0,0.0000,10.6259,-13.4386,1.4446,72.9838,-1.1267,-0.0069,-0.3956,0.7949,-0.0069,0,0
1789855245.5019,10.0053,-12.1341,-1.1198,0.0000,0.0000,0,0.0000,10.6259,-13.4386,1.4446,72.9838,-1.1267,-0.0069,-0.3956,0.7949,-0.0069,0,0
1789855245.5510,10.0053,-12.1341,-1.1198,0.0000,0.0000,0,0.0000,10.6259,-13.4386,1.4446,72.9838,-1.1267,-0.0069,-0.3956,0.7949,-0.0069,0,0
1789855245.6008,10.0053,-12.1341,-1.1198,0.0000,0.0000,0,0.0000,10.6259,-13.4386,1.4446,72.9838,-1.1267,-0.0069,-0.3956,0.7949,-0.0069,0,0
1789855245.6507,10.0053,-12.1341,-1.1198,-0.0000,0.0000,0,0.0000,10.6259,-13.4386,1.4446,72.9838,-1.1267,-0.0069,-0.3956,0.7949,-0.0069,0,0
1789855245.7006,10.0053,-12.1341,-1.1198,0.0000,0.0000,0,0.0000,10.6259,-13.4386,1.4446,72.9838,-1.1267,-0.0069,-0.3956,0.7949,-0.0069,0,0
1789855245.7510,10.0053,-12.1341,-1.1198,0.0000,0.0000,0,0.0000,10.6259,-13.4386,1.4446,72.9838,-1.1267,-0.0069,-0.3956,0.7949,-0.0069,0,0
1789855245.8009,10.0053,-12.1341,-1.1198,0.0000,0.0000,0,0.0000,10.6259,-13.4386,1.4446,72.9838,-1.1267,-0.0069,-0.3956,0.7949,-0.0069,0,0
1789855245.8506,10.0053,-12.1341,-1.1198,0.0000,0.0000,0,0.0000,10.6259,-13.4386,1.4446,72.9838,-1.1267,-0.0069,-0.3956,0.7949,-0.0069,0,0
1789855245.9006,10.0053,-12.1341,-1.1198,0.0000,0.0000,0,0.0000,10.6259,-13.4386,1.4446,72.9838,-1.1267,-0.0069,-0.3956,0.7949,-0.0069,0,0
1789855245.9506,10.0053,-12.1341,-1.1198,0.0000,0.0000,0,0.0000,10.6259,-13.4386,1.4446,72.9838,-1.1267,-0.0069,-0.3956,0.7949,-0.0069,0,0
1789855246.0015,10.0053,-12.1341,-1.1198,0.0000,0.0000,0,0.0000,10.6259,-13.4386,1.4446,72.9838,-1.1267,-0.0069,-0.3956,0.7949,-0.0069,0,0
1789855246.0506,10.0053,-12.1341,-1.1198,0.0000,0.0000,0,0.0000,10.6259,-13.4386,1.4446,72.9838,-1.1267,-0.0069,-0.3956,0.7949,-0.0069,0,0
1789855246.1012,10.0053,-12.1341,-1.1198,0.0000,0.0000,0,0.0000,10.6259,-13.4386,1.4446,72.9838,-1.1267,-0.0069,-0.3956,0.7949,-0.0069,0,0
1789855246.1507,10.0053,-12.1341,-1.1198,0.0000,0.0000,0,0.0000,10.6259,-13.4386,1.4446,72.9838,-1.1267,-0.0069,-0.3956,0.7949,-0.0069,0,0
1789855246.2007,10.0053,-12.1341,-1.1198,0.0000,0.0000,0,0.0000,10.6259,-13.4386,1.4446,72.9838,-1.1267,-0.0069,-0.3956,0.7949,-0.0069,0,0
1789855246.2508,10.0053,-12.1341,-1.1198,0.0000,0.0000,0,0.0000,10.6259,-13.4386,1.4446,72.9838,-1.1267,-0.0069,-0.3956,0.7949,-0.0069,0,0
1789855246.3017,10.0053,-12.1341,-1.1198,0.0000,0.0000,0,0.0000,10.6259,-13.4386,1.4446,72.9838,-1.1267,-0.0069,-0.3956,0.7949,-0.0069,0,0
1789855246.3511,10.0053,-12.1341,-1.1198,0.0000,0.0000,0,0.0000,10.6259,-13.4386,1.4446,72.9838,-1.1267,-0.0069,-0.3956,0.7949,-0.0069,0,0
1789855246.4009,10.0053,-12.1341,-1.1198,0.0000,0.0000,0,0.0000,10.6259,-13.4386,1.4446,72.9838,-1.1267,-0.0069,-0.3956,0.7949,-0.0069,0,0
1789855246.4526,10.0053,-12.1341,-1.1198,0.0000,0.0000,0,0.0000,10.6259,-13.4386,1.4446,72.9838,-1.1267,-0.0069,-0.3956,0.7949,-0.0069,0,0
1789855246.5010,10.0053,-12.1341,-1.1198,0.0000,0.0000,0,0.0000,10.6259,-13.4386,1.4446,72.9838,-1.1267,-0.0069,-0.3956,0.7949,-0.0069,0,0
1789855246.5553,10.0053,-12.1341,-1.1198,0.0000,0.0000,0,0.0000,10.6259,-13.4386,1.4446,72.9838,-1.1267,-0.0069,-0.3956,0.7949,-0.0069,0,0
1789855246.6008,10.0053,-12.1341,-1.1198,0.0000,0.0000,0,0.0000,10.6259,-13.4386,1.4446,72.9838,-1.1267,-0.0069,-0.3956,0.7949,-0.0069,0,0
1789855246.6510,10.0053,-12.1341,-1.1198,0.0000,0.0000,0,0.0000,10.6259,-13.4386,1.4446,72.9838,-1.1267,-0.0069,-0.3956,0.7949,-0.0069,0,0
1789855246.7019,10.0053,-12.1341,-1.1198,0.0000,0.0000,0,0.0000,10.6259,-13.4386,1.4446,72.9838,-1.1267,-0.0069,-0.3956,0.7949,-0.0069,0,0
1789855246.7511,10.0053,-12.1341,-1.1198,0.0000,0.0000,0,0.0000,10.6259,-13.4386,1.4446,72.9838,-1.1267,-0.0069,-0.3956,0.7949,-0.0069,0,0
1789855246.8008,10.0053,-12.1341,-1.1198,0.0000,0.0000,0,0.0000,10.6259,-13.4386,1.4446,72.9838,-1.1267,-0.0069,-0.3956,0.7949,-0.0069,0,0
1789855246.8508,10.0053,-12.1341,-1.1198,0.0000,0.0000,0,0.0000,10.6259,-13.4386,1.4446,72.9838,-1.1267,-0.0069,-0.3956,0.7949,-0.0069,0,0
1789855246.9008,10.0053,-12.1341,-1.1198,0.0000,0.0000,0,0.0000,10.6259,-13.4386,1.4446,72.9838,-1.1267,-0.0069,-0.3956,0.7949,-0.0069,0,0
1789855246.9509,10.0053,-12.1341,-1.1198,0.0000,0.0000,0,0.0000,10.6259,-13.4386,1.4446,72.9838,-1.1267,-0.0069,-0.3956,0.7949,-0.0069,0,0
1789855247.0006,10.0053,-12.1341,-1.1198,0.0000,0.0000,0,0.0000,10.6259,-13.4386,1.4446,72.9838,-1.1267,-0.0069,-0.3956,0.7949,-0.0069,0,0
1789855247.0509,10.0053,-12.1341,-1.1198,0.0000,0.0000,0,0.0000,10.6259,-13.4386,1.4446,72.9838,-1.1267,-0.0069,-0.3956,0.7949,-0.0069,0,0
1789855247.1035,10.0053,-12.1341,-1.1198,0.0000,0.0000,0,0.0000,10.6259,-13.4386,1.4446,72.9838,-1.1267,-0.0069,-0.3956,0.7949,-0.0069,0,0
1789855247.1515,10.0053,-12.1341,-1.1198,0.0000,0.0000,0,0.0000,10.6259,-13.4386,1.4446,72.9838,-1.1267,-0.0069,-0.3956,0.7949,-0.0069,0,0
1789855247.2010,10.0053,-12.1341,-1.1198,0.0000,0.0000,0,0.0000,10.6259,-13.4386,1.4446,72.9838,-1.1267,-0.0069,-0.3956,0.7949,-0.0069,0,0
1789855247.2528,10.0053,-12.1341,-1.1198,0.0000,0.0000,0,0.0000,10.6259,-13.4386,1.4446,72.9838,-1.1267,-0.0069,-0.3956,0.7949,-0.0069,0,0
1789855247.3009,10.0053,-12.1341,-1.1198,0.0000,0.0000,0,0.0000,10.6259,-13.4386,1.4446,72.9838,-1.1267,-0.0069,-0.3956,0.7949,-0.0069,0,0
1789855247.3506,10.0053,-12.1341,-1.1198,0.0000,0.0000,0,0.0000,10.6259,-13.4386,1.4446,72.9838,-1.1267,-0.0069,-0.3956,0.7949,-0.0069,0,0
1789855247.4011,10.0053,-12.1341,-1.1198,0.0000,0.0000,0,0.0000,10.6259,-13.4386,1.4446,72.9838,-1.1267,-0.0069,-0.3956,0.7949,-0.0069,0,0
1789855247.4512,10.0053,-12.1341,-1.1198,0.0000,0.0000,0,0.0000,10.6259,-13.4386,1.4446,72.9838,-1.1267,-0.0069,-0.3956,0.7949,-0.0069,0,0
1789855247.5023,10.0053,-12.1341,-1.1198,0.0000,0.0000,0,0.0000,10.6259,-13.4386,1.4446,72.9838,-1.1267,-0.0069,-0.3956,0.7949,-0.0069,0,0
1789855247.5514,10.0053,-12.1341,-1.1198,0.0000,0.0000,0,0.0000,10.6259,-13.4386,1.4446,72.9838,-1.1267,-0.0069,-0.3956,0.7949,-0.0069,0,0
1789855247.6008,10.0053,-12.1341,-1.1198,0.0000,0.0000,0,0.0000,10.6259,-13.4386,1.4446,72.9838,-1.1267,-0.0069,-0.3956,0.7949,-0.0069,0,0
1789855247.6509,10.0053,-12.1341,-1.1198,0.0000,0.0000,0,0.0000,10.6259,-13.4386,1.4446,72.9838,-1.1267,-0.0069,-0.3956,0.7949,-0.0069,0,0
1789855247.7060,10.0053,-12.1341,-1.1198,0.0000,0.0000,0,0.0000,10.6259,-13.4386,1.4446,72.9838,-1.1267,-0.0069,-0.3956,0.7949,-0.0069,0,0
1789855247.7508,10.0053,-12.1341,-1.1198,0.0000,0.0000,0,0.0000,10.6259,-13.4386,1.4446,72.9838,-1.1267,-0.0069,-0.3956,0.7949,-0.0069,0,0
1789855247.8006,10.0053,-12.1341,-1.1198,0.0000,0.0000,0,0.0000,10.6259,-13.4386,1.4446,72.9838,-1.1267,-0.0069,-0.3956,0.7949,-0.0069,0,0
1789855247.8511,10.0053,-12.1341,-1.1198,0.0000,0.0000,0,0.0000,10.6259,-13.4386,1.4446,72.9838,-1.1267,-0.0069,-0.3956,0.7949,-0.0069,0,0
1789855247.9010,10.0053,-12.1341,-1.1198,0.0000,0.0000,0,0.0000,10.6259,-13.4386,1.4446,72.9838,-1.1267,-0.0069,-0.3956,0.7949,-0.0069,0,0
1789855247.9560,10.0053,-12.1341,-1.1198,0.0000,0.0000,0,0.0000,10.6259,-13.4386,1.4446,72.9838,-1.1267,-0.0069,-0.3956,0.7949,-0.0069,0,0
1789855248.0009,10.0053,-12.1341,-1.1198,0.0000,0.0000,0,0.0000,10.6259,-13.4386,1.4446,72.9838,-1.1267,-0.0069,-0.3956,0.7949,-0.0069,0,0
1789855248.0508,10.0053,-12.1341,-1.1198,0.0000,0.0000,0,0.0000,10.6259,-13.4386,1.4446,72.9838,-1.1267,-0.0069,-0.3956,0.7949,-0.0069,0,0
1789855248.1010,10.0053,-12.1341,-1.1198,0.0000,0.0000,0,0.0000,10.6259,-13.4386,1.4446,72.9838,-1.1267,-0.0069,-0.3956,0.7949,-0.0069,0,0
1789855248.1569,10.0053,-12.1341,-1.1198,0.0000,0.0000,0,0.0000,10.6259,-13.4386,1.4446,72.9838,-1.1267,-0.0069,-0.3956,0.7949,-0.0069,0,0
1789855248.2008,10.0053,-12.1341,-1.1198,0.0000,0.0000,0,0.0000,10.6259,-13.4386,1.4446,72.9838,-1.1267,-0.0069,-0.3956,0.7949,-0.0069,0,0
1789855248.2506,10.0053,-12.1341,-1.1198,0.0000,0.0000,0,0.0000,10.6259,-13.4386,1.4446,72.9838,-1.1267,-0.0069,-0.3956,0.7949,-0.0069,0,0
1789855248.3015,10.0053,-12.1341,-1.1198,0.0000,0.0000,0,0.0000,10.6259,-13.4386,1.4446,72.9838,-1.1267,-0.0069,-0.3956,0.7949,-0.0069,0,0
1789855248.3550,10.0053,-12.1341,-1.1198,0.0000,0.0000,0,0.0000,10.6259,-13.4386,1.4446,72.9838,-1.1267,-0.0069,-0.3956,0.7949,-0.0069,0,0
1789855248.4022,10.0053,-12.1341,-1.1198,0.0000,0.0000,0,0.0000,10.6259,-13.4386,1.4446,72.9838,-1.1267,-0.0069,-0.3956,0.7949,-0.0069,0,0
1789855248.4510,10.0053,-12.1341,-1.1198,0.0000,0.0000,0,0.0000,10.6259,-13.4386,1.4446,72.9838,-1.1267,-0.0069,-0.3956,0.7949,-0.0069,0,0
1789855248.5010,10.0053,-12.1341,-1.1198,0.0000,0.0000,0,0.0000,10.6259,-13.4386,1.4446,72.9838,-1.1267,-0.0069,-0.3956,0.7949,-0.0069,0,0
1789855248.5506,10.0053,-12.1341,-1.1198,0.0000,0.0000,0,0.0000,10.6259,-13.4386,1.4446,72.9838,-1.1267,-0.0069,-0.3956,0.7949,-0.0069,0,0
1789855248.6087,10.0053,-12.1341,-1.1198,0.0000,0.0000,0,0.0000,10.6259,-13.4386,1.4446,72.9838,-1.1267,-0.0069,-0.3956,0.7949,-0.0069,0,0
1789855248.6538,10.0053,-12.1341,-1.1198,0.0000,0.0000,0,0.0000,10.6259,-13.4386,1.4446,72.9838,-1.1267,-0.0069,-0.3956,0.7949,-0.0069,0,0
1789855248.7019,10.0053,-12.1341,-1.1198,0.0000,0.0000,0,0.0000,10.6259,-13.4386,1.4446,72.9838,-1.1267,-0.0069,-0.3956,0.7949,-0.0069,0,0
1789855248.7580,10.0053,-12.1341,-1.1198,0.0000,0.0000,0,0.0000,10.6259,-13.4386,1.4446,72.9838,-1.1267,-0.0069,-0.3956,0.7949,-0.0069,0,0
1789855248.8010,10.0053,-12.1341,-1.1198,0.0000,0.0000,0,0.0000,10.6259,-13.4386,1.4446,72.9838,-1.1267,-0.0069,-0.3956,0.7949,-0.0069,0,0
1789855248.8507,10.0053,-12.1341,-1.1198,0.0000,0.0000,0,0.0000,10.6259,-13.4386,1.4446,72.9838,-1.1267,-0.0069,-0.3956,0.7949,-0.0069,0,0
1789855248.9006,10.0053,-12.1341,-1.1198,0.0000,0.0000,0,0.0000,10.6259,-13.4386,1.4446,72.9838,-1.1267,-0.0069,-0.3956,0.7949,-0.0069,0,0
1789855248.9506,10.0053,-12.1341,-1.1198,0.0000,0.0000,0,0.0000,10.6259,-13.4386,1.4446,72.9838,-1.1267,-0.0069,-0.3956,0.7949,-0.0069,0,0
1789855249.0009,10.0053,-12.1341,-1.1198,0.0000,0.0000,0,0.0000,10.6259,-13.4386,1.4446,72.9838,-1.1267,-0.0069,-0.3956,0.7949,-0.0069,0,0
1789855249.0519,10.0053,-12.1341,-1.1198,0.0000,0.0000,0,0.0000,10.6259,-13.4386,1.4446,72.9838,-1.1267,-0.0069,-0.3956,0.7949,-0.0069,0,0
1789855249.1009,10.0053,-12.1341,-1.1198,0.0000,0.0000,0,0.0000,10.6259,-13.4386,1.4446,72.9838,-1.1267,-0.0069,-0.3956,0.7949,-0.0069,0,0
1789855249.1506,10.0053,-12.1341,-1.1198,0.0000,0.0000,0,0.0000,10.6259,-13.4386,1.4446,72.9838,-1.1267,-0.0069,-0.3956,0.7949,-0.0069,0,0
1789855249.2008,10.0053,-12.1341,-1.1198,0.0000,0.0000,0,0.0000,10.6259,-13.4386,1.4446,72.9838,-1.1267,-0.0069,-0.3956,0.7949,-0.0069,0,0
1789855249.2509,10.0053,-12.1341,-1.1198,0.0000,0.0000,0,0.0000,10.6259,-13.4386,1.4446,72.9838,-1.1267,-0.0069,-0.3956,0.7949,-0.0069,0,0
1789855249.3011,10.0053,-12.1341,-1.1198,0.0000,0.0000,0,0.0000,10.6259,-13.4386,1.4446,72.9838,-1.1267,-0.0069,-0.3956,0.7949,-0.0069,0,0
1789855249.3531,10.0053,-12.1341,-1.1198,0.0000,0.0000,0,0.0000,10.6259,-13.4386,1.4446,72.9838,-1.1267,-0.0069,-0.3956,0.7949,-0.0069,0,0
1789855249.4010,10.0053,-12.1341,-1.1198,0.0000,0.0000,0,0.0000,10.6259,-13.4386,1.4446,72.9838,-1.1267,-0.0069,-0.3956,0.7949,-0.0069,0,0
1789855249.4508,10.0053,-12.1341,-1.1198,0.0000,0.0000,0,0.0000,10.6259,-13.4386,1.4446,72.9838,-1.1267,-0.0069,-0.3956,0.7949,-0.0069,0,0
1789855249.5014,10.0053,-12.1341,-1.1198,0.0000,0.0000,0,0.0000,10.6259,-13.4386,1.4446,72.9838,-1.1267,-0.0069,-0.3956,0.7949,-0.0069,0,0
1789855249.5519,10.0053,-12.1341,-1.1198,0.0000,0.0000,0,0.0000,10.6259,-13.4386,1.4446,72.9838,-1.1267,-0.0069,-0.3956,0.7949,-0.0069,0,0
1789855249.6014,10.0053,-12.1341,-1.1198,0.0000,0.0000,0,0.0000,10.6259,-13.4386,1.4446,72.9838,-1.1267,-0.0069,-0.3956,0.7949,-0.0069,0,0
1789855249.6509,10.0053,-12.1341,-1.1198,0.0000,0.0000,0,0.0000,10.6259,-13.4386,1.4446,72.9838,-1.1267,-0.0069,-0.3956,0.7949,-0.0069,0,0
1789855249.7016,10.0053,-12.1341,-1.1198,0.0000,0.0000,0,0.0000,10.6259,-13.4386,1.4446,72.9838,-1.1267,-0.0069,-0.3956,0.7949,-0.0069,0,0
1789855249.7547,10.0053,-12.1341,-1.1198,0.0000,0.0000,0,0.0000,10.6259,-13.4386,1.4446,72.9838,-1.1267,-0.0069,-0.3956,0.7949,-0.0069,0,0
1789855249.8056,10.0053,-12.1341,-1.1198,0.0000,0.0000,0,0.0000,10.6259,-13.4386,1.4446,72.9838,-1.1267,-0.0069,-0.3956,0.7949,-0.0069,0,0
1789855249.8539,10.0053,-12.1341,-1.1198,0.0000,0.0000,0,0.0000,10.6259,-13.4386,1.4446,72.9838,-1.1267,-0.0069,-0.3956,0.7949,-0.0069,0,0
1789855249.9006,10.0053,-12.1341,-1.1198,0.0000,0.0000,0,0.0000,10.6259,-13.4386,1.4446,72.9838,-1.1267,-0.0069,-0.3956,0.7949,-0.0069,0,0
1789855249.9515,10.0053,-12.1341,-1.1198,0.0000,0.0000,0,0.0000,10.6259,-13.4386,1.4446,72.9838,-1.1267,-0.0069,-0.3956,0.7949,-0.0069,0,0
1789855250.0008,10.0053,-12.1341,-1.1198,0.0000,0.0000,0,0.0000,10.6259,-13.4386,1.4446,72.9838,-1.1267,-0.0069,-0.3956,0.7949,-0.0069,0,0
1789855250.0528,10.0053,-12.1341,-1.1198,0.0000,0.0000,0,0.0000,10.6259,-13.4386,1.4446,72.9838,-1.1267,-0.0069,-0.3956,0.7949,-0.0069,0,0
1789855250.1009,10.0053,-12.1341,-1.1198,0.0000,0.0000,0,0.0000,10.6259,-13.4386,1.4446,72.9838,-1.1267,-0.0069,-0.3956,0.7949,-0.0069,0,0
1789855250.1508,10.0053,-12.1341,-1.1198,0.0000,0.0000,0,0.0000,10.6259,-13.4386,1.4446,72.9838,-1.1267,-0.0069,-0.3956,0.7949,-0.0069,0,0
1789855250.2007,10.0053,-12.1341,-1.1198,0.0000,0.0000,0,0.0000,10.6259,-13.4386,1.4446,72.9838,-1.1267,-0.0069,-0.3956,0.7949,-0.0069,0,0
1789855250.2506,10.0053,-12.1341,-1.1198,0.0000,0.0000,0,0.0000,10.6259,-13.4386,1.4446,72.9838,-1.1267,-0.0069,-0.3956,0.7949,-0.0069,0,0
1789855250.3012,10.0053,-12.1341,-1.1198,0.0000,0.0000,0,0.0000,10.6259,-13.4386,1.4446,72.9838,-1.1267,-0.0069,-0.3956,0.7949,-0.0069,0,0
1789855250.3509,10.0053,-12.1341,-1.1198,0.0000,0.0000,0,0.0000,10.6259,-13.4386,1.4446,72.9838,-1.1267,-0.0069,-0.3956,0.7949,-0.0069,0,0
1789855250.4107,10.0053,-12.1341,-1.1198,0.0000,0.0000,0,0.0000,10.6259,-13.4386,1.4446,72.9838,-1.1267,-0.0069,-0.3956,0.7949,-0.0069,0,0
1789855250.4507,10.0053,-12.1341,-1.1198,0.0000,0.0000,0,0.0000,10.6259,-13.4386,1.4446,72.9838,-1.1267,-0.0069,-0.3956,0.7949,-0.0069,0,0
1789855250.5007,10.0053,-12.1341,-1.1198,0.0000,0.0000,0,0.0000,10.6259,-13.4386,1.4446,72.9838,-1.1267,-0.0069,-0.3956,0.7949,-0.0069,0,0
1789855250.5508,10.0053,-12.1341,-1.1198,0.0000,0.0000,0,0.0000,10.6259,-13.4386,1.4446,72.9838,-1.1267,-0.0069,-0.3956,0.7949,-0.0069,0,0
1789855250.6009,10.0053,-12.1341,-1.1198,0.0000,0.0000,0,0.0000,10.6259,-13.4386,1.4446,72.9838,-1.1267,-0.0069,-0.3956,0.7949,-0.0069,0,0
1789855250.6513,10.0053,-12.1341,-1.1198,0.0000,0.0000,0,0.0000,10.6259,-13.4386,1.4446,72.9838,-1.1267,-0.0069,-0.3956,0.7949,-0.0069,0,0
1789855250.7008,10.0053,-12.1341,-1.1198,0.0000,0.0000,0,0.0000,10.6259,-13.4386,1.4446,72.9838,-1.1267,-0.0069,-0.3956,0.7949,-0.0069,0,0
1789855250.7507,10.0053,-12.1341,-1.1198,0.0000,0.0000,0,0.0000,10.6259,-13.4386,1.4446,72.9838,-1.1267,-0.0069,-0.3956,0.7949,-0.0069,0,0
1789855250.8055,10.0053,-12.1341,-1.1198,0.0000,0.0000,0,0.0000,10.6259,-13.4386,1.4446,72.9838,-1.1267,-0.0069,-0.3956,0.7949,-0.0069,0,0
1789855250.8515,10.0053,-12.1341,-1.1198,0.0000,0.0000,0,0.0000,10.6259,-13.4386,1.4446,72.9838,-1.1267,-0.0069,-0.3956,0.7949,-0.0069,0,0
1789855250.9046,10.0053,-12.1341,-1.1198,0.0000,0.0000,0,0.0000,10.6259,-13.4386,1.4446,72.9838,-1.1267,-0.0069,-0.3956,0.7949,-0.0069,0,0
1789855250.9507,10.0053,-12.1341,-1.1198,0.0000,0.0000,0,0.0000,10.6259,-13.4386,1.4446,72.9838,-1.1267,-0.0069,-0.3956,0.7949,-0.0069,0,0
1789855251.0006,10.0053,-12.1341,-1.1198,0.0000,0.0000,0,0.0000,10.6259,-13.4386,1.4446,72.9838,-1.1267,-0.0069,-0.3956,0.7949,-0.0069,0,0
1789855251.0510,10.0053,-12.1341,-1.1198,0.0000,0.0000,0,0.0000,10.6259,-13.4386,1.4446,72.9838,-1.1267,-0.0069,-0.3956,0.7949,-0.0069,0,0
1789855251.1054,10.0053,-12.1341,-1.1198,0.0000,0.0000,0,0.0000,10.6259,-13.4386,1.4446,72.9838,-1.1267,-0.0069,-0.3956,0.7949,-0.0069,0,0
1789855251.1512,10.0053,-12.1341,-1.1198,0.0000,0.0000,0,0.0000,10.6259,-13.4386,1.4446,72.9838,-1.1267,-0.0069,-0.3956,0.7949,-0.0069,0,0
1789855251.2017,10.0053,-12.1341,-1.1198,0.0000,0.0000,0,0.0000,10.6259,-13.4386,1.4446,72.9838,-1.1267,-0.0069,-0.3956,0.7949,-0.0069,0,0
1789855251.2542,10.0053,-12.1341,-1.1198,0.0000,0.0000,0,0.0000,10.6259,-13.4386,1.4446,72.9838,-1.1267,-0.0069,-0.3956,0.7949,-0.0069,0,0
1789855251.3039,10.0053,-12.1341,-1.1198,0.0000,0.0000,0,0.0000,10.6259,-13.4386,1.4446,72.9838,-1.1267,-0.0069,-0.3956,0.7949,-0.0069,0,0
1789855251.3527,10.0053,-12.1341,-1.1198,0.0000,0.0000,0,0.0000,10.6259,-13.4386,1.4446,72.9838,-1.1267,-0.0069,-0.3956,0.7949,-0.0069,0,0
1789855251.4013,10.0053,-12.1341,-1.1198,0.0000,0.0000,0,0.0000,10.6259,-13.4386,1.4446,72.9838,-1.1267,-0.0069,-0.3956,0.7949,-0.0069,0,0
1789855251.4506,10.0053,-12.1341,-1.1198,0.0000,0.0000,0,0.0000,10.6259,-13.4386,1.4446,72.9838,-1.1267,-0.0069,-0.3956,0.7949,-0.0069,0,0
1789855251.5036,10.0053,-12.1341,-1.1198,0.0000,0.0000,0,0.0000,10.6259,-13.4386,1.4446,72.9838,-1.1267,-0.0069,-0.3956,0.7949,-0.0069,0,0
1789855251.5523,10.0053,-12.1341,-1.1198,0.0000,0.0000,0,0.0000,10.6259,-13.4386,1.4446,72.9838,-1.1267,-0.0069,-0.3956,0.7949,-0.0069,0,0
1789855251.6006,10.0053,-12.1341,-1.1198,0.0000,0.0000,0,0.0000,10.6259,-13.4386,1.4446,72.9838,-1.1267,-0.0069,-0.3956,0.7949,-0.0069,0,0
1789855251.6507,10.0053,-12.1341,-1.1198,0.0000,0.0000,0,0.0000,10.6259,-13.4386,1.4446,72.9838,-1.1267,-0.0069,-0.3956,0.7949,-0.0069,0,0
1789855251.7013,10.0053,-12.1341,-1.1198,0.0000,0.0000,0,0.0000,10.6259,-13.4386,1.4446,72.9838,-1.1267,-0.0069,-0.3956,0.7949,-0.0069,0,0
1789855251.7509,10.0053,-12.1341,-1.1198,0.0000,0.0000,0,0.0000,10.6259,-13.4386,1.4446,72.9838,-1.1267,-0.0069,-0.3956,0.7949,-0.0069,0,0
1789855251.8006,10.0053,-12.1341,-1.1198,0.0000,0.0000,0,0.0000,10.6259,-13.4386,1.4446,72.9838,-1.1267,-0.0069,-0.3956,0.7949,-0.0069,0,0
1789855251.8510,10.0053,-12.1341,-1.1198,0.0000,0.0000,0,0.0000,10.6259,-13.4386,1.4446,72.9838,-1.1267,-0.0069,-0.3956,0.7949,-0.0069,0,0
1789855251.9008,10.0053,-12.1341,-1.1198,0.0000,0.0000,0,0.0000,10.6259,-13.4386,1.4446,72.9838,-1.1267,-0.0069,-0.3956,0.7949,-0.0069,0,0
1789855251.9506,10.0053,-12.1341,-1.1198,0.0000,0.0000,0,0.0000,10.6259,-13.4386,1.4446,72.9838,-1.1267,-0.0069,-0.3956,0.7949,-0.0069,0,0
1789855252.0010,10.0053,-12.1341,-1.1198,0.0000,0.0000,0,0.0000,10.6259,-13.4386,1.4446,72.9838,-1.1267,-0.0069,-0.3956,0.7949,-0.0069,0,0
1789855252.0507,10.0053,-12.1341,-1.1198,0.0000,0.0000,0,0.0000,10.6259,-13.4386,1.4446,72.9838,-1.1267,-0.0069,-0.3956,0.7949,-0.0069,0,0
1789855252.1011,10.0053,-12.1341,-1.1198,0.0000,0.0000,0,0.0000,10.6259,-13.4386,1.4446,72.9838,-1.1267,-0.0069,-0.3956,0.7949,-0.0069,0,0
1789855252.1506,10.0053,-12.1341,-1.1198,0.0000,0.0000,0,0.0000,10.6259,-13.4386,1.4446,72.9838,-1.1267,-0.0069,-0.3956,0.7949,-0.0069,0,0
1789855252.2006,10.0053,-12.1341,-1.1198,0.0000,0.0000,0,0.0000,10.6259,-13.4386,1.4446,72.9838,-1.1267,-0.0069,-0.3956,0.7949,-0.0069,0,0
1789855252.2507,10.0053,-12.1341,-1.1198,0.0000,0.0000,0,0.0000,10.6259,-13.4386,1.4446,72.9838,-1.1267,-0.0069,-0.3956,0.7949,-0.0069,0,0
1789855252.3007,10.0053,-12.1341,-1.1198,0.0000,0.0000,0,0.0000,10.6259,-13.4386,1.4446,72.9838,-1.1267,-0.0069,-0.3956,0.7949,-0.0069,0,0
1789855252.3505,10.0053,-12.1341,-1.1198,0.0000,0.0000,0,0.0000,10.6259,-13.4386,1.4446,72.9838,-1.1267,-0.0069,-0.3956,0.7949,-0.0069,0,0
1789855252.4006,10.0053,-12.1341,-1.1198,0.0000,0.0000,0,0.0000,10.6259,-13.4386,1.4446,72.9838,-1.1267,-0.0069,-0.3956,0.7949,-0.0069,0,0
1789855252.4507,10.0053,-12.1341,-1.1198,0.0000,0.0000,0,0.0000,10.6259,-13.4386,1.4446,72.9838,-1.1267,-0.0069,-0.3956,0.7949,-0.0069,0,0
1789855252.5021,10.0053,-12.1341,-1.1198,0.0000,0.0000,0,0.0000,10.6259,-13.4386,1.4446,72.9838,-1.1267,-0.0069,-0.3956,0.7949,-0.0069,0,0
1789855252.5578,10.0053,-12.1341,-1.1198,0.0000,0.0000,0,0.0000,10.6259,-13.4386,1.4446,72.9838,-1.1267,-0.0069,-0.3956,0.7949,-0.0069,0,0
1789855252.6007,10.0053,-12.1341,-1.1198,0.0000,0.0000,0,0.0000,10.6259,-13.4386,1.4446,72.9838,-1.1267,-0.0069,-0.3956,0.7949,-0.0069,0,0
1789855252.6508,10.0053,-12.1341,-1.1198,0.0000,0.0000,0,0.0000,10.6259,-13.4386,1.4446,72.9838,-1.1267,-0.0069,-0.3956,0.7949,-0.0069,0,0
1789855252.7007,10.0053,-12.1341,-1.1198,0.0000,0.0000,0,0.0000,10.6259,-13.4386,1.4446,72.9838,-1.1267,-0.0069,-0.3956,0.7949,-0.0069,0,0
1789855252.7509,10.0053,-12.1341,-1.1198,0.0000,0.0000,0,0.0000,10.6259,-13.4386,1.4446,72.9838,-1.1267,-0.0069,-0.3956,0.7949,-0.0069,0,0
1789855252.8007,10.0053,-12.1341,-1.1198,0.0000,0.0000,0,0.0000,10.6259,-13.4386,1.4446,72.9838,-1.1267,-0.0069,-0.3956,0.7949,-0.0069,0,0
1789855252.8507,10.0053,-12.1341,-1.1198,0.0000,0.0000,0,0.0000,10.6259,-13.4386,1.4446,72.9838,-1.1267,-0.0069,-0.3956,0.7949,-0.0069,0,0
1789855252.9007,10.0053,-12.1341,-1.1198,0.0000,0.0000,0,0.0000,10.6259,-13.4386,1.4446,72.9838,-1.1267,-0.0069,-0.3956,0.7949,-0.0069,0,0
1789855252.9507,10.0053,-12.1341,-1.1198,0.0000,0.0000,0,0.0000,10.6259,-13.4386,1.4446,72.9838,-1.1267,-0.0069,-0.3956,0.7949,-0.0069,0,0
1789855253.0008,10.0053,-12.1341,-1.1198,0.0000,0.0000,0,0.0000,10.6259,-13.4386,1.4446,72.9838,-1.1267,-0.0069,-0.3956,0.7949,-0.0069,0,0
1789855253.0540,10.0053,-12.1341,-1.1198,0.0000,0.0000,0,0.0000,10.6259,-13.4386,1.4446,72.9838,-1.1267,-0.0069,-0.3956,0.7949,-0.0069,0,0
1789855253.1007,10.0053,-12.1341,-1.1198,0.0000,0.0000,0,0.0000,10.6259,-13.4386,1.4446,72.9838,-1.1267,-0.0069,-0.3956,0.7949,-0.0069,0,0
1789855253.1506,10.0053,-12.1341,-1.1198,0.0000,0.0000,0,0.0000,10.6259,-13.4386,1.4446,72.9838,-1.1267,-0.0069,-0.3956,0.7949,-0.0069,0,0
1789855253.2009,10.0053,-12.1341,-1.1198,0.0000,0.0000,0,0.0000,10.6259,-13.4386,1.4446,72.9838,-1.1267,-0.0069,-0.3956,0.7949,-0.0069,0,0
1789855253.2506,10.0053,-12.1341,-1.1198,0.0000,0.0000,0,0.0000,10.6259,-13.4386,1.4446,72.9838,-1.1267,-0.0069,-0.3956,0.7949,-0.0069,0,0
1789855253.3005,10.0053,-12.1341,-1.1198,0.0000,0.0000,0,0.0000,10.6259,-13.4386,1.4446,72.9838,-1.1267,-0.0069,-0.3956,0.7949,-0.0069,0,0
1789855253.3509,10.0053,-12.1341,-1.1198,0.0000,0.0000,0,0.0000,10.6259,-13.4386,1.4446,72.9838,-1.1267,-0.0069,-0.3956,0.7949,-0.0069,0,0
1789855253.4005,10.0053,-12.1341,-1.1198,0.0000,0.0000,0,0.0000,10.6259,-13.4386,1.4446,72.9838,-1.1267,-0.0069,-0.3956,0.7949,-0.0069,0,0
1789855253.4506,10.0053,-12.1341,-1.1198,0.0000,0.0000,0,0.0000,10.6259,-13.4386,1.4446,72.9838,-1.1267,-0.0069,-0.3956,0.7949,-0.0069,0,0
1789855253.5007,10.0053,-12.1341,-1.1198,0.0000,0.0000,0,0.0000,10.6259,-13.4386,1.4446,72.9838,-1.1267,-0.0069,-0.3956,0.7949,-0.0069,0,0
1789855253.5538,10.0053,-12.1341,-1.1198,0.0000,0.0000,0,0.0000,10.6259,-13.4386,1.4446,72.9838,-1.1267,-0.0069,-0.3956,0.7949,-0.0069,0,0
1789855253.6005,10.0053,-12.1341,-1.1198,0.0000,0.0000,0,0.0000,10.6259,-13.4386,1.4446,72.9838,-1.1267,-0.0069,-0.3956,0.7949,-0.0069,0,0
1789855253.6506,10.0053,-12.1341,-1.1198,0.0000,0.0000,0,0.0000,10.6259,-13.4386,1.4446,72.9838,-1.1267,-0.0069,-0.3956,0.7949,-0.0069,0,0
1789855253.7008,10.0053,-12.1341,-1.1198,0.0000,0.0000,0,0.0000,10.6259,-13.4386,1.4446,72.9838,-1.1267,-0.0069,-0.3956,0.7949,-0.0069,0,0
1789855253.7513,10.0053,-12.1341,-1.1198,0.0000,0.0000,0,0.0000,10.6259,-13.4386,1.4446,72.9838,-1.1267,-0.0069,-0.3956,0.7949,-0.0069,0,0
1789855253.8007,10.0053,-12.1341,-1.1198,0.0000,0.0000,0,0.0000,10.6259,-13.4386,1.4446,72.9838,-1.1267,-0.0069,-0.3956,0.7949,-0.0069,0,0
1789855253.8506,10.0053,-12.1341,-1.1198,0.0000,0.0000,0,0.0000,10.6259,-13.4386,1.4446,72.9838,-1.1267,-0.0069,-0.3956,0.7949,-0.0069,0,0
1789855253.9007,10.0053,-12.1341,-1.1198,0.0000,0.0000,0,0.0000,10.6259,-13.4386,1.4446,72.9838,-1.1267,-0.0069,-0.3956,0.7949,-0.0069,0,0
1789855253.9513,10.0053,-12.1341,-1.1198,0.0000,0.0000,0,0.0000,10.6259,-13.4386,1.4446,72.9838,-1.1267,-0.0069,-0.3956,0.7949,-0.0069,0,0
1789855254.0006,10.0053,-12.1341,-1.1198,0.0000,0.0000,0,0.0000,10.6259,-13.4386,1.4446,72.9838,-1.1267,-0.0069,-0.3956,0.7949,-0.0069,0,0
1789855254.0514,10.0053,-12.1341,-1.1198,0.0000,0.0000,0,0.0000,10.6259,-13.4386,1.4446,72.9838,-1.1267,-0.0069,-0.3956,0.7949,-0.0069,0,0
1789855254.1030,10.0053,-12.1341,-1.1198,0.0000,0.0000,0,0.0000,10.6259,-13.4386,1.4446,72.9838,-1.1267,-0.0069,-0.3956,0.7949,-0.0069,0,0
1789855254.1538,10.0053,-12.1341,-1.1198,0.0000,0.0000,0,0.0000,10.6259,-13.4386,1.4446,72.9838,-1.1267,-0.0069,-0.3956,0.7949,-0.0069,0,0
1789855254.2008,10.0053,-12.1341,-1.1198,0.0000,0.0000,0,0.0000,10.6259,-13.4386,1.4446,72.9838,-1.1267,-0.0069,-0.3956,0.7949,-0.0069,0,0
1789855254.2507,10.0053,-12.1341,-1.1198,0.0000,0.0000,0,0.0000,10.6259,-13.4386,1.4446,72.9838,-1.1267,-0.0069,-0.3956,0.7949,-0.0069,0,0
1789855254.3008,10.0053,-12.1341,-1.1198,0.0000,0.0000,0,0.0000,10.6259,-13.4386,1.4446,72.9838,-1.1267,-0.0069,-0.3956,0.7949,-0.0069,0,0
1789855254.3542,10.0053,-12.1341,-1.1198,0.0000,0.0000,0,0.0000,10.6259,-13.4386,1.4446,72.9838,-1.1267,-0.0069,-0.3956,0.7949,-0.0069,0,0
1789855254.4010,10.0053,-12.1341,-1.1198,0.0000,0.0000,0,0.0000,10.6259,-13.4386,1.4446,72.9838,-1.1267,-0.0069,-0.3956,0.7949,-0.0069,0,0
1789855254.4508,10.0053,-12.1341,-1.1198,0.0000,0.0000,0,0.0000,10.6259,-13.4386,1.4446,72.9838,-1.1267,-0.0069,-0.3956,0.7949,-0.0069,0,0
1789855254.5071,10.0053,-12.1341,-1.1198,0.0000,0.0000,0,0.0000,10.6259,-13.4386,1.4446,72.9838,-1.1267,-0.0069,-0.3956,0.7949,-0.0069,0,0
1789855254.5511,10.0053,-12.1341,-1.1198,0.0000,0.0000,0,0.0000,10.6259,-13.4386,1.4446,72.9838,-1.1267,-0.0069,-0.3956,0.7949,-0.0069,0,0
1789855254.6006,10.0053,-12.1341,-1.1198,0.0000,0.0000,0,0.0000,10.6259,-13.4386,1.4446,72.9838,-1.1267,-0.0069,-0.3956,0.7949,-0.0069,0,0
1789855254.6511,10.0053,-12.1341,-1.1198,0.0000,0.0000,0,0.0000,10.6259,-13.4386,1.4446,72.9838,-1.1267,-0.0069,-0.3956,0.7949,-0.0069,0,0
1789855254.7013,10.0053,-12.1341,-1.1198,0.0000,0.0000,0,0.0000,10.6259,-13.4386,1.4446,72.9838,-1.1267,-0.0069,-0.3956,0.7949,-0.0069,0,0
1789855254.7515,10.0053,-12.1341,-1.1198,0.0000,0.0000,0,0.0000,10.6259,-13.4386,1.4446,72.9838,-1.1267,-0.0069,-0.3956,0.7949,-0.0069,0,0
1789855254.8025,10.0053,-12.1341,-1.1198,0.0000,0.0000,0,0.0000,10.6259,-13.4386,1.4446,72.9838,-1.1267,-0.0069,-0.3956,0.7949,-0.0069,0,0
1789855254.8526,10.0053,-12.1341,-1.1198,0.0000,0.0000,0,0.0000,10.6259,-13.4386,1.4446,72.9838,-1.1267,-0.0069,-0.3956,0.7949,-0.0069,0,0
1789855254.9010,10.0053,-12.1341,-1.1198,0.0000,0.0000,0,0.0000,10.6259,-13.4386,1.4446,72.9838,-1.1267,-0.0069,-0.3956,0.7949,-0.0069,0,0
1789855254.9535,10.0053,-12.1341,-1.1198,0.0000,0.0000,0,0.0000,10.6259,-13.4386,1.4446,72.9838,-1.1267,-0.0069,-0.3956,0.7949,-0.0069,0,0
1789855255.0015,10.0053,-12.1341,-1.1198,0.0000,0.0000,0,0.0000,10.6259,-13.4386,1.4446,72.9838,-1.1267,-0.0069,-0.3956,0.7949,-0.0069,0,0
1789855255.0511,10.0053,-12.1341,-1.1198,0.0000,0.0000,0,0.0000,10.6259,-13.4386,1.4446,72.9838,-1.1267,-0.0069,-0.3956,0.7949,-0.0069,0,0
1789855255.1100,10.0053,-12.1341,-1.1198,0.0000,0.0000,0,0.0000,10.6259,-13.4386,1.4446,72.9838,-1.1267,-0.0069,-0.3956,0.7949,-0.0069,0,0
1789855255.1592,10.0053,-12.1341,-1.1198,0.0000,0.0000,0,0.0000,10.6259,-13.4386,1.4446,72.9838,-1.1267,-0.0069,-0.3956,0.7949,-0.0069,0,0
1789855255.2006,10.0053,-12.1341,-1.1198,0.0000,0.0000,0,0.0000,10.6259,-13.4386,1.4446,72.9838,-1.1267,-0.0069,-0.3956,0.7949,-0.0069,0,0
1789855255.2526,10.0053,-12.1341,-1.1198,0.0000,0.0000,0,0.0000,10.6259,-13.4386,1.4446,72.9838,-1.1267,-0.0069,-0.3956,0.7949,-0.0069,0,0
1789855255.3017,10.0053,-12.1341,-1.1198,0.0000,0.0000,0,0.0000,10.6259,-13.4386,1.4446,72.9838,-1.1267,-0.0069,-0.3956,0.7949,-0.0069,0,0
1789855255.3509,10.0053,-12.1341,-1.1198,0.0000,0.0000,0,0.0000,10.6259,-13.4386,1.4446,72.9838,-1.1267,-0.0069,-0.3956,0.7949,-0.0069,0,0
1789855255.4008,10.0053,-12.1341,-1.1198,0.0000,0.0000,0,0.0000,10.6259,-13.4386,1.4446,72.9838,-1.1267,-0.0069,-0.3956,0.7949,-0.0069,0,0
1789855255.4541,10.0053,-12.1341,-1.1198,0.0000,0.0000,0,0.0000,10.6259,-13.4386,1.4446,72.9838,-1.1267,-0.0069,-0.3956,0.7949,-0.0069,0,0
1789855255.5099,10.0053,-12.1341,-1.1198,0.0000,0.0000,0,0.0000,10.6259,-13.4386,1.4446,72.9838,-1.1267,-0.0069,-0.3956,0.7949,-0.0069,0,0
1789855255.5509,10.0053,-12.1341,-1.1198,0.0000,0.0000,0,0.0000,10.6259,-13.4386,1.4446,72.9838,-1.1267,-0.0069,-0.3956,0.7949,-0.0069,0,0
1789855255.6008,10.0053,-12.1341,-1.1198,0.0000,0.0000,0,0.0000,10.6259,-13.4386,1.4446,72.9838,-1.1267,-0.0069,-0.3956,0.7949,-0.0069,0,0
1789855255.6538,10.0053,-12.1341,-1.1198,0.0000,0.0000,0,0.0000,10.6259,-13.4386,1.4446,72.9838,-1.1267,-0.0069,-0.3956,0.7949,-0.0069,0,0
1789855255.7007,10.0053,-12.1341,-1.1198,0.0000,0.0000,0,0.0000,10.6259,-13.4386,1.4446,72.9838,-1.1267,-0.0069,-0.3956,0.7949,-0.0069,0,0
1789855255.7580,10.0053,-12.1341,-1.1198,0.0000,0.0000,0,0.0000,10.6259,-13.4386,1.4446,72.9838,-1.1267,-0.0069,-0.3956,0.7949,-0.0069,0,0
1789855255.8010,10.0053,-12.1341,-1.1198,0.0000,0.0000,0,0.0000,10.6259,-13.4386,1.4446,72.9838,-1.1267,-0.0069,-0.3956,0.7949,-0.0069,0,0
1789855255.8508,10.0053,-12.1341,-1.1198,0.0000,0.0000,0,0.0000,10.6259,-13.4386,1.4446,72.9838,-1.1267,-0.0069,-0.3956,0.7949,-0.0069,0,0
1789855255.9008,10.0053,-12.1341,-1.1198,0.0000,0.0000,0,0.0000,10.6259,-13.4386,1.4446,72.9838,-1.1267,-0.0069,-0.3956,0.7949,-0.0069,0,0
1789855255.9550,10.0053,-12.1341,-1.1198,0.0000,0.0000,0,0.0000,10.6259,-13.4386,1.4446,72.9838,-1.1267,-0.0069,-0.3956,0.7949,-0.0069,0,0
1789855256.0010,10.0053,-12.1341,-1.1198,0.0000,0.0000,0,0.0000,10.6259,-13.4386,1.4446,72.9838,-1.1267,-0.0069,-0.3956,0.7949,-0.0069,0,0
1789855256.0540,10.0053,-12.1341,-1.1198,0.0000,0.0000,0,0.0000,10.6259,-13.4386,1.4446,72.9838,-1.1267,-0.0069,-0.3956,0.7949,-0.0069,0,0
1789855256.1008,10.0053,-12.1341,-1.1198,0.0000,0.0000,0,0.0000,10.6259,-13.4386,1.4446,72.9838,-1.1267,-0.0069,-0.3956,0.7949,-0.0069,0,0
1789855256.1508,10.0053,-12.1341,-1.1198,0.0000,0.0000,0,0.0000,10.6259,-13.4386,1.4446,72.9838,-1.1267,-0.0069,-0.3956,0.7949,-0.0069,0,0
1789855256.2008,10.0053,-12.1341,-1.1198,0.0000,0.0000,0,0.0000,10.6259,-13.4386,1.4446,72.9838,-1.1267,-0.0069,-0.3956,0.7949,-0.0069,0,0
1789855256.2536,10.0053,-12.1341,-1.1198,0.0000,0.0000,0,0.0000,10.6259,-13.4386,1.4446,72.9838,-1.1267,-0.0069,-0.3956,0.7949,-0.0069,0,0
1789855256.3008,10.0053,-12.1341,-1.1198,0.0000,0.0000,0,0.0000,10.6259,-13.4386,1.4446,72.9838,-1.1267,-0.0069,-0.3956,0.7949,-0.0069,0,0
1789855256.3508,10.0053,-12.1341,-1.1198,0.0000,0.0000,0,0.0000,10.6259,-13.4386,1.4446,72.9838,-1.1267,-0.0069,-0.3956,0.7949,-0.0069,0,0
1789855256.4097,10.0053,-12.1341,-1.1198,0.0000,0.0000,0,0.0000,10.6259,-13.4386,1.4446,72.9838,-1.1267,-0.0069,-0.3956,0.7949,-0.0069,0,0
1789855256.4506,10.0053,-12.1341,-1.1198,0.0000,0.0000,0,0.0000,10.6259,-13.4386,1.4446,72.9838,-1.1267,-0.0069,-0.3956,0.7949,-0.0069,0,0
1789855256.5008,10.0053,-12.1341,-1.1198,0.0000,0.0000,0,0.0000,10.6259,-13.4386,1.4446,72.9838,-1.1267,-0.0069,-0.3956,0.7949,-0.0069,0,0
1789855256.5509,10.0053,-12.1341,-1.1198,0.0000,0.0000,0,0.0000,10.6259,-13.4386,1.4446,72.9838,-1.1267,-0.0069,-0.3956,0.7949,-0.0069,0,0
1789855256.6009,10.0053,-12.1341,-1.1198,0.0000,0.0000,0,0.0000,10.6259,-13.4386,1.4446,72.9838,-1.1267,-0.0069,-0.3956,0.7949,-0.0069,0,0
1789855256.6523,10.0053,-12.1341,-1.1198,0.0000,0.0000,0,0.0000,10.6259,-13.4386,1.4446,72.9838,-1.1267,-0.0069,-0.3956,0.7949,-0.0069,0,0
1789855256.7009,10.0053,-12.1341,-1.1198,0.0000,0.0000,0,0.0000,10.6259,-13.4386,1.4446,72.9838,-1.1267,-0.0069,-0.3956,0.7949,-0.0069,0,0
1789855256.7535,10.0053,-12.1341,-1.1198,0.0000,0.0000,0,0.0000,10.6259,-13.4386,1.4446,72.9838,-1.1267,-0.0069,-0.3956,0.7949,-0.0069,0,0
1789855256.8009,10.0053,-12.1341,-1.1198,0.0000,0.0000,0,0.0000,10.6259,-13.4386,1.4446,72.9838,-1.1267,-0.0069,-0.3956,0.7949,-0.0069,0,0
1789855256.8511,10.0053,-12.1341,-1.1198,0.0000,0.0000,0,0.0000,10.6259,-13.4386,1.4446,72.9838,-1.1267,-0.0069,-0.3956,0.7949,-0.0069,0,0
1789855256.9009,10.0053,-12.1341,-1.1198,0.0000,0.0000,0,0.0000,10.6259,-13.4386,1.4446,72.9838,-1.1267,-0.0069,-0.3956,0.7949,-0.0069,0,0
1789855256.9508,10.0053,-12.1341,-1.1198,0.0000,0.0000,0,0.0000,10.6259,-13.4386,1.4446,72.9838,-1.1267,-0.0069,-0.3956,0.7949,-0.0069,0,0
1789855257.0007,10.0053,-12.1341,-1.1198,0.0000,0.0000,0,0.0000,10.6259,-13.4386,1.4446,72.9838,-1.1267,-0.0069,-0.3956,0.7949,-0.0069,0,0
1789855257.0508,10.0053,-12.1341,-1.1198,0.0000,0.0000,0,0.0000,10.6259,-13.4386,1.4446,72.9838,-1.1267,-0.0069,-0.3956,0.7949,-0.0069,0,0
1789855257.1007,10.0053,-12.1341,-1.1198,0.0000,0.0000,0,0.0000,10.6259,-13.4386,1.4446,72.9838,-1.1267,-0.0069,-0.3956,0.7949,-0.0069,0,0
1789855257.1507,10.0053,-12.1341,-1.1198,0.0000,0.0000,0,0.0000,10.6259,-13.4386,1.4446,72.9838,-1.1267,-0.0069,-0.3956,0.7949,-0.0069,0,0
1789855257.2022,10.0053,-12.1341,-1.1198,0.0000,0.0000,0,0.0000,10.6259,-13.4386,1.4446,72.9838,-1.1267,-0.0069,-0.3956,0.7949,-0.0069,0,0
1789855257.2507,10.0053,-12.1341,-1.1198,0.0000,0.0000,0,0.0000,10.6259,-13.4386,1.4446,72.9838,-1.1267,-0.0069,-0.3956,0.7949,-0.0069,0,0
1789855257.3011,10.0053,-12.1341,-1.1198,0.0000,0.0000,0,0.0000,10.6259,-13.4386,1.4446,72.9838,-1.1267,-0.0069,-0.3956,0.7949,-0.0069,0,0
1789855257.3508,10.0053,-12.1341,-1.1198,0.0000,0.0000,0,0.0000,10.6259,-13.4386,1.4446,72.9838,-1.1267,-0.0069,-0.3956,0.7949,-0.0069,0,0
1789855257.4007,10.0053,-12.1341,-1.1198,0.0000,0.0000,0,0.0000,10.6259,-13.4386,1.4446,72.9838,-1.1267,-0.0069,-0.3956,0.7949,-0.0069,0,0
1789855257.4537,10.0053,-12.1341,-1.1198,0.0000,0.0000,0,0.0000,10.6259,-13.4386,1.4446,72.9838,-1.1267,-0.0069,-0.3956,0.7949,-0.0069,0,0
1789855257.5014,10.0053,-12.1341,-1.1198,0.0000,0.0000,0,0.0000,10.6259,-13.4386,1.4446,72.9838,-1.1267,-0.0069,-0.3956,0.7949,-0.0069,0,0
1789855257.5507,10.0053,-12.1341,-1.1198,0.0000,0.0000,0,0.0000,10.6259,-13.4386,1.4446,72.9838,-1.1267,-0.0069,-0.3956,0.7949,-0.0069,0,0
1789855257.6006,10.0053,-12.1341,-1.1198,0.0000,0.0000,0,0.0000,10.6259,-13.4386,1.4446,72.9838,-1.1267,-0.0069,-0.3956,0.7949,-0.0069,0,0
1789855257.6524,10.0053,-12.1341,-1.1198,0.0000,0.0000,0,0.0000,10.6259,-13.4386,1.4446,72.9838,-1.1267,-0.0069,-0.3956,0.7949,-0.0069,0,0
1789855257.7010,10.0053,-12.1341,-1.1198,0.0000,0.0000,0,0.0000,10.6259,-13.4386,1.4446,72.9838,-1.1267,-0.0069,-0.3956,0.7949,-0.0069,0,0
1789855257.7510,10.0053,-12.1341,-1.1198,0.0000,0.0000,0,0.0000,10.6259,-13.4386,1.4446,72.9838,-1.1267,-0.0069,-0.3956,0.7949,-0.0069,0,0
1789855257.8013,10.0053,-12.1341,-1.1198,0.0000,0.0000,0,0.0000,10.6259,-13.4386,1.4446,72.9838,-1.1267,-0.0069,-0.3956,0.7949,-0.0069,0,0
1789855257.8508,10.0053,-12.1341,-1.1198,0.0000,0.0000,0,0.0000,10.6259,-13.4386,1.4446,72.9838,-1.1267,-0.0069,-0.3956,0.7949,-0.0069,0,0
1789855257.9058,10.0053,-12.1341,-1.1198,0.0000,0.0000,0,0.0000,10.6259,-13.4386,1.4446,72.9838,-1.1267,-0.0069,-0.3956,0.7949,-0.0069,0,0
1789855257.9509,10.0053,-12.1341,-1.1198,0.0000,0.0000,0,0.0000,10.6259,-13.4386,1.4446,72.9838,-1.1267,-0.0069,-0.3956,0.7949,-0.0069,0,0
1789855258.0055,10.0053,-12.1341,-1.1198,0.0000,0.0000,0,0.0000,10.6259,-13.4386,1.4446,72.9838,-1.1267,-0.0069,-0.3956,0.7949,-0.0069,0,0
1789855258.0509,10.0053,-12.1341,-1.1198,0.0000,0.0000,0,0.0000,10.6259,-13.4386,1.4446,72.9838,-1.1267,-0.0069,-0.3956,0.7949,-0.0069,0,0
1789855258.1007,10.0053,-12.1341,-1.1198,0.0000,0.0000,0,0.0000,10.6259,-13.4386,1.4446,72.9838,-1.1267,-0.0069,-0.3956,0.7949,-0.0069,0,0
1789855258.1522,10.0053,-12.1341,-1.1198,0.0000,0.0000,0,0.0000,10.6259,-13.4386,1.4446,72.9838,-1.1267,-0.0069,-0.3956,0.7949,-0.0069,0,0
1789855258.2011,10.0053,-12.1341,-1.1198,0.0000,0.0000,0,0.0000,10.6259,-13.4386,1.4446,72.9838,-1.1267,-0.0069,-0.3956,0.7949,-0.0069,0,0
1789855258.2508,10.0053,-12.1341,-1.1198,0.0000,0.0000,0,0.0000,10.6259,-13.4386,1.4446,72.9838,-1.1267,-0.0069,-0.3956,0.7949,-0.0069,0,0
1789855258.3023,10.0053,-12.1341,-1.1198,0.0000,0.0000,0,0.0000,10.6259,-13.4386,1.4446,72.9838,-1.1267,-0.0069,-0.3956,0.7949,-0.0069,0,0
1789855258.3506,10.0053,-12.1341,-1.1198,0.0000,0.0000,0,0.0000,10.6259,-13.4386,1.4446,72.9838,-1.1267,-0.0069,-0.3956,0.7949,-0.0069,0,0
1789855258.4010,10.0053,-12.1341,-1.1198,0.0000,0.0000,0,0.0000,10.6259,-13.4386,1.4446,72.9838,-1.1267,-0.0069,-0.3956,0.7949,-0.0069,0,0
1789855258.4508,10.0053,-12.1341,-1.1198,0.0000,0.0000,0,0.0000,10.6259,-13.4386,1.4446,72.9838,-1.1267,-0.0069,-0.3956,0.7949,-0.0069,0,0
1789855258.5008,10.0053,-12.1341,-1.1198,0.0000,0.0000,0,0.0000,10.6259,-13.4386,1.4446,72.9838,-1.1267,-0.0069,-0.3956,0.7949,-0.0069,0,0
1789855258.5509,10.0053,-12.1341,-1.1198,0.0000,0.0000,0,0.0000,10.6259,-13.4386,1.4446,72.9838,-1.1267,-0.0069,-0.3956,0.7949,-0.0069,0,0
1789855258.6007,10.0053,-12.1341,-1.1198,0.0000,0.0000,0,0.0000,10.6259,-13.4386,1.4446,72.9838,-1.1267,-0.0069,-0.3956,0.7949,-0.0069,0,0
1789855258.6509,10.0053,-12.1341,-1.1198,0.0000,0.0000,0,0.0000,10.6259,-13.4386,1.4446,72.9838,-1.1267,-0.0069,-0.3956,0.7949,-0.0069,0,0
1789855258.7006,10.0053,-12.1341,-1.1198,0.0000,0.0000,0,0.0000,10.6259,-13.4386,1.4446,72.9838,-1.1267,-0.0069,-0.3956,0.7949,-0.0069,0,0
1789855258.7577,10.0053,-12.1341,-1.1198,0.0000,0.0000,0,0.0000,10.6259,-13.4386,1.4446,72.9838,-1.1267,-0.0069,-0.3956,0.7949,-0.0069,0,0
1789855258.8043,10.0053,-12.1341,-1.1198,0.0000,0.0000,0,0.0000,10.6259,-13.4386,1.4446,72.9838,-1.1267,-0.0069,-0.3956,0.7949,-0.0069,0,0
1789855258.8507,10.0053,-12.1341,-1.1198,0.0000,0.0000,0,0.0000,10.6259,-13.4386,1.4446,72.9838,-1.1267,-0.0069,-0.3956,0.7949,-0.0069,0,0
1789855258.9007,10.0053,-12.1341,-1.1198,0.0000,0.0000,0,0.0000,10.6259,-13.4386,1.4446,72.9838,-1.1267,-0.0069,-0.3956,0.7949,-0.0069,0,0
1789855258.9525,10.0053,-12.1341,-1.1198,0.0000,0.0000,0,0.0000,10.6259,-13.4386,1.4446,72.9838,-1.1267,-0.0069,-0.3956,0.7949,-0.0069,0,0
1789855259.0008,10.0053,-12.1341,-1.1198,0.0000,0.0000,0,0.0000,10.6259,-13.4386,1.4446,72.9838,-1.1267,-0.0069,-0.3956,0.7949,-0.0069,0,0
1789855259.0507,10.0053,-12.1341,-1.1198,0.0000,0.0000,0,0.0000,10.6259,-13.4386,1.4446,72.9838,-1.1267,-0.0069,-0.3956,0.7949,-0.0069,0,0
1789855259.1007,10.0053,-12.1341,-1.1198,0.0000,0.0000,0,0.0000,10.6259,-13.4386,1.4446,72.9838,-1.1267,-0.0069,-0.3956,0.7949,-0.0069,0,0
1789855259.1507,10.0053,-12.1341,-1.1198,0.0000,0.0000,0,0.0000,10.6259,-13.4386,1.4446,72.9838,-1.1267,-0.0069,-0.3956,0.7949,-0.0069,0,0
1789855259.2032,10.0053,-12.1341,-1.1198,0.0000,0.0000,0,0.0000,10.6259,-13.4386,1.4446,72.9838,-1.1267,-0.0069,-0.3956,0.7949,-0.0069,0,0
1789855259.2512,10.0053,-12.1341,-1.1198,0.0000,0.0000,0,0.0000,10.6259,-13.4386,1.4446,72.9838,-1.1267,-0.0069,-0.3956,0.7949,-0.0069,0,0
1789855259.3011,10.0053,-12.1341,-1.1198,0.0000,0.0000,0,0.0000,10.6259,-13.4386,1.4446,72.9838,-1.1267,-0.0069,-0.3956,0.7949,-0.0069,0,0
1789855259.3512,10.0053,-12.1341,-1.1198,0.0000,0.0000,0,0.0000,10.6259,-13.4386,1.4446,72.9838,-1.1267,-0.0069,-0.3956,0.7949,-0.0069,0,0
1789855259.4007,10.0053,-12.1341,-1.1198,0.0000,0.0000,0,0.0000,10.6259,-13.4386,1.4446,72.9838,-1.1267,-0.0069,-0.3956,0.7949,-0.0069,0,0
1789855259.4508,10.0053,-12.1341,-1.1198,0.0000,0.0000,0,0.0000,10.6259,-13.4386,1.4446,72.9838,-1.1267,-0.0069,-0.3956,0.7949,-0.0069,0,0
1789855259.5038,10.0053,-12.1341,-1.1198,0.0000,0.0000,0,0.0000,10.6259,-13.4386,1.4446,72.9838,-1.1267,-0.0069,-0.3956,0.7949,-0.0069,0,0
1789855259.5509,10.0053,-12.1341,-1.1198,0.0000,0.0000,0,0.0000,10.6259,-13.4386,1.4446,72.9838,-1.1267,-0.0069,-0.3956,0.7949,-0.0069,0,0
1789855259.6008,10.0053,-12.1341,-1.1198,0.0000,0.0000,0,0.0000,10.6259,-13.4386,1.4446,72.9838,-1.1267,-0.0069,-0.3956,0.7949,-0.0069,0,0
1789855259.6513,10.0053,-12.1341,-1.1198,0.0000,0.0000,0,0.0000,10.6259,-13.4386,1.4446,72.9838,-1.1267,-0.0069,-0.3956,0.7949,-0.0069,0,0
1789855259.7010,10.0053,-12.1341,-1.1198,0.0000,0.0000,0,0.0000,10.6259,-13.4386,1.4446,72.9838,-1.1267,-0.0069,-0.3956,0.7949,-0.0069,0,0
1789855259.7508,10.0053,-12.1341,-1.1198,0.0000,0.0000,0,0.0000,10.6259,-13.4386,1.4446,72.9838,-1.1267,-0.0069,-0.3956,0.7949,-0.0069,0,0
1789855259.8010,10.0053,-12.1341,-1.1198,0.0000,0.0000,0,0.0000,10.6259,-13.4386,1.4446,72.9838,-1.1267,-0.0069,-0.3956,0.7949,-0.0069,0,0
1789855259.8507,10.0053,-12.1341,-1.1198,0.0000,0.0000,0,0.0000,10.6259,-13.4386,1.4446,72.9838,-1.1267,-0.0069,-0.3956,0.7949,-0.0069,0,0
1789855262.4194,10.0053,-12.1341,-1.1198,0.0000,0.0000,0,0.0000,10.6259,-13.4386,1.4446,72.9838,-1.1267,-0.0069,-0.3956,0.7949,-0.0069,0,0
1789855262.4712,10.0053,-12.1341,-1.1198,0.0000,0.0000,0,0.0000,10.6259,-13.4386,1.4446,72.9838,-1.1267,-0.0069,-0.3956,0.7949,-0.0069,0,0
1789855262.5192,10.0053,-12.1341,-1.1198,0.0000,0.0000,0,0.0000,10.6259,-13.4386,1.4446,72.9838,-1.1267,-0.0069,-0.3956,0.7949,-0.0069,0,0
1789855262.5692,10.0053,-12.1341,-1.1198,0.0000,0.0000,0,0.0000,10.6259,-13.4386,1.4446,72.9838,-1.1267,-0.0069,-0.3956,0.7949,-0.0069,0,0
1789855262.6204,10.0053,-12.1341,-1.1198,0.0000,0.0000,0,0.0000,10.6259,-13.4386,1.4446,72.9838,-1.1267,-0.0069,-0.3956,0.7949,-0.0069,0,0
1789855262.6697,10.0053,-12.1341,-1.1198,0.0000,0.0000,0,0.0000,10.6259,-13.4386,1.4446,72.9838,-1.1267,-0.0069,-0.3956,0.7949,-0.0069,0,0
1789855262.7192,10.0053,-12.1341,-1.1198,0.0000,0.0000,0,0.0000,10.6259,-13.4386,1.4446,72.9838,-1.1267,-0.0069,-0.3956,0.7949,-0.0069,0,0
1789855262.7752,10.0053,-12.1341,-1.1198,0.0000,0.0000,0,0.0000,10.6259,-13.4386,1.4446,72.9838,-1.1267,-0.0069,-0.3956,0.7949,-0.0069,0,0
1789855262.8192,10.0053,-12.1341,-1.1198,0.0000,0.0000,0,0.0000,10.6259,-13.4386,1.4446,72.9838,-1.1267,-0.0069,-0.3956,0.7949,-0.0069,0,0
1789855262.8721,10.0053,-12.1341,-1.1198,0.0000,0.0000,0,0.0000,10.6259,-13.4386,1.4446,72.9838,-1.1267,-0.0069,-0.3956,0.7949,-0.0069,0,0
1789855262.9191,10.0053,-12.1341,-1.1198,0.0000,0.0000,0,0.0000,10.6259,-13.4386,1.4446,72.9838,-1.1267,-0.0069,-0.3956,0.7949,-0.0069,0,0
1789855262.9690,10.0053,-12.1341,-1.1198,0.0000,0.0000,0,0.0000,10.6259,-13.4386,1.4446,72.9838,-1.1267,-0.0069,-0.3956,0.7949,-0.0069,0,0
1789855263.0195,10.0053,-12.1341,-1.1198,0.0000,0.0000,0,0.0000,10.6259,-13.4386,1.4446,72.9838,-1.1267,-0.0069,-0.3956,0.7949,-0.0069,0,0
1789855263.0694,10.0053,-12.1341,-1.1198,0.0000,0.0000,0,0.0000,10.6259,-13.4386,1.4446,72.9838,-1.1267,-0.0069,-0.3956,0.7949,-0.0069,0,0
1789855263.1191,10.0053,-12.1341,-1.1198,0.0000,0.0000,0,0.0000,10.6259,-13.4386,1.4446,72.9838,-1.1267,-0.0069,-0.3956,0.7949,-0.0069,0,0
1789855263.1725,10.0053,-12.1341,-1.1198,0.0000,0.0000,0,0.0000,10.6259,-13.4386,1.4446,72.9838,-1.1267,-0.0069,-0.3956,0.7949,-0.0069,0,0
1789855263.2196,10.0053,-12.1341,-1.1198,0.0000,0.0000,0,0.0000,10.6259,-13.4386,1.4446,72.9838,-1.1267,-0.0069,-0.3956,0.7949,-0.0069,0,0
1789855263.2694,10.0053,-12.1341,-1.1198,0.0000,0.0000,0,0.0000,10.6259,-13.4386,1.4446,72.9838,-1.1267,-0.0069,-0.3956,0.7949,-0.0069,0,0
1789855263.3194,10.0053,-12.1341,-1.1198,0.0000,0.0000,0,0.0000,10.6259,-13.4386,1.4446,72.9838,-1.1267,-0.0069,-0.3956,0.7949,-0.0069,0,0
1789855263.3695,10.0053,-12.1341,-1.1198,0.0000,0.0000,0,0.0000,10.6259,-13.4386,1.4446,72.9838,-1.1267,-0.0069,-0.3956,0.7949,-0.0069,0,0
1789855263.4201,10.0053,-12.1341,-1.1198,0.0000,0.0000,0,0.0000,10.6259,-13.4386,1.4446,72.9838,-1.1267,-0.0069,-0.3956,0.7949,-0.0069,0,0
1789855263.4694,10.0053,-12.1341,-1.1198,0.0000,0.0000,0,0.0000,10.6259,-13.4386,1.4446,72.9838,-1.1267,-0.0069,-0.3956,0.7949,-0.0069,0,0
1789855263.5243,10.0053,-12.1341,-1.1198,0.0000,0.0000,0,0.0000,10.6259,-13.4386,1.4446,72.9838,-1.1267,-0.0069,-0.3956,0.7949,-0.0069,0,0
1789855263.5692,10.0053,-12.1341,-1.1198,0.0000,0.0000,0,0.0000,10.6259,-13.4386,1.4446,72.9838,-1.1267,-0.0069,-0.3956,0.7949,-0.0069,0,0
1789855263.6192,10.0053,-12.1341,-1.1198,0.0000,0.0000,0,0.0000,10.6259,-13.4386,1.4446,72.9838,-1.1267,-0.0069,-0.3956,0.7949,-0.0069,0,0
1789855263.6694,10.0053,-12.1341,-1.1198,0.0000,0.0000,0,0.0000,10.6259,-13.4386,1.4446,72.9838,-1.1267,-0.0069,-0.3956,0.7949,-0.0069,0,0
1789855263.7193,10.0053,-12.1341,-1.1198,0.0000,0.0000,0,0.0000,10.6259,-13.4386,1.4446,72.9838,-1.1267,-0.0069,-0.3956,0.7949,-0.0069,0,0
1789855263.7704,10.0053,-12.1341,-1.1198,0.0000,0.0000,0,0.0000,10.6259,-13.4386,1.4446,72.9838,-1.1267,-0.0069,-0.3956,0.7949,-0.0069,0,0
1789855263.8190,10.0053,-12.1341,-1.1198,0.0000,0.0000,0,0.0000,10.6259,-13.4386,1.4446,72.9838,-1.1267,-0.0069,-0.3956,0.7949,-0.0069,0,0
1789855263.8700,10.0053,-12.1341,-1.1198,0.0000,0.0000,0,0.0000,10.6259,-13.4386,1.4446,72.9838,-1.1267,-0.0069,-0.3956,0.7949,-0.0069,0,0
1789855263.9227,10.0053,-12.1341,-1.1198,0.0000,0.0000,0,0.0000,10.6259,-13.4386,1.4446,72.9838,-1.1267,-0.0069,-0.3956,0.7949,-0.0069,0,0
1789855263.9691,10.0053,-12.1341,-1.1198,0.0000,0.0000,0,0.0000,10.6259,-13.4386,1.4446,72.9838,-1.1267,-0.0069,-0.3956,0.7949,-0.0069,0,0
1789855264.0194,10.0053,-12.1341,-1.1198,0.0000,0.0000,0,0.0000,10.6259,-13.4386,1.4446,72.9838,-1.1267,-0.0069,-0.3956,0.7949,-0.0069,0,0
1789855264.0692,10.0053,-12.1341,-1.1198,0.0000,0.0000,0,0.0000,10.6259,-13.4386,1.4446,72.9838,-1.1267,-0.0069,-0.3956,0.7949,-0.0069,0,0
1789855264.1193,10.0053,-12.1341,-1.1198,0.0000,0.0000,0,0.0000,10.6259,-13.4386,1.4446,72.9838,-1.1267,-0.0069,-0.3956,0.7949,-0.0069,0,0
1789855264.1696,10.0053,-12.1341,-1.1198,0.0000,0.0000,0,0.0000,10.6259,-13.4386,1.4446,72.9838,-1.1267,-0.0069,-0.3956,0.7949,-0.0069,0,0
1789855264.2240,10.0053,-12.1341,-1.1198,0.0000,0.0000,0,0.0000,10.6259,-13.4386,1.4446,72.9838,-1.1267,-0.0069,-0.3956,0.7949,-0.0069,0,0
1789855264.2693,10.0053,-12.1341,-1.1198,0.0000,0.0000,0,0.0000,10.6259,-13.4386,1.4446,72.9838,-1.1267,-0.0069,-0.3956,0.7949,-0.0069,0,0
1789855264.3191,10.0053,-12.1341,-1.1198,0.0000,0.0000,0,0.0000,10.6259,-13.4386,1.4446,72.9838,-1.1267,-0.0069,-0.3956,0.7949,-0.0069,0,0
1789855264.3704,10.0053,-12.1341,-1.1198,0.0000,0.0000,0,0.0000,10.6259,-13.4386,1.4446,72.9838,-1.1267,-0.0069,-0.3956,0.7949,-0.0069,0,0
1789855264.4192,10.0053,-12.1341,-1.1198,0.0000,0.0000,0,0.0000,10.6259,-13.4386,1.4446,72.9838,-1.1267,-0.0069,-0.3956,0.7949,-0.0069,0,0
1789855264.4728,10.0053,-12.1341,-1.1198,0.0000,0.0000,0,0.0000,10.6259,-13.4386,1.4446,72.9838,-1.1267,-0.0069,-0.3956,0.7949,-0.0069,0,0
1789855264.5196,10.0053,-12.1341,-1.1198,0.0000,0.0000,0,0.0000,10.6259,-13.4386,1.4446,72.9838,-1.1267,-0.0069,-0.3956,0.7949,-0.0069,0,0
1789855264.5695,10.0053,-12.1341,-1.1198,0.0000,0.0000,0,0.0000,10.6259,-13.4386,1.4446,72.9838,-1.1267,-0.0069,-0.3956,0.7949,-0.0069,0,0
1789855264.6207,10.0053,-12.1341,-1.1198,0.0000,0.0000,0,0.0000,10.6259,-13.4386,1.4446,72.9838,-1.1267,-0.0069,-0.3956,0.7949,-0.0069,0,0
1789855264.6723,10.0053,-12.1341,-1.1198,0.0000,0.0000,0,0.0000,10.6259,-13.4386,1.4446,72.9838,-1.1267,-0.0069,-0.3956,0.7949,-0.0069,0,0
1789855264.7194,10.0053,-12.1341,-1.1198,0.0000,0.0000,0,0.0000,10.6259,-13.4386,1.4446,72.9838,-1.1267,-0.0069,-0.3956,0.7949,-0.0069,0,0
1789855264.7731,10.0053,-12.1341,-1.1198,0.0000,0.0000,0,0.0000,10.6259,-13.4386,1.4446,72.9838,-1.1267,-0.0069,-0.3956,0.7949,-0.0069,0,0
1789855264.8194,10.0053,-12.1341,-1.1198,0.0000,0.0000,0,0.0000,10.6259,-13.4386,1.4446,72.9838,-1.1267,-0.0069,-0.3956,0.7949,-0.0069,0,0
1789855264.8693,10.0053,-12.1341,-1.1198,0.0000,0.0000,0,0.0000,10.6259,-13.4386,1.4446,72.9838,-1.1267,-0.0069,-0.3956,0.7949,-0.0069,0,0
1789855264.9195,10.0053,-12.1341,-1.1198,0.0000,0.0000,0,0.0000,10.6259,-13.4386,1.4446,72.9838,-1.1267,-0.0069,-0.3956,0.7949,-0.0069,0,0
1789855264.9693,10.0053,-12.1341,-1.1198,0.0000,0.0000,0,0.0000,10.6259,-13.4386,1.4446,72.9838,-1.1267,-0.0069,-0.3956,0.7949,-0.0069,0,0
1789855265.0219,10.0053,-12.1341,-1.1198,0.0000,0.0000,0,0.0000,10.6259,-13.4386,1.4446,72.9838,-1.1267,-0.0069,-0.3956,0.7949,-0.0069,0,0
1789855265.0691,10.0053,-12.1341,-1.1198,0.0000,0.0000,0,0.0000,10.6259,-13.4386,1.4446,72.9838,-1.1267,-0.0069,-0.3956,0.7949,-0.0069,0,0
1789855265.1193,10.0053,-12.1341,-1.1198,0.0000,0.0000,0,0.0000,10.6259,-13.4386,1.4446,72.9838,-1.1267,-0.0069,-0.3956,0.7949,-0.0069,0,0
1789855265.1693,10.0053,-12.1341,-1.1198,0.0000,0.0000,0,0.0000,10.6259,-13.4386,1.4446,72.9838,-1.1267,-0.0069,-0.3956,0.7949,-0.0069,0,0
1789855265.2212,10.0053,-12.1341,-1.1198,0.0000,0.0000,0,0.0000,10.6259,-13.4386,1.4446,72.9838,-1.1267,-0.0069,-0.3956,0.7949,-0.0069,0,0
1789855265.2692,10.0053,-12.1341,-1.1198,0.0000,0.0000,0,0.0000,10.6259,-13.4386,1.4446,72.9838,-1.1267,-0.0069,-0.3956,0.7949,-0.0069,0,0
1789855265.3192,10.0053,-12.1341,-1.1198,0.0000,0.0000,0,0.0000,10.6259,-13.4386,1.4446,72.9838,-1.1267,-0.0069,-0.3956,0.7949,-0.0069,0,0
1789855265.3765,10.0053,-12.1341,-1.1198,0.0000,0.0000,0,0.0000,10.6259,-13.4386,1.4446,72.9838,-1.1267,-0.0069,-0.3956,0.7949,-0.0069,0,0
1789855265.4195,10.0053,-12.1341,-1.1198,0.0000,0.0000,0,0.0000,10.6259,-13.4386,1.4446,72.9838,-1.1267,-0.0069,-0.3956,0.7949,-0.0069,0,0
1789855265.4693,10.0053,-12.1341,-1.1198,0.0000,0.0000,0,0.0000,10.6259,-13.4386,1.4446,72.9838,-1.1267,-0.0069,-0.3956,0.7949,-0.0069,0,0
1789855265.5191,10.0053,-12.1341,-1.1198,0.0000,0.0000,0,0.0000,10.6259,-13.4386,1.4446,72.9838,-1.1267,-0.0069,-0.3956,0.7949,-0.0069,0,0
1789855265.5695,10.0053,-12.1341,-1.1198,0.0000,0.0000,0,0.0000,10.6259,-13.4386,1.4446,72.9838,-1.1267,-0.0069,-0.3956,0.7949,-0.0069,0,0
1789855265.6202,10.0053,-12.1341,-1.1198,0.0000,0.0000,0,0.0000,10.6259,-13.4386,1.4446,72.9838,-1.1267,-0.0069,-0.3956,0.7949,-0.0069,0,0
1789855265.6697,10.0053,-12.1341,-1.1198,0.0000,0.0000,0,0.0000,10.6259,-13.4386,1.4446,72.9838,-1.1267,-0.0069,-0.3956,0.7949,-0.0069,0,0
1789855265.7195,10.0053,-12.1341,-1.1198,0.0000,0.0000,0,0.0000,10.6259,-13.4386,1.4446,72.9838,-1.1267,-0.0069,-0.3956,0.7949,-0.0069,0,0
1789855265.7698,10.0060,-12.1363,-1.1211,0.0559,-0.0325,6,-0.0002,10.6259,-13.4386,1.4423,72.9816,-1.1265,-0.0054,-0.3083,0.7960,-0.0054,0,0
1789855265.8194,10.0083,-12.1421,-1.1229,0.1566,-0.0438,6,-0.0005,10.6259,-13.4386,1.4361,72.9754,-1.1262,-0.0033,-0.1919,0.7975,-0.0033,0,0
1789855265.8691,10.0126,-12.1514,-1.1239,0.2560,-0.0242,6,-0.0007,10.6259,-13.4386,1.4258,72.9651,-1.1261,-0.0023,-0.1291,0.7983,-0.0023,0,0
1789855265.9195,10.0224,-12.1720,-1.1240,0.4033,-0.0017,7,-0.0005,10.6259,-13.4386,1.4031,72.9424,-1.1261,-0.0021,-0.1211,0.7984,-0.0021,0,0
1789855265.9693,10.0260,-12.1795,-1.1240,0.4202,-0.0017,7,-0.0005,10.6259,-13.4386,1.3947,72.9340,-1.1262,-0.0021,-0.1219,0.7984,-0.0021,0,0
1789855266.0221,10.0343,-12.1968,-1.1240,0.4786,0.0000,7,-0.0004,10.6259,-13.4386,1.3755,72.9149,-1.1262,-0.0022,-0.1236,0.7984,-0.0022,0,0
1789855266.0695,10.0498,-12.2292,-1.1239,0.6232,0.0029,8,-0.0002,10.8040,-13.8130,1.7542,72.8790,-1.1264,-0.0025,-0.1428,0.7981,-0.0025,0,0
1789855266.1194,10.0624,-12.2552,-1.1235,0.7238,0.0100,8,-0.0000,10.8040,-13.8130,1.7253,72.8500,-1.1265,-0.0030,-0.1715,0.7978,-0.0030,0,0
1789855266.1738,10.0765,-12.2845,-1.1236,0.8111,-0.0012,8,0.0000,10.8040,-13.8130,1.6928,72.8176,-1.1266,-0.0030,-0.1723,0.7978,-0.0030,0,0
1789855266.2192,10.0965,-12.3262,-1.1236,0.7761,-0.0000,8,0.0001,10.8040,-13.8130,1.6466,72.7713,-1.1267,-0.0031,-0.1771,0.7977,-0.0031,0,0
1789855266.2710,10.1113,-12.3571,-1.1238,0.8585,-0.0046,9,0.0001,10.8040,-13.8130,1.6122,72.7370,-1.1267,-0.0030,-0.1707,0.7978,-0.0030,0,0
1789855266.3193,10.1367,-12.4099,-1.1236,0.9977,0.0046,9,0.0003,10.8040,-13.8130,1.5537,72.6784,-1.1269,-0.0033,-0.1871,0.7976,-0.0033,0,0
1789855266.3693,10.1550,-12.4487,-1.1246,1.0707,-0.0243,9,0.0002,10.8040,-13.8130,1.5108,72.6356,-1.1268,-0.0022,-0.1269,0.7984,-0.0022,0,0
1789855266.4192,10.1720,-12.4869,-1.1286,1.0457,-0.1019,9,-0.0009,10.8040,-13.8130,1.4690,72.5938,-1.1261,0.0026,0.1470,0.7981,0.0026,0,0
1789855266.4694,10.1809,-12.5064,-1.1298,1.0635,-0.0739,10,-0.0013,11.0005,-14.2273,1.9061,72.5724,-1.1263,0.0035,0.1998,0.7974,0.0035,0,0
1789855266.5214,10.2107,-12.5692,-1.1293,1.1822,0.0125,10,-0.0014,11.0005,-14.2273,1.8366,72.5029,-1.1262,0.0031,0.1756,0.7977,0.0031,0,0
1789855266.5695,10.2215,-12.5919,-1.1291,1.2318,0.0048,10,-0.0014,11.0005,-14.2273,1.8115,72.4778,-1.1262,0.0029,0.1641,0.7979,0.0029,0,0
1789855266.6242,10.2443,-12.6397,-1.1285,1.3238,0.0150,10,-0.0013,11.0005,-14.2273,1.7586,72.4248,-1.1262,0.0023,0.1290,0.7983,0.0023,0,0
1789855266.6699,10.2672,-12.6880,-1.1283,1.3377,0.0051,10,-0.0014,11.0005,-14.2273,1.7050,72.3713,-1.1262,0.0021,0.1196,0.7984,0.0021,0,0
1789855266.7194,10.2893,-12.7347,-1.1283,1.2910,-0.0013,11,-0.0014,11.0005,-14.2273,1.6534,72.3197,-1.1261,0.0022,0.1270,0.7984,0.0022,0,0
1789855266.7704,10.3110,-12.7801,-1.1276,1.2579,0.0196,11,-0.0013,11.0005,-14.2273,1.6031,72.2694,-1.1262,0.0014,0.0788,0.7990,0.0014,0,0
1789855266.8191,10.3440,-12.8453,-1.1215,1.2123,0.1019,11,0.0003,11.0005,-14.2273,1.5300,72.1963,-1.1273,-0.0058,-0.3303,0.7957,-0.0058,0,0
1789855266.8694,10.3653,-12.8877,-1.1188,1.1871,0.0683,11,0.0013,11.0005,-14.2273,1.4826,72.1489,-1.1280,-0.0092,-0.5266,0.7932,-0.0092,0,0
1789855266.9195,10.3858,-12.9287,-1.1167,1.1462,0.0529,11,0.0022,11.0005,-14.2273,1.4367,72.1030,-1.1287,-0.0120,-0.6881,0.7911,-0.0120,0,0
1789855266.9692,10.4057,-12.9692,-1.1162,1.1261,0.0119,12,0.0026,11.2090,-14.6677,1.8789,72.0580,-1.1290,-0.0129,-0.7365,0.7905,-0.0129,0,0
1789855267.0239,10.4257,-13.0092,-1.1146,1.1195,0.0391,12,0.0035,11.2090,-14.6677,1.8342,72.0132,-1.1296,-0.0150,-0.8573,0.7889,-0.0150,0,0
1789855267.0727,10.4564,-13.0688,-1.1103,1.1151,0.0818,12,0.0056,11.2090,-14.6677,1.7672,71.9461,-1.1308,-0.0206,-1.1777,0.7847,-0.0206,0,0
1789855267.1194,10.4772,-13.1090,-1.1074,1.1299,0.0718,12,0.0071,11.2090,-14.6677,1.7220,71.9009,-1.1318,-0.0244,-1.3995,0.7819,-0.0244,0,0
1789855267.1692,10.4976,-13.1492,-1.1066,1.1287,0.0202,12,0.0083,11.2090,-14.6677,1.6769,71.8558,-1.1326,-0.0260,-1.4920,0.7807,-0.0260,0,0
1789855267.2193,10.5274,-13.2092,-1.1074,1.1127,-0.0220,12,0.0095,11.2090,-14.6677,1.6099,71.7888,-1.1336,-0.0262,-1.5032,0.7805,-0.0262,0,0
1789855267.2692,10.5369,-13.2290,-1.1083,1.1013,-0.0385,12,0.0096,11.2090,-14.6677,1.5879,71.7669,-1.1338,-0.0255,-1.4587,0.7811,-0.0255,0,0
1789855267.3195,10.5536,-13.2669,-1.1156,1.0344,-0.1828,12,0.0084,11.2090,-14.6677,1.5465,71.7255,-1.1332,-0.0175,-1.0053,0.7870,-0.0175,0,0
1789855267.3738,10.5677,-13.3037,-1.1285,0.9830,-0.3218,13,0.0054,11.4126,-15.0956,1.9810,71.6862,-1.1302,-0.0017,-0.0971,0.7987,-0.0017,0,0
1789855267.4190,10.5945,-13.3612,-1.1298,1.0526,0.0000,13,0.0049,11.4126,-15.0956,1.9177,71.6229,-1.1301,-0.0003,-0.0174,0.7998,-0.0003,0,0
1789855267.4693,10.6117,-13.3977,-1.1298,1.0098,0.0000,13,0.0048,11.4126,-15.0956,1.8773,71.5825,-1.1301,-0.0003,-0.0176,0.7998,-0.0003,0,0
1789855267.5204,10.6292,-13.4335,-1.1279,0.9974,0.0472,13,0.0052,11.4126,-15.0956,1.8374,71.5427,-1.1304,-0.0025,-0.1420,0.7982,-0.0025,0,0
1789855267.5693,10.6473,-13.4690,-1.1234,0.9941,0.1117,13,0.0063,11.4126,-15.0956,1.7976,71.5029,-1.1311,-0.0077,-0.4397,0.7943,-0.0077,0,0
1789855267.6191,10.6657,-13.5046,-1.1192,1.0018,0.1058,13,0.0076,11.4126,-15.0956,1.7576,71.4628,-1.1319,-0.0127,-0.7300,0.7905,-0.0127,0,0
1789855267.6701,10.6833,-13.5399,-1.1176,0.9863,0.0397,13,0.0084,11.4126,-15.0956,1.7181,71.4233,-1.1325,-0.0149,-0.8529,0.7889,-0.0149,0,0
1789855267.7192,10.7079,-13.5917,-1.1199,0.9487,-0.0533,13,0.0083,11.4126,-15.0956,1.6608,71.3660,-1.1326,-0.0127,-0.7293,0.7905,-0.0127,0,0
1789855267.7691,10.7156,-13.6087,-1.1217,0.9402,-0.0781,13,0.0079,11.4126,-15.0956,1.6421,71.3473,-1.1325,-0.0108,-0.6173,0.7920,-0.0108,0,0
1789855267.8233,10.7308,-13.6429,-1.1261,0.9349,-0.1098,14,0.0068,11.4126,-15.0956,1.6047,71.3100,-1.1320,-0.0059,-0.3371,0.7956,-0.0059,0,0
1789855267.8703,10.7542,-13.6954,-1.1311,0.9563,-0.0779,14,0.0054,11.4126,-15.0956,1.5473,71.2526,-1.1313,-0.0001,-0.0061,0.7999,-0.0001,0,0
1789855267.9196,10.7702,-13.7302,-1.1324,0.9585,-0.0312,14,0.0050,11.4126,-15.0956,1.5089,71.2143,-1.1310,0.0014,0.0784,0.7990,0.0014,0,0
1789855267.9695,10.7868,-13.7657,-1.1325,0.9789,-0.0025,14,0.0047,11.4126,-15.0956,1.4698,71.1751,-1.1310,0.0015,0.0874,0.7989,0.0015,0,0
1789855268.0195,10.8117,-13.8190,-1.1325,0.9812,0.0000,14,0.0045,11.4126,-15.0956,1.4109,71.1163,-1.1309,0.0016,0.0911,0.7988,0.0016,0,0
1789855268.0694,10.8284,-13.8545,-1.1325,0.9812,0.0000,14,0.0043,11.4126,-15.0956,1.3717,71.0771,-1.1309,0.0016,0.0937,0.7988,0.0016,0,0
1789855268.1190,10.8534,-13.9075,-1.1320,0.9724,0.0131,14,0.0041,11.4126,-15.0956,1.3131,71.0186,-1.1309,0.0011,0.0620,0.7992,0.0011,0,0
1789855268.1725,10.8704,-13.9405,-1.1269,0.9281,0.1278,14,0.0054,11.4126,-15.0956,1.2760,70.9814,-1.1319,-0.0051,-0.2914,0.7962,-0.0051,0,0
1789855268.2193,10.8877,-13.9735,-1.1216,0.9317,0.1319,14,0.0068,11.4126,-15.0956,1.2388,70.9441,-1.1333,-0.0117,-0.6693,0.7913,-0.0117,0,0
1789855268.2691,10.9050,-14.0068,-1.1176,0.9385,0.0994,14,0.0082,11.4126,-15.0956,1.2012,70.9066,-1.1345,-0.0169,-0.9701,0.7874,-0.0169,0,0
1789855268.3191,10.9307,-14.0575,-1.1141,0.9484,0.0495,15,0.0096,11.6140,-15.5113,1.6064,70.8498,-1.1315,-0.0174,-0.9969,0.7871,-0.0174,0,0
1789855268.3693,10.9478,-14.0914,-1.1130,0.9502,0.0260,15,0.0104,11.6140,-15.5113,1.5684,70.8118,-1.1321,-0.0190,-1.0912,0.7859,-0.0190,0,0
1789855268.4191,10.9731,-14.1427,-1.1130,0.9528,0.0000,15,0.0113,11.6140,-15.5113,1.5112,70.7546,-1.1328,-0.0199,-1.1381,0.7852,-0.0199,0,0
1789855268.4691,10.9883,-14.1769,-1.1184,0.9342,-0.1363,15,0.0105,11.6140,-15.5113,1.4738,70.7172,-1.1323,-0.0139,-0.7982,0.7897,-0.0139,0,0
1789855268.5199,11.0002,-14.2103,-1.1329,0.8821,-0.3617,15,0.0069,11.6140,-15.5113,1.4385,70.6821,-1.1300,0.0029,0.1674,0.7978,0.0029,0,0
1789855268.5693,11.0180,-14.2601,-1.1503,0.8785,-0.2688,15,0.0018,11.6140,-15.5113,1.3859,70.6296,-1.1263,0.0240,1.3775,0.7821,0.0240,0,0
1789855268.6191,11.0321,-14.2926,-1.1519,0.8859,-0.0396,15,0.0005,11.6140,-15.5113,1.3505,70.5942,-1.1253,0.0266,1.5239,0.7802,0.0266,0,0
1789855268.6704,11.0471,-14.3235,-1.1475,0.8598,0.1110,15,0.0009,11.6140,-15.5113,1.3161,70.5598,-1.1255,0.0219,1.2575,0.7837,0.0219,0,0
1789855268.7191,11.0723,-14.3677,-1.1303,0.8426,0.3166,15,0.0047,11.6140,-15.5113,1.2654,70.5090,-1.1284,0.0019,0.1081,0.7986,0.0019,0,0
1789855268.7719,11.0807,-14.3835,-1.1268,0.8685,0.2556,15,0.0056,11.6140,-15.5113,1.2475,70.4911,-1.1291,-0.0024,-0.1353,0.7982,-0.0024,0,0
1789855268.8204,11.1049,-14.4325,-1.1240,0.9124,0.0143,15,0.0066,11.6140,-15.5113,1.1929,70.4365,-1.1299,-0.0060,-0.3431,0.7956,-0.0060,0,0
1789855268.8763,11.1203,-14.4638,-1.1229,0.8715,0.0277,16,0.0075,12.0007,-16.3043,2.0403,70.4016,-1.1246,-0.0018,-0.1026,0.7987,-0.0018,0,0
1789855268.9195,11.1353,-14.4947,-1.1223,0.8604,0.0129,16,0.0078,12.0007,-16.3043,2.0059,70.3672,-1.1247,-0.0024,-0.1380,0.7982,-0.0024,0,0
1789855268.9693,11.1498,-14.5258,-1.1238,0.8585,-0.0374,16,0.0075,12.0007,-16.3043,1.9715,70.3329,-1.1246,-0.0008,-0.0431,0.7994,-0.0008,0,0
1789855269.0191,11.1636,-14.5569,-1.1276,0.8490,-0.0951,16,0.0066,12.0007,-16.3043,1.9376,70.2990,-1.1241,0.0036,0.2046,0.7973,0.0036,0,0
1789855269.0722,11.1771,-14.5880,-1.1316,0.8475,-0.0996,16,0.0055,12.0007,-16.3043,1.9037,70.2651,-1.1234,0.0082,0.4690,0.7939,0.0082,0,0
1789855269.1191,11.1985,-14.6343,-1.1328,0.8506,0.0041,16,0.0049,12.0007,-16.3043,1.8527,70.2141,-1.1230,0.0097,0.5583,0.7928,0.0097,0,0
1789855269.1711,11.2058,-14.6496,-1.1324,0.8455,0.0149,16,0.0049,12.0007,-16.3043,1.8358,70.1972,-1.1230,0.0094,0.5365,0.7930,0.0094,0,0
1789855269.2193,11.2281,-14.6947,-1.1286,0.8367,0.0722,16,0.0056,12.0007,-16.3043,1.7855,70.1469,-1.1233,0.0053,0.3012,0.7961,0.0053,0,0
1789855269.2693,11.2427,-14.7256,-1.1286,0.8541,-0.0010,16,0.0056,12.0007,-16.3043,1.7513,70.1127,-1.1232,0.0054,0.3094,0.7960,0.0054,0,0
1789855269.3240,11.2572,-14.7566,-1.1293,0.8570,-0.0169,16,0.0053,12.0007,-16.3043,1.7170,70.0785,-1.1230,0.0063,0.3604,0.7953,0.0063,0,0
1789855269.3692,11.2717,-14.7876,-1.1296,0.8550,-0.0079,16,0.0052,12.0007,-16.3043,1.6828,70.0443,-1.1228,0.0068,0.3887,0.7950,0.0068,0,0
1789855269.4191,11.2863,-14.8184,-1.1296,0.8532,0.0000,16,0.0051,12.0007,-16.3043,1.6487,70.0102,-1.1227,0.0069,0.3967,0.7949,0.0069,0,0
1789855269.4725,11.3009,-14.8493,-1.1296,0.8532,0.0000,16,0.0050,12.0007,-16.3043,1.6146,69.9761,-1.1225,0.0071,0.4050,0.7947,0.0071,0,0
1789855269.5192,11.3156,-14.8799,-1.1289,0.8493,0.0170,17,0.0067,12.1869,-16.6860,2.0052,69.9421,-1.1213,0.0076,0.4379,0.7943,0.0076,0,0
1789855269.5697,11.3306,-14.9099,-1.1261,0.8368,0.0716,17,0.0072,12.1869,-16.6860,1.9718,69.9086,-1.1215,0.0045,0.2588,0.7966,0.0045,0,0
1789855269.6192,11.3527,-14.9545,-1.1233,0.8298,0.0399,17,0.0076,12.1869,-16.6860,1.9220,69.8588,-1.1218,0.0015,0.0865,0.7989,0.0015,0,0
1789855269.6694,11.3672,-14.9843,-1.1226,0.8299,0.0174,17,0.0077,12.1869,-16.6860,1.8888,69.8256,-1.1219,0.0007,0.0425,0.7994,0.0007,0,0
1789855269.7227,11.3817,-15.0145,-1.1226,0.8375,0.0000,17,0.0076,12.1869,-16.6860,1.8553,69.7921,-1.1219,0.0008,0.0432,0.7994,0.0008,0,0
1789855269.7767,11.4037,-15.0601,-1.1226,0.8447,0.0000,17,0.0075,12.1869,-16.6860,1.8047,69.7416,-1.1219,0.0008,0.0444,0.7994,0.0008,0,0
1789855269.8193,11.4183,-15.0904,-1.1225,0.8416,0.0035,17,0.0074,12.1869,-16.6860,1.7710,69.7079,-1.1219,0.0006,0.0361,0.7995,0.0006,0,0
1789855269.8717,11.4328,-15.1207,-1.1225,0.8390,0.0000,17,0.0073,12.1869,-16.6860,1.7375,69.6744,-1.1219,0.0006,0.0368,0.7995,0.0006,0,0
1789855269.9193,11.4546,-15.1660,-1.1225,0.8390,0.0000,17,0.0072,12.1869,-16.6860,1.6871,69.6240,-1.1218,0.0007,0.0379,0.7995,0.0007,0,0
1789855269.9691,11.4692,-15.1963,-1.1225,0.8390,0.0000,17,0.0071,12.1869,-16.6860,1.6536,69.5905,-1.1218,0.0007,0.0387,0.7995,0.0007,0,0
1789855270.0208,11.4838,-15.2265,-1.1224,0.8394,0.0017,17,0.0070,12.1869,-16.6860,1.6200,69.5569,-1.1218,0.0006,0.0348,0.7995,0.0006,0,0
1789855270.0692,11.4985,-15.2564,-1.1211,0.8336,0.0323,17,0.0072,12.1869,-16.6860,1.5867,69.5236,-1.1220,-0.0009,-0.0511,0.7993,-0.0009,0,0
1789855270.1191,11.5211,-15.3013,-1.1179,0.8378,0.0570,18,0.0086,12.3690,-17.0598,1.9523,69.4733,-1.1215,-0.0036,-0.2063,0.7973,-0.0036,0,0
1789855270.1716,11.5366,-15.3312,-1.1151,0.8412,0.0718,18,0.0094,12.3690,-17.0598,1.9186,69.4397,-1.1220,-0.0069,-0.3976,0.7948,-0.0069,0,0
1789855270.2192,11.5523,-15.3613,-1.1119,0.8485,0.0787,18,0.0103,12.3690,-17.0598,1.8847,69.4057,-1.1226,-0.0107,-0.6110,0.7921,-0.0107,0,0
1789855270.2692,11.5764,-15.4068,-1.1068,0.8594,0.0889,18,0.0120,12.3690,-17.0598,1.8332,69.3542,-1.1237,-0.0169,-0.9664,0.7875,-0.0169,0,0
1789855270.3198,11.5926,-15.4376,-1.1039,0.8698,0.0736,18,0.0131,12.3690,-17.0598,1.7984,69.3194,-1.1244,-0.0206,-1.1776,0.7847,-0.0206,0,0
1789855270.3701,11.6080,-15.4682,-1.1042,0.8560,-0.0078,18,0.0135,12.3690,-17.0598,1.7642,69.2852,-1.1248,-0.0206,-1.1808,0.7847,-0.0206,0,0
1789855270.4193,11.6227,-15.4990,-1.1068,0.8522,-0.0669,18,0.0133,12.3690,-17.0598,1.7301,69.2511,-1.1248,-0.0179,-1.0278,0.7867,-0.0179,0,0
1789855270.4765,11.6436,-15.5449,-1.1137,0.8419,-0.1120,18,0.0119,12.3690,-17.0598,1.6796,69.2006,-1.1242,-0.0104,-0.5986,0.7922,-0.0104,0,0
1789855270.5192,11.6579,-15.5754,-1.1158,0.8426,-0.0529,18,0.0114,12.3690,-17.0598,1.6459,69.1669,-1.1241,-0.0082,-0.4707,0.7939,-0.0082,0,0
1789855270.5693,11.6727,-15.6056,-1.1160,0.8397,-0.0031,18,0.0115,12.3690,-17.0598,1.6123,69.1334,-1.1242,-0.0083,-0.4730,0.7939,-0.0083,0,0
1789855270.6191,11.6943,-15.6497,-1.1160,0.8124,0.0000,18,0.0116,12.3690,-17.0598,1.5633,69.0843,-1.1245,-0.0085,-0.4891,0.7937,-0.0085,0,0
1789855270.6724,11.7084,-15.6786,-1.1160,0.8053,0.0001,18,0.0116,12.3690,-17.0598,1.5310,69.0521,-1.1247,-0.0087,-0.5005,0.7935,-0.0087,0,0
1789855270.7194,11.7225,-15.7072,-1.1160,0.7964,0.0003,18,0.0117,12.3690,-17.0598,1.4992,69.0202,-1.1249,-0.0089,-0.5126,0.7934,-0.0089,0,0
1789855270.7693,11.7365,-15.7358,-1.1159,0.7964,0.0005,19,0.0118,12.5582,-17.4498,1.9008,68.9884,-1.1237,-0.0078,-0.4464,0.7942,-0.0078,0,0
1789855270.8200,11.7575,-15.7787,-1.1159,0.7965,0.0011,19,0.0119,12.5582,-17.4498,1.8530,68.9406,-1.1240,-0.0081,-0.4626,0.7940,-0.0081,0,0
1789855270.8692,11.7716,-15.8073,-1.1158,0.7968,0.0024,19,0.0120,12.5582,-17.4498,1.8212,68.9087,-1.1241,-0.0083,-0.4775,0.7938,-0.0083,0,0
1789855270.9191,11.7931,-15.8505,-1.1147,0.8073,0.0233,19,0.0124,12.5582,-17.4498,1.7729,68.8605,-1.1245,-0.0098,-0.5632,0.7927,-0.0098,0,0
1789855270.9694,11.8073,-15.8796,-1.1148,0.8100,-0.0023,19,0.0125,12.5582,-17.4498,1.7405,68.8281,-1.1247,-0.0099,-0.5681,0.7926,-0.0099,0,0
1789855271.0195,11.8216,-15.9087,-1.1148,0.8103,-0.0012,19,0.0125,12.5582,-17.4498,1.7081,68.7957,-1.1249,-0.0101,-0.5764,0.7925,-0.0101,0,0
1789855271.0693,11.8359,-15.9378,-1.1149,0.8104,-0.0008,19,0.0126,12.5582,-17.4498,1.6757,68.7633,-1.1251,-0.0102,-0.5862,0.7924,-0.0102,0,0
1789855271.1195,11.8503,-15.9671,-1.1149,0.8161,-0.0005,19,0.0127,12.5582,-17.4498,1.6431,68.7306,-1.1253,-0.0104,-0.5974,0.7923,-0.0104,0,0
1789855271.1727,11.8648,-15.9967,-1.1149,0.8247,-0.0003,19,0.0128,12.5582,-17.4498,1.6101,68.6976,-1.1255,-0.0106,-0.6096,0.7921,-0.0106,0,0
1789855271.2191,11.8866,-16.0411,-1.1149,0.8247,-0.0001,19,0.0129,12.5582,-17.4498,1.5606,68.6481,-1.1259,-0.0110,-0.6296,0.7918,-0.0110,0,0
1789855271.2691,11.9012,-16.0707,-1.1149,0.8250,0.0000,19,0.0130,12.5582,-17.4498,1.5276,68.6151,-1.1262,-0.0112,-0.6440,0.7917,-0.0112,0,0
1789855271.3246,11.9157,-16.1004,-1.1149,0.8251,-0.0000,19,0.0131,12.5582,-17.4498,1.4946,68.5821,-1.1264,-0.0115,-0.6589,0.7915,-0.0115,0,0
1789855271.3694,11.9303,-16.1300,-1.1149,0.8251,-0.0000,20,0.0132,12.7544,-17.8551,1.9119,68.5491,-1.1251,-0.0102,-0.5864,0.7924,-0.0102,0,0
1789855271.4191,11.9518,-16.1737,-1.1148,0.8109,-0.0000,20,0.0134,12.7544,-17.8551,1.8631,68.5004,-1.1254,-0.0106,-0.6088,0.7921,-0.0106,0,0
1789855271.4706,11.9661,-16.2028,-1.1148,0.8110,-0.0000,20,0.0134,12.7544,-17.8551,1.8307,68.4680,-1.1256,-0.0108,-0.6201,0.7920,-0.0108,0,0
1789855271.5201,11.9803,-16.2320,-1.1150,0.8105,-0.0054,20,0.0135,12.7544,-17.8551,1.7983,68.4356,-1.1258,-0.0108,-0.6176,0.7920,-0.0108,0,0
1789855271.5696,11.9946,-16.2611,-1.1150,0.8109,-0.0000,20,0.0135,12.7544,-17.8551,1.7658,68.4031,-1.1260,-0.0110,-0.6296,0.7918,-0.0110,0,0
1789855271.6215,12.0089,-16.2902,-1.1150,0.8109,-0.0000,20,0.0136,12.7544,-17.8551,1.7334,68.3707,-1.1262,-0.0112,-0.6419,0.7917,-0.0112,0,0
1789855271.6698,12.0232,-16.3193,-1.1150,0.8110,-0.0000,20,0.0137,12.7544,-17.8551,1.7010,68.3382,-1.1265,-0.0114,-0.6548,0.7915,-0.0114,0,0
1789855271.7192,12.0447,-16.3630,-1.1150,0.8112,0.0002,20,0.0138,12.7544,-17.8551,1.6523,68.2896,-1.1268,-0.0118,-0.6759,0.7912,-0.0118,0,0
1789855271.7698,12.0590,-16.3921,-1.1150,0.8111,0.0001,20,0.0139,12.7544,-17.8551,1.6199,68.2571,-1.1271,-0.0120,-0.6904,0.7910,-0.0120,0,0
1789855271.8192,12.0804,-16.4358,-1.1150,0.8111,0.0000,20,0.0140,12.7544,-17.8551,1.5712,68.2085,-1.1275,-0.0124,-0.7130,0.7908,-0.0124,0,0
1789855271.8696,12.0876,-16.4504,-1.1150,0.8111,0.0000,20,0.0141,12.7544,-17.8551,1.5550,68.1923,-1.1276,-0.0126,-0.7209,0.7907,-0.0126,0,0
1789855271.9207,12.1090,-16.4941,-1.1150,0.8111,0.0000,21,0.0140,12.9475,-18.2553,1.9506,68.1436,-1.1265,-0.0114,-0.6551,0.7915,-0.0114,0,0
1789855271.9692,12.1304,-16.5377,-1.1150,0.8108,0.0005,21,0.0141,12.9475,-18.2553,1.9020,68.0949,-1.1268,-0.0118,-0.6734,0.7913,-0.0118,0,0
1789855272.0191,12.1447,-16.5668,-1.1150,0.8106,0.0000,21,0.0142,12.9475,-18.2553,1.8695,68.0625,-1.1270,-0.0120,-0.6852,0.7911,-0.0120,0,0
1789855272.0697,12.1590,-16.5960,-1.1150,0.8106,0.0000,21,0.0143,12.9475,-18.2553,1.8371,68.0301,-1.1272,-0.0122,-0.6973,0.7910,-0.0122,0,0
1789855272.1192,12.1732,-16.6251,-1.1150,0.8106,0.0000,21,0.0144,12.9475,-18.2553,1.8047,67.9977,-1.1274,-0.0124,-0.7098,0.7908,-0.0124,0,0
1789855272.1694,12.1875,-16.6542,-1.1150,0.8106,0.0000,21,0.0145,12.9475,-18.2553,1.7723,67.9653,-1.1276,-0.0126,-0.7228,0.7906,-0.0126,0,0
1789855272.2223,12.2012,-16.6830,-1.1165,0.7983,-0.0359,21,0.0142,12.9475,-18.2553,1.7404,67.9333,-1.1276,-0.0112,-0.6415,0.7917,-0.0112,0,0
1789855272.2691,12.2180,-16.7246,-1.1280,0.7431,-0.2028,21,0.0110,12.9475,-18.2553,1.6956,67.8886,-1.1261,0.0019,0.1107,0.7986,0.0019,0,0
1789855272.3192,12.2290,-16.7528,-1.1358,0.7540,-0.1941,21,0.0086,12.9475,-18.2553,1.6654,67.8586,-1.1248,0.0110,0.6296,0.7918,0.0110,0,0
1789855272.3691,12.2419,-16.7815,-1.1373,0.7860,-0.0384,21,0.0076,12.9475,-18.2553,1.6340,67.8271,-1.1243,0.0130,0.7461,0.7903,0.0130,0,0
1789855272.4198,12.2558,-16.8094,-1.1339,0.7813,0.0842,21,0.0079,12.9475,-18.2553,1.6027,67.7959,-1.1246,0.0093,0.5356,0.7931,0.0093,0,0
1789855272.4721,12.2772,-16.8527,-1.1301,0.8190,0.0185,21,0.0082,12.9475,-18.2553,1.5545,67.7476,-1.1250,0.0051,0.2895,0.7962,0.0051,0,0
1789855272.5191,12.2913,-16.8825,-1.1301,0.8247,0.0000,22,0.0075,13.1473,-18.6535,1.9670,67.7146,-1.1206,0.0095,0.5449,0.7929,0.0095,0,0
1789855272.5691,12.3054,-16.9124,-1.1301,0.8247,0.0000,22,0.0071,13.1473,-18.6535,1.9340,67.6817,-1.1204,0.0097,0.5541,0.7928,0.0097,0,0
1789855272.6349,12.3192,-16.9418,-1.1301,0.8127,-0.0014,22,0.0068,13.1473,-18.6535,1.9015,67.6492,-1.1202,0.0099,0.5672,0.7926,0.0099,0,0
1789855272.6694,12.3400,-16.9857,-1.1301,0.8105,0.0000,22,0.0062,13.1473,-18.6535,1.8529,67.6005,-1.1200,0.0102,0.5822,0.7925,0.0102,0,0
1789855272.7192,12.3536,-17.0146,-1.1301,0.7982,0.0000,22,0.0059,13.1473,-18.6535,1.8209,67.5686,-1.1198,0.0103,0.5924,0.7923,0.0103,0,0
1789855272.7725,12.3677,-17.0420,-1.1261,0.7699,0.1009,22,0.0066,13.1473,-18.6535,1.7901,67.5378,-1.1202,0.0059,0.3368,0.7956,0.0059,0,0
1789855272.8195,12.3897,-17.0828,-1.1178,0.7719,0.1420,22,0.0086,13.1473,-18.6535,1.7439,67.4915,-1.1214,-0.0036,-0.2039,0.7974,-0.0036,0,0
1789855272.8696,12.4048,-17.1109,-1.1132,0.7973,0.1163,22,0.0099,13.1473,-18.6535,1.7120,67.4596,-1.1222,-0.0090,-0.5163,0.7933,-0.0090,0,0
1789855272.9207,12.4202,-17.1402,-1.1098,0.8270,0.0847,22,0.0110,13.1473,-18.6535,1.6789,67.4265,-1.1229,-0.0131,-0.7521,0.7902,-0.0131,0,0
1789855272.9716,12.4357,-17.1700,-1.1075,0.8419,0.0563,22,0.0119,13.1473,-18.6535,1.6453,67.3929,-1.1235,-0.0160,-0.9182,0.7881,-0.0160,0,0
1789855273.0195,12.4578,-17.2154,-1.1094,0.8403,-0.0502,22,0.0120,13.1473,-18.6535,1.5949,67.3425,-1.1237,-0.0143,-0.8197,0.7894,-0.0143,0,0
1789855273.0694,12.4713,-17.2459,-1.1151,0.8337,-0.1415,22,0.0108,13.1473,-18.6535,1.5615,67.3091,-1.1231,-0.0080,-0.4571,0.7941,-0.0080,0,0
1789855273.1196,12.4835,-17.2761,-1.1238,0.8131,-0.2186,23,0.0084,13.3508,-19.0632,1.9864,67.2766,-1.1190,0.0049,0.2781,0.7964,0.0049,0,0
1789855273.1692,12.4989,-17.3199,-1.1417,0.7683,-0.2792,23,0.0032,13.3508,-19.0632,1.9403,67.2307,-1.1163,0.0254,1.4565,0.7811,0.0254,0,0
1789855273.2194,12.5105,-17.3491,-1.1478,0.7847,-0.1528,23,0.0009,13.3508,-19.0632,1.9090,67.1994,-1.1150,0.0328,1.8807,0.7756,0.0328,0,0
1789855273.2725,12.5230,-17.3783,-1.1497,0.7938,-0.0467,23,-0.0005,13.3508,-19.0632,1.8773,67.1677,-1.1142,0.0355,2.0353,0.7736,0.0355,0,0
1789855273.3192,12.5441,-17.4198,-1.1415,0.7692,0.1746,23,0.0003,13.3508,-19.0632,1.8307,67.1211,-1.1145,0.0271,1.5503,0.7799,0.0271,0,0
1789855273.3693,12.5593,-17.4463,-1.1311,0.7622,0.2617,23,0.0025,13.3508,-19.0632,1.8002,67.0905,-1.1156,0.0155,0.8870,0.7885,0.0155,0,0
1789855273.4193,12.5747,-17.4737,-1.1228,0.7827,0.2060,23,0.0044,13.3508,-19.0632,1.7689,67.0592,-1.1166,0.0063,0.3582,0.7954,0.0063,0,0
1789855273.4692,12.5894,-17.5027,-1.1203,0.8132,0.0630,23,0.0050,13.3508,-19.0632,1.7363,67.0267,-1.1169,0.0034,0.1976,0.7974,0.0034,0,0
1789855273.5192,12.6032,-17.5314,-1.1205,0.7965,-0.0057,23,0.0049,13.3508,-19.0632,1.7045,66.9948,-1.1168,0.0038,0.2164,0.7972,0.0038,0,0
1789855273.5692,12.6232,-17.5731,-1.1208,0.7681,-0.0006,23,0.0048,13.3508,-19.0632,1.6583,66.9486,-1.1166,0.0042,0.2403,0.7969,0.0042,0,0
1789855273.6192,12.6362,-17.6010,-1.1226,0.7707,-0.0456,23,0.0043,13.3508,-19.0632,1.6274,66.9178,-1.1162,0.0064,0.3667,0.7952,0.0064,0,0
1789855273.6721,12.6490,-17.6293,-1.1251,0.7750,-0.0623,23,0.0036,13.3508,-19.0632,1.5964,66.8868,-1.1157,0.0094,0.5406,0.7930,0.0094,0,0
1789855273.7191,12.6686,-17.6718,-1.1274,0.7820,-0.0266,24,0.0025,13.5580,-19.4841,2.0188,66.8400,-1.1146,0.0128,0.7361,0.7905,0.0128,0,0
1789855273.7692,12.6818,-17.6996,-1.1274,0.7698,0.0000,24,0.0023,13.5580,-19.4841,1.9881,66.8093,-1.1144,0.0130,0.7475,0.7903,0.0130,0,0
1789855273.8222,12.6951,-17.7270,-1.1267,0.7619,0.0176,24,0.0023,13.5580,-19.4841,1.9576,66.7788,-1.1143,0.0124,0.7132,0.7908,0.0124,0,0
1789855273.8694,12.7087,-17.7546,-1.1250,0.7683,0.0428,24,0.0026,13.5580,-19.4841,1.9269,66.7481,-1.1143,0.0107,0.6129,0.7921,0.0107,0,0
1789855273.9193,12.7224,-17.7822,-1.1230,0.7708,0.0498,24,0.0030,13.5580,-19.4841,1.8960,66.7172,-1.1144,0.0086,0.4925,0.7936,0.0086,0,0
1789855273.9760,12.7363,-17.8097,-1.1210,0.7708,0.0498,24,0.0035,13.5580,-19.4841,1.8652,66.6864,-1.1146,0.0065,0.3700,0.7952,0.0065,0,0
1789855274.0196,12.7500,-17.8375,-1.1199,0.7759,0.0274,24,0.0038,13.5580,-19.4841,1.8342,66.6554,-1.1146,0.0053,0.3043,0.7961,0.0053,0,0
1789855274.0702,12.7638,-17.8655,-1.1193,0.7787,0.0149,24,0.0040,13.5580,-19.4841,1.8030,66.6242,-1.1146,0.0047,0.2701,0.7965,0.0047,0,0
1789855274.1197,12.7773,-17.8937,-1.1199,0.7809,-0.0140,24,0.0039,13.5580,-19.4841,1.7718,66.5930,-1.1145,0.0054,0.3115,0.7960,0.0054,0,0
1789855274.1691,12.7904,-17.9220,-1.1219,0.7793,-0.0498,24,0.0034,13.5580,-19.4841,1.7406,66.5618,-1.1140,0.0078,0.4488,0.7942,0.0078,0,0
1789855274.2196,12.8034,-17.9503,-1.1239,0.7793,-0.0498,24,0.0028,13.5580,-19.4841,1.7094,66.5307,-1.1136,0.0103,0.5891,0.7924,0.0103,0,0
1789855274.2716,12.8236,-17.9926,-1.1241,0.7821,0.0000,24,0.0026,13.5580,-19.4841,1.6625,66.4838,-1.1133,0.0109,0.6228,0.7919,0.0109,0,0
1789855274.3192,12.8372,-18.0210,-1.1241,0.7878,0.0000,24,0.0025,13.5580,-19.4841,1.6310,66.4523,-1.1130,0.0111,0.6349,0.7918,0.0111,0,0
1789855274.3723,12.8579,-18.0641,-1.1241,0.7963,0.0000,25,0.0056,13.7849,-19.9475,2.0992,66.4045,-1.1134,0.0107,0.6135,0.7920,0.0107,0,0
1789855274.4194,12.8716,-18.0929,-1.1241,0.7964,0.0000,25,0.0050,13.7849,-19.9475,2.0673,66.3726,-1.1133,0.0109,0.6230,0.7919,0.0109,0,0
1789855274.4691,12.8927,-18.1354,-1.1216,0.7891,0.0627,25,0.0048,13.7849,-19.9475,2.0198,66.3251,-1.1133,0.0083,0.4754,0.7938,0.0083,0,0
1789855274.5200,12.9075,-18.1625,-1.1161,0.7712,0.1388,25,0.0058,13.7849,-19.9475,1.9890,66.2943,-1.1139,0.0021,0.1215,0.7984,0.0021,0,0
1789855274.5699,12.9302,-18.2042,-1.1083,0.7943,0.1278,25,0.0075,13.7849,-19.9475,1.9416,66.2469,-1.1150,-0.0068,-0.3877,0.7950,-0.0068,0,0
1789855274.6191,12.9459,-18.2331,-1.1044,0.8228,0.0973,25,0.0085,13.7849,-19.9475,1.9087,66.2139,-1.1157,-0.0113,-0.6490,0.7916,-0.0113,0,0
1789855274.6691,12.9619,-18.2630,-1.1012,0.8468,0.0780,25,0.0094,13.7849,-19.9475,1.8748,66.1801,-1.1163,-0.0151,-0.8656,0.7888,-0.0151,0,0
1789855274.7195,12.9773,-18.2930,-1.1004,0.8436,0.0202,25,0.0098,13.7849,-19.9475,1.8411,66.1463,-1.1168,-0.0163,-0.9352,0.7879,-0.0163,0,0
1789855274.7697,12.9995,-18.3381,-1.1029,0.8379,-0.0578,25,0.0093,13.7849,-19.9475,1.7908,66.0961,-1.1168,-0.0139,-0.7954,0.7897,-0.0139,0,0
1789855274.8194,13.0135,-18.3682,-1.1071,0.8288,-0.1041,25,0.0083,13.7849,-19.9475,1.7577,66.0629,-1.1165,-0.0094,-0.5358,0.7931,-0.0094,0,0
1789855274.8692,13.0344,-18.4131,-1.1117,0.8254,-0.0638,25,0.0069,13.7849,-19.9475,1.7081,66.0134,-1.1160,-0.0042,-0.2427,0.7969,-0.0042,0,0
1789855274.9190,13.0417,-18.4279,-1.1119,0.8262,-0.0287,25,0.0068,13.7849,-19.9475,1.6916,65.9969,-1.1160,-0.0041,-0.2333,0.7970,-0.0041,0,0
1789855274.9735,13.0640,-18.4715,-1.1095,0.8154,0.0477,26,0.0063,13.7849,-19.9475,1.6426,65.9479,-1.1165,-0.0069,-0.3974,0.7948,-0.0069,0,0
1789855275.0193,13.0716,-18.4859,-1.1080,0.8129,0.0685,26,0.0067,13.7849,-19.9475,1.6264,65.9316,-1.1168,-0.0088,-0.5021,0.7935,-0.0088,0,0
1789855275.0708,13.0870,-18.5143,-1.1038,0.8073,0.1048,26,0.0079,13.7849,-19.9475,1.5941,65.8993,-1.1177,-0.0138,-0.7933,0.7897,-0.0138,0,0
1789855275.1191,13.1106,-18.5569,-1.0970,0.8131,0.1119,26,0.0101,13.7849,-19.9475,1.5454,65.8506,-1.1194,-0.0224,-1.2830,0.7834,-0.0224,0,0
1789855275.1691,13.1259,-18.5857,-1.0953,0.8148,0.0428,26,0.0110,13.7849,-19.9475,1.5129,65.8181,-1.1202,-0.0249,-1.4266,0.7815,-0.0249,0,0
1789855275.2193,13.1401,-18.6144,-1.0972,0.7987,-0.0497,26,0.0109,13.7849,-19.9475,1.4809,65.7861,-1.1203,-0.0231,-1.3230,0.7828,-0.0231,0,0
1789855275.2694,13.1534,-18.6429,-1.1016,0.7868,-0.1100,26,0.0102,13.7849,-19.9475,1.4494,65.7546,-1.1200,-0.0184,-1.0529,0.7863,-0.0184,0,0
1789855275.3192,13.1735,-18.6860,-1.1073,0.7945,-0.0872,26,0.0090,13.7849,-19.9475,1.4019,65.7071,-1.1195,-0.0122,-0.7003,0.7909,-0.0122,0,0
1789855275.3723,13.1874,-18.7148,-1.1087,0.7995,-0.0353,26,0.0087,13.7849,-19.9475,1.3699,65.6751,-1.1195,-0.0108,-0.6196,0.7920,-0.0108,0,0
1789855275.4193,13.2016,-18.7434,-1.1087,0.7980,-0.0000,26,0.0087,13.7849,-19.9475,1.3380,65.6432,-1.1198,-0.0111,-0.6347,0.7918,-0.0111,0,0
1789855275.4691,13.2157,-18.7714,-1.1085,0.7853,0.0051,26,0.0088,13.7849,-19.9475,1.3066,65.6118,-1.1201,-0.0116,-0.6647,0.7914,-0.0116,0,0
1789855275.5191,13.2366,-18.8133,-1.1083,0.7781,0.0048,26,0.0089,13.7849,-19.9475,1.2598,65.5650,-1.1206,-0.0123,-0.7032,0.7909,-0.0123,0,0
1789855275.5694,13.2503,-18.8408,-1.1083,0.7680,0.0002,26,0.0090,13.7849,-19.9475,1.2291,65.5343,-1.1209,-0.0126,-0.7220,0.7906,-0.0126,0,0
1789855275.6194,13.2643,-18.8687,-1.1083,0.7805,-0.0004,27,0.0083,14.0362,-20.4620,1.7704,65.5031,-1.1196,-0.0113,-0.6488,0.7916,-0.0113,0,0
1789855275.6765,13.2852,-18.9107,-1.1083,0.7825,0.0011,27,0.0086,14.0362,-20.4620,1.7235,65.4562,-1.1200,-0.0117,-0.6678,0.7913,-0.0117,0,0
1789855275.7198,13.2992,-18.9387,-1.1083,0.7822,0.0002,27,0.0088,14.0362,-20.4620,1.6922,65.4249,-1.1202,-0.0119,-0.6810,0.7912,-0.0119,0,0
1789855275.7691,13.3132,-18.9667,-1.1083,0.7821,0.0001,27,0.0089,14.0362,-20.4620,1.6609,65.3936,-1.1204,-0.0121,-0.6944,0.7910,-0.0121,0,0
1789855275.8193,13.3273,-18.9949,-1.1083,0.7878,0.0000,27,0.0091,14.0362,-20.4620,1.6294,65.3621,-1.1207,-0.0124,-0.7083,0.7908,-0.0124,0,0
1789855275.8693,13.3407,-19.0230,-1.1103,0.7803,-0.0509,27,0.0087,14.0362,-20.4620,1.5982,65.3309,-1.1206,-0.0102,-0.5868,0.7924,-0.0102,0,0
1789855275.9195,13.3525,-19.0505,-1.1166,0.7467,-0.1563,27,0.0071,14.0362,-20.4620,1.5683,65.3010,-1.1197,-0.0031,-0.1783,0.7977,-0.0031,0,0
1789855275.9708,13.3641,-19.0784,-1.1230,0.7535,-0.1610,27,0.0053,14.0362,-20.4620,1.5382,65.2709,-1.1186,0.0044,0.2519,0.7967,0.0044,0,0
1789855276.0195,13.3765,-19.1072,-1.1279,0.7843,-0.1216,27,0.0037,14.0362,-20.4620,1.5068,65.2396,-1.1177,0.0102,0.5859,0.7924,0.0102,0,0
1789855276.0695,13.3895,-19.1368,-1.1316,0.8076,-0.0927,27,0.0022,14.0362,-20.4620,1.4746,65.2073,-1.1167,0.0148,0.8503,0.7890,0.0148,0,0
1789855276.1192,13.3960,-19.1518,-1.1334,0.8149,-0.0874,27,0.0014,14.0362,-20.4620,1.4582,65.1910,-1.1163,0.0171,0.9797,0.7873,0.0171,0,0
1789855276.1694,13.4164,-19.1971,-1.1357,0.8279,-0.0196,27,-0.0003,14.0362,-20.4620,1.4086,65.1414,-1.1152,0.0205,1.1772,0.7847,0.0205,0,0
1789855276.2193,13.4308,-19.2268,-1.1338,0.8266,0.0479,27,-0.0005,14.0362,-20.4620,1.3756,65.1084,-1.1150,0.0188,1.0746,0.7861,0.0188,0,0
1789855276.2721,13.4459,-19.2562,-1.1292,0.8252,0.1153,27,0.0001,14.0362,-20.4620,1.3425,65.0753,-1.1155,0.0137,0.7837,0.7898,0.0137,0,0
1789855276.3192,13.4686,-19.2994,-1.1218,0.8076,0.1228,28,0.0009,14.3116,-21.0266,1.9220,65.0265,-1.1167,0.0051,0.2907,0.7962,0.0051,0,0
1789855276.3723,13.4763,-19.3124,-1.1167,0.7760,0.1981,28,0.0021,14.3116,-21.0266,1.9069,65.0114,-1.1174,-0.0007,-0.0389,0.7995,-0.0007,0,0
1789855276.4218,13.4987,-19.3510,-1.1057,0.7472,0.1353,28,0.0052,14.3116,-21.0266,1.8624,64.9669,-1.1191,-0.0134,-0.7693,0.7900,-0.0134,0,0
1789855276.4693,13.5123,-19.3782,-1.1057,0.7607,-0.0013,28,0.0055,14.3116,-21.0266,1.8320,64.9364,-1.1193,-0.0136,-0.7790,0.7899,-0.0136,0,0
1789855276.5191,13.5252,-19.4065,-1.1100,0.7759,-0.1073,28,0.0046,14.3116,-21.0266,1.8009,64.9054,-1.1189,-0.0089,-0.5099,0.7934,-0.0089,0,0
1789855276.5703,13.5370,-19.4353,-1.1183,0.7755,-0.2078,28,0.0026,14.3116,-21.0266,1.7699,64.8744,-1.1178,0.0005,0.0298,0.7996,0.0005,0,0
1789855276.6193,13.5530,-19.4782,-1.1341,0.7585,-0.2646,28,-0.0019,14.3116,-21.0266,1.7243,64.8289,-1.1152,0.0189,1.0836,0.7860,0.0189,0,0
1789855276.6693,13.5646,-19.5065,-1.1394,0.7636,-0.1326,28,-0.0039,14.3116,-21.0266,1.6938,64.7984,-1.1140,0.0254,1.4561,0.7811,0.0254,0,0
1789855276.7194,13.5772,-19.5342,-1.1400,0.7626,-0.0138,28,-0.0048,14.3116,-21.0266,1.6633,64.7679,-1.1135,0.0265,1.5197,0.7803,0.0265,0,0
1789855276.7734,13.5837,-19.5484,-1.1400,0.7721,0.0000,28,-0.0052,14.3116,-21.0266,1.6477,64.7524,-1.1132,0.0268,1.5341,0.7801,0.0268,0,0
1789855276.8203,13.5973,-19.5772,-1.1386,0.7970,0.0340,28,-0.0056,14.3116,-21.0266,1.6159,64.7205,-1.1129,0.0257,1.4738,0.7809,0.0257,0,0
1789855276.8711,13.6118,-19.6056,-1.1340,0.7958,0.1158,28,-0.0051,14.3116,-21.0266,1.5840,64.6886,-1.1132,0.0208,1.1930,0.7845,0.0208,0,0
1789855276.9231,13.6269,-19.6334,-1.1267,0.7889,0.1826,28,-0.0037,14.3116,-21.0266,1.5524,64.6571,-1.1140,0.0127,0.7266,0.7906,0.0127,0,0
1789855276.9693,13.6426,-19.6586,-1.1146,0.7391,0.3039,28,-0.0008,14.3116,-21.0266,1.5229,64.6274,-1.1159,-0.0014,-0.0790,0.7990,-0.0014,0,0
1789855277.0191,13.6580,-19.6844,-1.1053,0.7489,0.2307,28,0.0017,14.3116,-21.0266,1.4929,64.5975,-1.1176,-0.0123,-0.7053,0.7909,-0.0123,0,0
1789855277.0692,13.6727,-19.7124,-1.1032,0.7896,0.0528,28,0.0026,14.3116,-21.0266,1.4613,64.5659,-1.1183,-0.0151,-0.8640,0.7888,-0.0151,0,0
1789855277.1191,13.6875,-19.7417,-1.1032,0.8205,0.0003,29,0.0029,14.6080,-21.6359,2.1061,64.5331,-1.1184,-0.0152,-0.8719,0.7887,-0.0152,0,0
1789855277.1714,13.7026,-19.7721,-1.1041,0.8495,-0.0231,29,0.0031,14.6080,-21.6359,2.0721,64.4991,-1.1186,-0.0144,-0.8265,0.7893,-0.0144,0,0
1789855277.2193,13.7170,-19.8027,-1.1073,0.8460,-0.0786,29,0.0027,14.6080,-21.6359,2.0382,64.4653,-1.1184,-0.0111,-0.6363,0.7917,-0.0111,0,0
1789855277.2723,13.7381,-19.8487,-1.1135,0.8404,-0.1038,29,0.0014,14.6080,-21.6359,1.9877,64.4147,-1.1178,-0.0043,-0.2456,0.7968,-0.0043,0,0
1789855277.3192,13.7595,-19.8942,-1.1164,0.8390,-0.0291,29,0.0007,14.6080,-21.6359,1.9374,64.3644,-1.1175,-0.0011,-0.0607,0.7992,-0.0011,0,0
1789855277.3704,13.7669,-19.9091,-1.1162,0.8351,0.0009,29,0.0007,14.6080,-21.6359,1.9208,64.3478,-1.1175,-0.0013,-0.0742,0.7990,-0.0013,0,0
1789855277.4204,13.7885,-19.9532,-1.1160,0.8137,0.0051,29,0.0008,14.6080,-21.6359,1.8717,64.2988,-1.1176,-0.0016,-0.0911,0.7988,-0.0016,0,0
1789855277.4693,13.8026,-19.9819,-1.1158,0.7996,0.0052,29,0.0009,14.6080,-21.6359,1.8397,64.2668,-1.1176,-0.0019,-0.1065,0.7986,-0.0019,0,0
1789855277.5197,13.8164,-20.0101,-1.1155,0.7854,0.0054,29,0.0009,14.6080,-21.6359,1.8083,64.2354,-1.1177,-0.0021,-0.1226,0.7984,-0.0021,0,0
1789855277.5697,13.8300,-20.0377,-1.1154,0.7704,0.0030,29,0.0010,14.6080,-21.6359,1.7775,64.2046,-1.1177,-0.0023,-0.1328,0.7983,-0.0023,0,0
1789855277.6203,13.8494,-20.0789,-1.1181,0.7540,-0.0632,29,0.0003,14.6080,-21.6359,1.7320,64.1591,-1.1174,0.0007,0.0374,0.7995,0.0007,0,0
1789855277.6696,13.8557,-20.0926,-1.1195,0.7557,-0.0708,29,-0.0001,14.6080,-21.6359,1.7169,64.1440,-1.1172,0.0024,0.1350,0.7982,0.0024,0,0
1789855277.7208,13.8682,-20.1204,-1.1225,0.7621,-0.0743,29,-0.0010,14.6080,-21.6359,1.6864,64.1135,-1.1166,0.0058,0.3350,0.7957,0.0058,0,0
1789855277.7706,13.8813,-20.1489,-1.1245,0.7833,-0.0489,29,-0.0017,14.6080,-21.6359,1.6551,64.0822,-1.1162,0.0082,0.4717,0.7939,0.0082,0,0
1789855277.8195,13.9016,-20.1926,-1.1264,0.8044,-0.0350,29,-0.0027,14.6080,-21.6359,1.6069,64.0340,-1.1156,0.0108,0.6188,0.7920,0.0108,0,0
1789855277.8693,13.9154,-20.2222,-1.1276,0.8161,-0.0305,30,-0.0035,14.9057,-22.2488,2.2556,64.0014,-1.1162,0.0114,0.6533,0.7915,0.0114,0,0
1789855277.9292,13.9295,-20.2512,-1.1264,0.8056,0.0321,30,-0.0035,14.9057,-22.2488,2.2234,63.9692,-1.1162,0.0101,0.5807,0.7925,0.0101,0,0
1789855277.9692,13.9521,-20.2925,-1.1168,0.7788,0.1812,30,-0.0013,14.9057,-22.2488,2.1763,63.9221,-1.1172,-0.0004,-0.0241,0.7997,-0.0004,0,0
1789855278.0191,13.9750,-20.3326,-1.1060,0.7708,0.1605,30,0.0017,14.9057,-22.2488,2.1303,63.8760,-1.1186,-0.0126,-0.7218,0.7906,-0.0126,0,0
1789855278.0697,13.9821,-20.3465,-1.1057,0.7828,0.0634,30,0.0020,14.9057,-22.2488,2.1146,63.8603,-1.1188,-0.0131,-0.7519,0.7903,-0.0131,0,0
1789855278.1225,14.0038,-20.3898,-1.1057,0.8148,0.0000,30,0.0025,14.9057,-22.2488,2.0661,63.8119,-1.1191,-0.0134,-0.7695,0.7900,-0.0134,0,0
1789855278.1693,14.0185,-20.4193,-1.1061,0.8222,-0.0112,30,0.0028,14.9057,-22.2488,2.0333,63.7790,-1.1193,-0.0131,-0.7529,0.7902,-0.0131,0,0
1789855278.2195,14.0322,-20.4485,-1.1093,0.8068,-0.0789,30,0.0023,14.9057,-22.2488,2.0010,63.7467,-1.1190,-0.0098,-0.5601,0.7927,-0.0098,0,0
1789855278.2699,14.0448,-20.4775,-1.1154,0.7892,-0.1521,30,0.0009,14.9057,-22.2488,1.9694,63.7152,-1.1184,-0.0030,-0.1729,0.7978,-0.0030,0,0
1789855278.3194,14.0617,-20.5203,-1.1286,0.7589,-0.2279,30,-0.0027,14.9057,-22.2488,1.9235,63.6694,-1.1165,0.0121,0.6923,0.7910,0.0121,0,0
1789855278.3693,14.0674,-20.5346,-1.1322,0.7623,-0.2036,30,-0.0038,14.9057,-22.2488,1.9082,63.6540,-1.1159,0.0163,0.9332,0.7879,0.0163,0,0
1789855278.4194,14.0795,-20.5631,-1.1362,0.7752,-0.1002,30,-0.0054,14.9057,-22.2488,1.8772,63.6231,-1.1151,0.0211,1.2117,0.7843,0.0211,0,0
1789855278.4691,14.0927,-20.5918,-1.1366,0.7895,-0.0091,30,-0.0061,14.9057,-22.2488,1.8457,63.5915,-1.1147,0.0219,1.2565,0.7837,0.0219,0,0
1789855278.5191,14.1065,-20.6211,-1.1359,0.8091,0.0165,30,-0.0066,14.9057,-22.2488,1.8133,63.5592,-1.1144,0.0216,1.2356,0.7840,0.0216,0,0
1789855278.5696,14.1210,-20.6498,-1.1321,0.8046,0.0957,30,-0.0061,14.9057,-22.2488,1.7811,63.5270,-1.1146,0.0175,1.0054,0.7870,0.0175,0,0
1789855278.6196,14.1434,-20.6930,-1.1254,0.8106,0.1079,30,-0.0050,14.9057,-22.2488,1.7325,63.4783,-1.1152,0.0102,0.5860,0.7924,0.0102,0,0
1789855278.6693,14.1581,-20.7222,-1.1228,0.8170,0.0644,30,-0.0046,14.9057,-22.2488,1.6998,63.4457,-1.1154,0.0074,0.4262,0.7945,0.0074,0,0
1789855278.7192,14.1724,-20.7519,-1.1226,0.8241,0.0062,31,-0.0050,15.1981,-22.8523,2.3375,63.4127,-1.1165,0.0060,0.3461,0.7955,0.0060,0,0
1789855278.7694,14.1863,-20.7811,-1.1229,0.8095,-0.0095,31,-0.0052,15.1981,-22.8523,2.3051,63.3803,-1.1164,0.0065,0.3752,0.7951,0.0065,0,0
1789855278.8192,14.2001,-20.8098,-1.1230,0.7965,-0.0003,31,-0.0054,15.1981,-22.8523,2.2733,63.3485,-1.1163,0.0067,0.3814,0.7951,0.0067,0,0
1789855278.8700,14.2137,-20.8382,-1.1232,0.7852,-0.0049,31,-0.0056,15.1981,-22.8523,2.2419,63.3171,-1.1162,0.0070,0.3994,0.7948,0.0070,0,0
1789855278.9192,14.2338,-20.8801,-1.1234,0.7710,-0.0049,31,-0.0059,15.1981,-22.8523,2.1954,63.2706,-1.1160,0.0073,0.4206,0.7945,0.0073,0,0
1789855278.9721,14.2470,-20.9078,-1.1234,0.7679,0.0000,31,-0.0061,15.1981,-22.8523,2.1647,63.2399,-1.1159,0.0074,0.4266,0.7945,0.0074,0,0
1789855279.0194,14.2603,-20.9355,-1.1234,0.7679,0.0000,31,-0.0062,15.1981,-22.8523,2.1339,63.2092,-1.1158,0.0076,0.4327,0.7944,0.0076,0,0
1789855279.0708,14.2802,-20.9772,-1.1238,0.7705,-0.0115,31,-0.0066,15.1981,-22.8523,2.0878,63.1630,-1.1156,0.0083,0.4743,0.7939,0.0083,0,0
1789855279.1194,14.2937,-21.0054,-1.1240,0.7815,-0.0035,31,-0.0068,15.1981,-22.8523,2.0565,63.1318,-1.1154,0.0086,0.4907,0.7936,0.0086,0,0
1789855279.1722,14.3072,-21.0336,-1.1240,0.7821,0.0000,31,-0.0070,15.1981,-22.8523,2.0252,63.1005,-1.1153,0.0087,0.4983,0.7935,0.0087,0,0
1789855279.2282,14.3275,-21.0759,-1.1240,0.7821,0.0000,31,-0.0073,15.1981,-22.8523,1.9783,63.0536,-1.1151,0.0089,0.5101,0.7934,0.0089,0,0
1789855279.2693,14.3412,-21.1046,-1.1240,0.7949,0.0000,31,-0.0075,15.1981,-22.8523,1.9465,63.0218,-1.1149,0.0090,0.5184,0.7933,0.0090,0,0
1789855279.3191,14.3621,-21.1472,-1.1225,0.7877,0.0377,31,-0.0074,15.1981,-22.8523,1.8991,62.9743,-1.1149,0.0076,0.4330,0.7944,0.0076,0,0
1789855279.3703,14.3762,-21.1752,-1.1203,0.7840,0.0542,31,-0.0069,15.1981,-22.8523,1.8677,62.9430,-1.1151,0.0052,0.2976,0.7961,0.0052,0,0
1789855279.4193,14.3969,-21.2180,-1.1203,0.7911,-0.0003,31,-0.0070,15.1981,-22.8523,1.8201,62.8954,-1.1150,0.0053,0.3061,0.7960,0.0053,0,0
1789855279.4698,14.4037,-21.2321,-1.1203,0.7840,-0.0003,31,-0.0071,15.1981,-22.8523,1.8045,62.8798,-1.1149,0.0054,0.3088,0.7960,0.0054,0,0
1789855279.5194,14.4173,-21.2603,-1.1203,0.7821,0.0000,31,-0.0071,15.1981,-22.8523,1.7732,62.8485,-1.1148,0.0055,0.3143,0.7959,0.0055,0,0
1789855279.5692,14.4378,-21.3025,-1.1203,0.7821,0.0000,31,-0.0073,15.1981,-22.8523,1.7263,62.8016,-1.1147,0.0056,0.3228,0.7958,0.0056,0,0
1789855279.6281,14.4446,-21.3166,-1.1203,0.7821,0.0000,31,-0.0073,15.1981,-22.8523,1.7106,62.7859,-1.1146,0.0057,0.3258,0.7958,0.0057,0,0
1789855279.6693,14.4650,-21.3589,-1.1203,0.7821,0.0000,32,-0.0076,15.4863,-23.4475,2.3250,62.7390,-1.1160,0.0043,0.2468,0.7968,0.0043,0,0
1789855279.7205,14.4786,-21.3870,-1.1203,0.7821,0.0000,32,-0.0077,15.4863,-23.4475,2.2937,62.7077,-1.1160,0.0044,0.2502,0.7968,0.0044,0,0
1789855279.7705,14.4995,-21.4284,-1.1176,0.7685,0.0644,32,-0.0070,15.4863,-23.4475,2.2474,62.6614,-1.1162,0.0015,0.0834,0.7989,0.0015,0,0
1789855279.8195,14.5139,-21.4560,-1.1145,0.7776,0.0798,32,-0.0061,15.4863,-23.4475,2.2162,62.6303,-1.1166,-0.0021,-0.1205,0.7984,-0.0021,0,0
1789855279.8691,14.5286,-21.4841,-1.1113,0.7914,0.0780,32,-0.0052,15.4863,-23.4475,2.1846,62.5986,-1.1170,-0.0056,-0.3232,0.7958,-0.0056,0,0
1789855279.9209,14.5436,-21.5126,-1.1083,0.8053,0.0764,32,-0.0041,15.4863,-23.4475,2.1524,62.5664,-1.1174,-0.0092,-0.5250,0.7932,-0.0092,0,0
1789855279.9694,14.5667,-21.5561,-1.1037,0.8262,0.0745,32,-0.0023,15.4863,-23.4475,2.1031,62.5171,-1.1183,-0.0145,-0.8326,0.7892,-0.0145,0,0
1789855280.0193,14.5826,-21.5854,-1.1001,0.8313,0.0906,32,-0.0008,15.4863,-23.4475,2.0698,62.4838,-1.1190,-0.0189,-1.0807,0.7860,-0.0189,0,0
1789855280.0693,14.5981,-21.6149,-1.0983,0.8336,0.0445,32,0.0003,15.4863,-23.4475,2.0365,62.4505,-1.1195,-0.0212,-1.2142,0.7843,-0.0212,0,0
1789855280.1195,14.6131,-21.6446,-1.0993,0.8320,-0.0236,32,0.0007,15.4863,-23.4475,2.0032,62.4172,-1.1197,-0.0205,-1.1731,0.7848,-0.0205,0,0
1789855280.1691,14.6337,-21.6894,-1.1064,0.8176,-0.1493,32,-0.0003,15.4863,-23.4475,1.9540,62.3680,-1.1193,-0.0129,-0.7371,0.7904,-0.0129,0,0
1789855280.2192,14.6441,-21.7182,-1.1200,0.7616,-0.3389,32,-0.0036,15.4863,-23.4475,1.9235,62.3375,-1.1176,0.0024,0.1365,0.7982,0.0024,0,0
1789855280.2693,14.6546,-21.7468,-1.1311,0.7578,-0.2775,32,-0.0066,15.4863,-23.4475,1.8932,62.3073,-1.1160,0.0151,0.8656,0.7888,0.0151,0,0
1789855280.3194,14.6673,-21.7748,-1.1325,0.7706,-0.0350,32,-0.0074,15.4863,-23.4475,1.8624,62.2765,-1.1155,0.0170,0.9730,0.7874,0.0170,0,0
1789855280.3695,14.6811,-21.8014,-1.1279,0.7474,0.1136,32,-0.0066,15.4863,-23.4475,1.8325,62.2466,-1.1159,0.0121,0.6907,0.7910,0.0121,0,0
1789855280.4199,14.6960,-21.8266,-1.1178,0.7299,0.2530,32,-0.0042,15.4863,-23.4475,1.8033,62.2173,-1.1172,0.0006,0.0358,0.7995,0.0006,0,0
1789855280.4696,14.7119,-21.8522,-1.1064,0.7485,0.2838,32,-0.0011,15.4863,-23.4475,1.7734,62.1874,-1.1189,-0.0124,-0.7127,0.7908,-0.0124,0,0
1789855280.5231,14.7354,-21.8920,-1.0953,0.7754,0.1466,32,0.0026,15.4863,-23.4475,1.7273,62.1413,-1.1210,-0.0257,-1.4748,0.7809,-0.0257,0,0
1789855280.5692,14.7427,-21.9057,-1.0945,0.7769,0.0803,32,0.0032,15.4863,-23.4475,1.7118,62.1257,-1.1214,-0.0270,-1.5444,0.7800,-0.0270,0,0
1789855280.6203,14.7645,-21.9481,-1.0947,0.8021,-0.0065,33,0.0040,15.7701,-24.0344,2.3161,62.0781,-1.1216,-0.0269,-1.5428,0.7800,-0.0269,0,0
1789855280.6698,14.7786,-21.9773,-1.0978,0.8100,-0.0778,33,0.0040,15.7701,-24.0344,2.2837,62.0456,-1.1217,-0.0238,-1.3655,0.7823,-0.0238,0,0
1789855280.7194,14.7974,-22.0208,-1.1091,0.7801,-0.2135,33,0.0019,15.7701,-24.0344,2.2363,61.9984,-1.1208,-0.0117,-0.6706,0.7913,-0.0117,0,0
1789855280.7696,14.8077,-22.0490,-1.1215,0.7471,-0.3099,33,-0.0011,15.7701,-24.0344,2.2064,61.9685,-1.1194,0.0020,0.1169,0.7985,0.0020,0,0
1789855280.8193,14.8182,-22.0771,-1.1316,0.7482,-0.2531,33,-0.0039,15.7701,-24.0344,2.1765,61.9387,-1.1181,0.0135,0.7708,0.7900,0.0135,0,0
1789855280.8753,14.8379,-22.1204,-1.1334,0.8003,-0.0051,33,-0.0050,15.7701,-24.0344,2.1290,61.8912,-1.1176,0.0158,0.9081,0.7882,0.0158,0,0
1789855280.9194,14.8520,-22.1502,-1.1330,0.8257,0.0103,33,-0.0054,15.7701,-24.0344,2.0960,61.8582,-1.1174,0.0156,0.8958,0.7884,0.0156,0,0
1789855280.9694,14.8669,-22.1800,-1.1297,0.8317,0.0826,33,-0.0049,15.7701,-24.0344,2.0627,61.8249,-1.1176,0.0122,0.6963,0.7910,0.0122,0,0
1789855281.0199,14.8827,-22.2091,-1.1230,0.8263,0.1690,33,-0.0034,15.7701,-24.0344,2.0296,61.7918,-1.1183,0.0047,0.2689,0.7965,0.0047,0,0
1789855281.0730,14.9060,-22.2534,-1.1165,0.8364,0.0797,33,-0.0018,15.7701,-24.0344,1.9796,61.7417,-1.1191,-0.0025,-0.1454,0.7981,-0.0025,0,0
1789855281.1194,14.9135,-22.2684,-1.1159,0.8351,0.0520,33,-0.0016,15.7701,-24.0344,1.9629,61.7250,-1.1192,-0.0032,-0.1848,0.7976,-0.0032,0,0
1789855281.1694,14.9288,-22.2958,-1.1096,0.7853,0.1592,33,0.0003,15.7701,-24.0344,1.9315,61.6936,-1.1201,-0.0105,-0.6032,0.7922,-0.0105,0,0
1789855281.2195,14.9446,-22.3227,-1.1014,0.7775,0.2037,33,0.0028,15.7701,-24.0344,1.9004,61.6625,-1.1214,-0.0200,-1.1464,0.7851,-0.0200,0,0
1789855281.2723,14.9608,-22.3505,-1.0944,0.8036,0.1752,33,0.0053,15.7701,-24.0344,1.8683,61.6304,-1.1228,-0.0284,-1.6258,0.7789,-0.0284,0,0
1789855281.3193,14.9840,-22.3937,-1.0919,0.8143,-0.0022,33,0.0073,15.7701,-24.0344,1.8193,61.5813,-1.1240,-0.0321,-1.8392,0.7762,-0.0321,0,0
1789855281.3694,14.9980,-22.4231,-1.0961,0.8137,-0.1050,33,0.0070,15.7701,-24.0344,1.7868,61.5488,-1.1239,-0.0279,-1.5959,0.7793,-0.0279,0,0
1789855281.4193,15.0111,-22.4529,-1.1031,0.8118,-0.1753,33,0.0059,15.7701,-24.0344,1.7543,61.5163,-1.1234,-0.0203,-1.1619,0.7849,-0.0203,0,0
1789855281.4696,15.0235,-22.4824,-1.1115,0.7997,-0.2095,33,0.0042,15.7701,-24.0344,1.7222,61.4843,-1.1224,-0.0110,-0.6281,0.7919,-0.0110,0,0
1789855281.5198,15.0425,-22.5262,-1.1200,0.7949,-0.1121,33,0.0021,15.7701,-24.0344,1.6746,61.4367,-1.1213,-0.0013,-0.0737,0.7990,-0.0013,0,0
1789855281.5695,15.0564,-22.5547,-1.1197,0.7937,0.0070,34,0.0021,16.0489,-24.6156,2.2875,61.4050,-1.1220,-0.0022,-0.1276,0.7983,-0.0022,0,0
1789855281.6198,15.0706,-22.5825,-1.1170,0.7794,0.0692,34,0.0029,16.0489,-24.6156,2.2563,61.3738,-1.1223,-0.0054,-0.3068,0.7960,-0.0054,0,0
1789855281.6690,15.0926,-22.6232,-1.1101,0.7693,0.1243,34,0.0049,16.0489,-24.6156,2.2100,61.3275,-1.1233,-0.0132,-0.7559,0.7902,-0.0132,0,0
1789855281.7193,15.1001,-22.6367,-1.1073,0.7700,0.1336,34,0.0058,16.0489,-24.6156,2.1946,61.3121,-1.1237,-0.0164,-0.9375,0.7878,-0.0164,0,0
1789855281.7695,15.1154,-22.6639,-1.1017,0.7777,0.1421,34,0.0077,16.0489,-24.6156,2.1636,61.2810,-1.1247,-0.0230,-1.3174,0.7829,-0.0230,0,0
1789855281.8223,15.1376,-22.7052,-1.0981,0.7799,0.0183,34,0.0096,16.0489,-24.6156,2.1167,61.2340,-1.1257,-0.0276,-1.5803,0.7795,-0.0276,0,0
1789855281.8693,15.1488,-22.7327,-1.1077,0.7400,-0.2392,34,0.0077,16.0489,-24.6156,2.0870,61.2044,-1.1248,-0.0172,-0.9841,0.7872,-0.0172,0,0
1789855281.9223,15.1593,-22.7605,-1.1185,0.7394,-0.2723,34,0.0051,16.0489,-24.6156,2.0574,61.1749,-1.1236,-0.0051,-0.2921,0.7962,-0.0051,0,0
1789855281.9694,15.1731,-22.7891,-1.1190,0.7939,-0.0113,34,0.0050,16.0489,-24.6156,2.0257,61.1431,-1.1237,-0.0047,-0.2673,0.7965,-0.0047,0,0
1789855282.0190,15.1934,-22.8309,-1.1190,0.7698,0.0000,34,0.0051,16.0489,-24.6156,1.9792,61.0967,-1.1238,-0.0048,-0.2736,0.7965,-0.0048,0,0
1789855282.0717,15.2066,-22.8581,-1.1190,0.7555,0.0000,34,0.0051,16.0489,-24.6156,1.9490,61.0664,-1.1238,-0.0048,-0.2778,0.7964,-0.0048,0,0
1789855282.1212,15.2200,-22.8854,-1.1182,0.7601,0.0187,34,0.0053,16.0489,-24.6156,1.9185,61.0360,-1.1240,-0.0058,-0.3310,0.7957,-0.0058,0,0
1789855282.1716,15.2335,-22.9127,-1.1174,0.7608,0.0207,34,0.0056,16.0489,-24.6156,1.8881,61.0056,-1.1242,-0.0068,-0.3907,0.7949,-0.0068,0,0
1789855282.2193,15.2539,-22.9536,-1.1161,0.7611,0.0216,34,0.0061,16.0489,-24.6156,1.8425,60.9599,-1.1246,-0.0085,-0.4850,0.7937,-0.0085,0,0
1789855282.2694,15.2674,-22.9809,-1.1156,0.7638,0.0129,34,0.0063,16.0489,-24.6156,1.8119,60.9294,-1.1248,-0.0092,-0.5273,0.7932,-0.0092,0,0
1789855282.3196,15.2809,-23.0085,-1.1156,0.7679,0.0000,34,0.0064,16.0489,-24.6156,1.7812,60.8987,-1.1250,-0.0094,-0.5364,0.7930,-0.0094,0,0
1789855282.3748,15.2945,-23.0363,-1.1156,0.7736,0.0000,34,0.0066,16.0489,-24.6156,1.7503,60.8677,-1.1251,-0.0095,-0.5459,0.7929,-0.0095,0,0
1789855282.4194,15.3083,-23.0644,-1.1156,0.7821,0.0000,34,0.0067,16.0489,-24.6156,1.7190,60.8365,-1.1253,-0.0097,-0.5558,0.7928,-0.0097,0,0
1789855282.4695,15.3220,-23.0925,-1.1156,0.7821,0.0000,34,0.0068,16.0489,-24.6156,1.6877,60.8052,-1.1255,-0.0099,-0.5661,0.7927,-0.0099,0,0
1789855282.5193,15.3429,-23.1353,-1.1159,0.7946,-0.0051,34,0.0070,16.0489,-24.6156,1.6401,60.7575,-1.1257,-0.0099,-0.5661,0.7927,-0.0099,0,0
1789855282.5731,15.3569,-23.1640,-1.1159,0.7963,0.0000,35,0.0070,16.3251,-25.1920,2.2473,60.7257,-1.1254,-0.0095,-0.5446,0.7929,-0.0095,0,0
1789855282.6191,15.3778,-23.2068,-1.1161,0.7938,-0.0071,35,0.0071,16.3251,-25.1920,2.1996,60.6780,-1.1255,-0.0094,-0.5383,0.7930,-0.0094,0,0
1789855282.6694,15.3840,-23.2208,-1.1181,0.7784,-0.0562,35,0.0067,16.3251,-25.1920,2.1843,60.6627,-1.1254,-0.0073,-0.4160,0.7946,-0.0073,0,0
1789855282.7198,15.4023,-23.2632,-1.1260,0.7699,-0.1330,35,0.0046,16.3251,-25.1920,2.1382,60.6166,-1.1245,0.0014,0.0828,0.7989,0.0014,0,0
1789855282.7771,15.4145,-23.2920,-1.1309,0.7807,-0.1244,35,0.0031,16.3251,-25.1920,2.1069,60.5854,-1.1239,0.0071,0.4058,0.7947,0.0071,0,0
1789855282.8192,15.4282,-23.3208,-1.1302,0.7967,0.0174,35,0.0029,16.3251,-25.1920,2.0751,60.5536,-1.1238,0.0064,0.3677,0.7952,0.0064,0,0
1789855282.8694,15.4430,-23.3483,-1.1240,0.7795,0.1549,35,0.0042,16.3251,-25.1920,2.0439,60.5223,-1.1245,-0.0005,-0.0283,0.7996,-0.0005,0,0
1789855282.9195,15.4585,-23.3754,-1.1156,0.7806,0.2104,35,0.0064,16.3251,-25.1920,2.0127,60.4911,-1.1257,-0.0100,-0.5758,0.7925,-0.0100,0,0
1789855282.9693,15.4812,-23.4174,-1.1090,0.7909,0.0757,35,0.0085,16.3251,-25.1920,1.9650,60.4434,-1.1269,-0.0179,-1.0236,0.7867,-0.0179,0,0
1789855283.0191,15.4955,-23.4461,-1.1089,0.8012,0.0026,35,0.0089,16.3251,-25.1920,1.9330,60.4113,-1.1272,-0.0183,-1.0474,0.7864,-0.0183,0,0
1789855283.0696,15.5102,-23.4756,-1.1089,0.8233,0.0000,35,0.0093,16.3251,-25.1920,1.9000,60.3784,-1.1275,-0.0186,-1.0656,0.7862,-0.0186,0,0
1789855283.1190,15.5327,-23.5208,-1.1089,0.8447,0.0000,35,0.0099,16.3251,-25.1920,1.8495,60.3279,-1.1280,-0.0191,-1.0946,0.7858,-0.0191,0,0
1789855283.1694,15.5401,-23.5359,-1.1091,0.8450,-0.0047,35,0.0100,16.3251,-25.1920,1.8328,60.3111,-1.1282,-0.0191,-1.0925,0.7858,-0.0191,0,0
1789855283.2243,15.5608,-23.5805,-1.1141,0.8155,-0.1024,35,0.0092,16.3251,-25.1920,1.7836,60.2619,-1.1279,-0.0138,-0.7908,0.7897,-0.0138,0,0
1789855283.2694,15.5732,-23.6098,-1.1208,0.7942,-0.1679,35,0.0076,16.3251,-25.1920,1.7518,60.2302,-1.1271,-0.0063,-0.3611,0.7953,-0.0063,0,0
1789855283.3192,15.5844,-23.6385,-1.1296,0.7682,-0.2182,35,0.0052,16.3251,-25.1920,1.7210,60.1995,-1.1259,0.0037,0.2107,0.7973,0.0037,0,0
1789855283.3696,15.5962,-23.6667,-1.1347,0.7636,-0.1287,35,0.0035,16.3251,-25.1920,1.6905,60.1690,-1.1250,0.0097,0.5571,0.7928,0.0097,0,0
1789855283.4195,15.6093,-23.6950,-1.1351,0.7788,-0.0089,35,0.0030,16.3251,-25.1920,1.6594,60.1379,-1.1247,0.0103,0.5914,0.7923,0.0103,0,0
1789855283.4736,15.6229,-23.7243,-1.1351,0.8091,0.0000,35,0.0025,16.3251,-25.1920,1.6270,60.1056,-1.1245,0.0105,0.6032,0.7922,0.0105,0,0
1789855283.5193,15.6368,-23.7542,-1.1351,0.8233,0.0000,36,0.0011,16.5963,-25.7610,2.2243,60.0726,-1.1248,0.0102,0.5869,0.7924,0.0102,0,0
1789855283.5694,15.6510,-23.7846,-1.1351,0.8376,0.0000,36,0.0007,16.5963,-25.7610,2.1908,60.0392,-1.1247,0.0104,0.5958,0.7923,0.0104,0,0
1789855283.6216,15.6651,-23.8150,-1.1351,0.8390,0.0000,36,0.0003,16.5963,-25.7610,2.1573,60.0056,-1.1245,0.0106,0.6051,0.7922,0.0106,0,0
1789855283.6705,15.6793,-23.8454,-1.1351,0.8390,0.0000,36,-0.0001,16.5963,-25.7610,2.1237,59.9721,-1.1243,0.0107,0.6147,0.7920,0.0107,0,0
1789855283.7193,15.7006,-23.8911,-1.1351,0.8390,0.0000,36,-0.0007,16.5963,-25.7610,2.0734,59.9218,-1.1241,0.0110,0.6296,0.7918,0.0110,0,0
1789855283.7753,15.7146,-23.9213,-1.1351,0.8337,-0.0002,36,-0.0011,16.5963,-25.7610,2.0400,59.8884,-1.1239,0.0112,0.6403,0.7917,0.0112,0,0
1789855283.8195,15.7286,-23.9512,-1.1351,0.8248,0.0000,36,-0.0015,16.5963,-25.7610,2.0070,59.8554,-1.1237,0.0114,0.6509,0.7916,0.0114,0,0
1789855283.8692,15.7424,-23.9809,-1.1350,0.8188,0.0023,36,-0.0018,16.5963,-25.7610,1.9743,59.8227,-1.1235,0.0114,0.6559,0.7915,0.0114,0,0
1789855283.9220,15.7564,-24.0076,-1.1296,0.7550,0.1342,36,-0.0007,16.5963,-25.7610,1.9441,59.7925,-1.1241,0.0055,0.3165,0.7959,0.0055,0,0
1789855283.9691,15.7775,-24.0462,-1.1202,0.7307,0.1445,36,0.0016,16.5963,-25.7610,1.9003,59.7486,-1.1253,-0.0051,-0.2925,0.7962,-0.0051,0,0
1789855284.0196,15.7844,-24.0592,-1.1184,0.7335,0.1155,36,0.0021,16.5963,-25.7610,1.8855,59.7339,-1.1256,-0.0072,-0.4152,0.7946,-0.0072,0,0
1789855284.0699,15.7978,-24.0859,-1.1170,0.7472,0.0350,36,0.0027,16.5963,-25.7610,1.8556,59.7040,-1.1260,-0.0090,-0.5139,0.7933,-0.0090,0,0
1789855284.1192,15.8184,-24.1284,-1.1172,0.7978,-0.0060,36,0.0029,16.5963,-25.7610,1.8084,59.6568,-1.1261,-0.0089,-0.5108,0.7934,-0.0089,0,0
1789855284.1692,15.8325,-24.1576,-1.1178,0.8112,-0.0140,36,0.0030,16.5963,-25.7610,1.7760,59.6243,-1.1262,-0.0084,-0.4834,0.7937,-0.0084,0,0
1789855284.2196,15.8440,-24.1857,-1.1251,0.7574,-0.1836,36,0.0012,16.5963,-25.7610,1.7457,59.5941,-1.1253,-0.0001,-0.0069,0.7999,-0.0001,0,0
1789855284.2705,15.8542,-24.2141,-1.1363,0.7521,-0.2795,36,-0.0019,16.5963,-25.7610,1.7156,59.5641,-1.1235,0.0128,0.7341,0.7905,0.0128,0,0
1789855284.3193,15.8650,-24.2437,-1.1460,0.7835,-0.2427,36,-0.0049,16.5963,-25.7610,1.6843,59.5329,-1.1217,0.0243,1.3932,0.7819,0.0243,0,0
1789855284.3694,15.8832,-24.2897,-1.1546,0.8305,-0.1120,36,-0.0085,16.5963,-25.7610,1.6350,59.4837,-1.1195,0.0351,2.0110,0.7739,0.0351,0,0
1789855284.4192,15.8899,-24.3049,-1.1544,0.8328,-0.0237,36,-0.0090,16.5963,-25.7610,1.6184,59.4670,-1.1191,0.0353,2.0226,0.7738,0.0353,0,0
1789855284.4707,15.9043,-24.3349,-1.1508,0.8316,0.0901,37,-0.0092,16.8703,-26.3275,2.2144,59.4337,-1.1194,0.0315,1.8031,0.7766,0.0315,0,0
1789855284.5192,15.9199,-24.3645,-1.1426,0.8341,0.2051,37,-0.0079,16.8703,-26.3275,2.1810,59.4003,-1.1199,0.0227,1.3025,0.7831,0.0227,0,0
1789855284.5693,15.9451,-24.4070,-1.1236,0.8142,0.3344,37,-0.0035,16.8703,-26.3275,2.1317,59.3510,-1.1218,0.0018,0.1022,0.7987,0.0018,0,0
1789855284.6194,15.9535,-24.4202,-1.1163,0.7926,0.3582,37,-0.0016,16.8703,-26.3275,2.1161,59.3353,-1.1227,-0.0064,-0.3676,0.7952,-0.0064,0,0
1789855284.6725,15.9777,-24.4596,-1.1007,0.7687,0.2152,37,0.0032,16.8703,-26.3275,2.0702,59.2893,-1.1250,-0.0243,-1.3927,0.7819,-0.0243,0,0
1789855284.7193,15.9919,-24.4874,-1.1003,0.7794,0.0108,37,0.0040,16.8703,-26.3275,2.0390,59.2581,-1.1254,-0.0252,-1.4423,0.7813,-0.0252,0,0
1789855284.7695,16.0059,-24.5160,-1.1022,0.7975,-0.0482,37,0.0042,16.8703,-26.3275,2.0071,59.2262,-1.1256,-0.0234,-1.3403,0.7826,-0.0234,0,0
1789855284.8196,16.0189,-24.5453,-1.1085,0.8005,-0.1578,37,0.0032,16.8703,-26.3275,1.9751,59.1942,-1.1251,-0.0166,-0.9513,0.7877,-0.0166,0,0
1789855284.8692,16.0307,-24.5753,-1.1189,0.8026,-0.2604,37,0.0009,16.8703,-26.3275,1.9430,59.1622,-1.1239,-0.0050,-0.2875,0.7963,-0.0050,0,0
1789855284.9194,16.0362,-24.5904,-1.1251,0.7995,-0.2968,37,-0.0006,16.8703,-26.3275,1.9270,59.1463,-1.1231,0.0020,0.1136,0.7985,0.0020,0,0
1789855284.9694,16.0549,-24.6351,-1.1331,0.8135,-0.0699,37,-0.0030,16.8703,-26.3275,1.8786,59.0979,-1.1218,0.0113,0.6475,0.7916,0.0113,0,0
1789855285.0192,16.0745,-24.6771,-1.1334,0.7626,-0.0077,37,-0.0035,16.8703,-26.3275,1.8322,59.0515,-1.1215,0.0119,0.6839,0.7911,0.0119,0,0
1789855285.0691,16.0876,-24.7051,-1.1335,0.7716,-0.0025,37,-0.0038,16.8703,-26.3275,1.8014,59.0207,-1.1213,0.0123,0.7022,0.7909,0.0123,0,0
1789855285.1221,16.1011,-24.7341,-1.1335,0.8006,0.0000,37,-0.0041,16.8703,-26.3275,1.7693,58.9887,-1.1211,0.0125,0.7149,0.7907,0.0125,0,0
1789855285.1730,16.1150,-24.7637,-1.1335,0.8162,0.0000,37,-0.0044,16.8703,-26.3275,1.7367,58.9561,-1.1208,0.0127,0.7283,0.7906,0.0127,0,0
1789855285.2193,16.1289,-24.7935,-1.1335,0.8248,0.0000,37,-0.0048,16.8703,-26.3275,1.7037,58.9231,-1.1206,0.0130,0.7424,0.7904,0.0130,0,0
1789855285.2703,16.1430,-24.8235,-1.1332,0.8276,0.0082,37,-0.0050,16.8703,-26.3275,1.6706,58.8900,-1.1204,0.0128,0.7352,0.7905,0.0128,0,0
1789855285.3235,16.1640,-24.8683,-1.1331,0.8247,0.0000,37,-0.0054,16.8703,-26.3275,1.6211,58.8405,-1.1200,0.0131,0.7519,0.7903,0.0131,0,0
1789855285.3695,16.1710,-24.8831,-1.1328,0.8222,0.0074,37,-0.0055,16.8703,-26.3275,1.6047,58.8241,-1.1199,0.0129,0.7398,0.7904,0.0129,0,0
1789855285.4212,16.1857,-24.9100,-1.1258,0.7641,0.1771,38,-0.0046,17.1402,-26.8891,2.1972,58.7935,-1.1214,0.0043,0.2489,0.7968,0.0043,0,0
1789855285.4692,16.2006,-24.9356,-1.1167,0.7376,0.2270,38,-0.0021,17.1402,-26.8891,2.1677,58.7640,-1.1225,-0.0058,-0.3326,0.7957,-0.0058,0,0
1789855285.5196,16.2151,-24.9622,-1.1116,0.7562,0.1277,38,-0.0004,17.1402,-26.8891,2.1375,58.7337,-1.1232,-0.0116,-0.6672,0.7914,-0.0116,0,0
1789855285.5694,16.2290,-24.9895,-1.1103,0.7672,0.0310,38,0.0004,17.1402,-26.8891,2.1068,58.7030,-1.1235,-0.0132,-0.7574,0.7902,-0.0132,0,0
1789855285.6192,16.2430,-25.0177,-1.1103,0.7864,0.0000,38,0.0009,17.1402,-26.8891,2.0754,58.6716,-1.1237,-0.0134,-0.7689,0.7900,-0.0134,0,0
1789855285.6702,16.2574,-25.0467,-1.1103,0.8091,0.0000,38,0.0014,17.1402,-26.8891,2.0430,58.6392,-1.1240,-0.0136,-0.7811,0.7899,-0.0136,0,0
1789855285.7192,16.2794,-25.0910,-1.1103,0.8248,0.0000,38,0.0021,17.1402,-26.8891,1.9936,58.5898,-1.1243,-0.0140,-0.8004,0.7896,-0.0140,0,0
1789855285.7693,16.2866,-25.1057,-1.1107,0.8218,-0.0086,38,0.0023,17.1402,-26.8891,1.9772,58.5734,-1.1244,-0.0137,-0.7849,0.7898,-0.0137,0,0
1789855285.8191,16.3080,-25.1498,-1.1121,0.8168,-0.0233,38,0.0027,17.1402,-26.8891,1.9282,58.5244,-1.1245,-0.0124,-0.7132,0.7908,-0.0124,0,0
1789855285.8772,16.3225,-25.1793,-1.1122,0.8240,-0.0023,38,0.0031,17.1402,-26.8891,1.8952,58.4914,-1.1247,-0.0126,-0.7194,0.7907,-0.0126,0,0
1789855285.9195,16.3371,-25.2087,-1.1121,0.8196,0.0003,38,0.0036,17.1402,-26.8891,1.8625,58.4587,-1.1249,-0.0128,-0.7329,0.7905,-0.0128,0,0
1789855285.9691,16.3514,-25.2378,-1.1121,0.8106,0.0000,38,0.0040,17.1402,-26.8891,1.8300,58.4262,-1.1252,-0.0130,-0.7459,0.7903,-0.0130,0,0
1789855286.0195,16.3657,-25.2667,-1.1121,0.8054,0.0004,38,0.0045,17.1402,-26.8891,1.7978,58.3940,-1.1254,-0.0133,-0.7602,0.7901,-0.0133,0,0
1789855286.0696,16.3796,-25.2948,-1.1121,0.7840,0.0000,38,0.0049,17.1402,-26.8891,1.7665,58.3627,-1.1256,-0.0135,-0.7738,0.7900,-0.0135,0,0
1789855286.1273,16.3934,-25.3228,-1.1121,0.7821,0.0000,38,0.0054,17.1402,-26.8891,1.7352,58.3314,-1.1259,-0.0137,-0.7877,0.7898,-0.0137,0,0
1789855286.1692,16.4138,-25.3642,-1.1122,0.7675,-0.0010,38,0.0060,17.1402,-26.8891,1.6891,58.2853,-1.1262,-0.0141,-0.8066,0.7895,-0.0141,0,0
1789855286.2193,16.4264,-25.3913,-1.1148,0.7454,-0.0661,38,0.0057,17.1402,-26.8891,1.6592,58.2555,-1.1261,-0.0113,-0.6455,0.7916,-0.0113,0,0
1789855286.2705,16.4378,-25.4180,-1.1206,0.7246,-0.1452,38,0.0045,17.1402,-26.8891,1.6302,58.2265,-1.1253,-0.0047,-0.2695,0.7965,-0.0047,0,0
1789855286.3193,16.4494,-25.4452,-1.1258,0.7394,-0.1299,38,0.0032,17.1402,-26.8891,1.6007,58.1970,-1.1245,0.0013,0.0735,0.7990,0.0013,0,0
1789855286.3721,16.4622,-25.4727,-1.1266,0.7597,-0.0208,38,0.0030,17.1402,-26.8891,1.5703,58.1666,-1.1244,0.0023,0.1312,0.7983,0.0023,0,0
1789855286.4196,16.4758,-25.4998,-1.1245,0.7571,0.0529,39,0.0052,17.4070,-27.4491,2.1603,58.1363,-1.1251,-0.0006,-0.0335,0.7996,-0.0006,0,0
1789855286.4696,16.4904,-25.5267,-1.1184,0.7644,0.1520,39,0.0067,17.4070,-27.4491,2.1297,58.1057,-1.1259,-0.0074,-0.4264,0.7945,-0.0074,0,0
1789855286.5192,16.4980,-25.5403,-1.1149,0.7707,0.1743,39,0.0077,17.4070,-27.4491,2.1142,58.0902,-1.1264,-0.0114,-0.6559,0.7915,-0.0114,0,0
1789855286.5726,16.5215,-25.5816,-1.1047,0.7958,0.1659,39,0.0108,17.4070,-27.4491,2.0668,58.0427,-1.1280,-0.0233,-1.3351,0.7827,-0.0233,0,0
1789855286.6195,16.5376,-25.6102,-1.0990,0.8192,0.1438,39,0.0128,17.4070,-27.4491,2.0341,58.0099,-1.1292,-0.0302,-1.7300,0.7776,-0.0302,0,0
1789855286.6693,16.5531,-25.6393,-1.0969,0.8265,0.0512,39,0.0141,17.4070,-27.4491,2.0011,57.9769,-1.1299,-0.0330,-1.8921,0.7755,-0.0330,0,0
1789855286.7194,16.5677,-25.6692,-1.0992,0.8299,-0.0573,39,0.0143,17.4070,-27.4491,1.9679,57.9437,-1.1302,-0.0310,-1.7749,0.7770,-0.0310,0,0
1789855286.7699,16.5876,-25.7140,-1.1089,0.8123,-0.1787,39,0.0126,17.4070,-27.4491,1.9188,57.8947,-1.1296,-0.0207,-1.1875,0.7846,-0.0207,0,0
1789855286.8194,16.5996,-25.7436,-1.1180,0.7956,-0.2272,39,0.0106,17.4070,-27.4491,1.8870,57.8629,-1.1286,-0.0107,-0.6123,0.7921,-0.0107,0,0
1789855286.8694,16.6118,-25.7729,-1.1249,0.7934,-0.1744,39,0.0087,17.4070,-27.4491,1.8552,57.8312,-1.1278,-0.0029,-0.1650,0.7979,-0.0029,0,0
1789855286.9191,16.6226,-25.8014,-1.1343,0.7602,-0.2334,39,0.0061,17.4070,-27.4491,1.8248,57.8009,-1.1265,0.0078,0.4465,0.7942,0.0078,0,0
1789855286.9709,16.6347,-25.8301,-1.1385,0.7768,-0.1050,39,0.0045,17.4070,-27.4491,1.7938,57.7699,-1.1257,0.0128,0.7315,0.7905,0.0128,0,0
1789855287.0324,16.6479,-25.8590,-1.1388,0.7941,-0.0085,39,0.0038,17.4070,-27.4491,1.7620,57.7381,-1.1254,0.0134,0.7670,0.7901,0.0134,0,0
1789855287.0691,16.6689,-25.9034,-1.1374,0.8182,0.0353,39,0.0033,17.4070,-27.4491,1.7128,57.6890,-1.1253,0.0121,0.6960,0.7910,0.0121,0,0
1789855287.1193,16.6762,-25.9181,-1.1355,0.8176,0.0747,39,0.0035,17.4070,-27.4491,1.6965,57.6726,-1.1254,0.0101,0.5765,0.7925,0.0101,0,0
1789855287.1703,16.6910,-25.9473,-1.1314,0.8176,0.1037,39,0.0042,17.4070,-27.4491,1.6638,57.6399,-1.1259,0.0054,0.3114,0.7960,0.0054,0,0
1789855287.2193,16.7130,-25.9914,-1.1274,0.8240,0.0477,39,0.0047,17.4070,-27.4491,1.6145,57.5906,-1.1265,0.0009,0.0525,0.7993,0.0009,0,0
1789855287.2752,16.7276,-26.0199,-1.1237,0.8018,0.0926,39,0.0055,17.4070,-27.4491,1.5824,57.5585,-1.1271,-0.0034,-0.1945,0.7975,-0.0034,0,0
1789855287.3196,16.7422,-26.0469,-1.1183,0.7661,0.1343,40,0.0061,17.6717,-28.0030,2.1657,57.5278,-1.1272,-0.0089,-0.5100,0.7934,-0.0089,0,0
1789855287.3691,16.7561,-26.0741,-1.1161,0.7628,0.0556,40,0.0068,17.6717,-28.0030,2.1352,57.4973,-1.1276,-0.0115,-0.6611,0.7914,-0.0115,0,0
1789855287.4190,16.7766,-26.1159,-1.1160,0.7807,0.0000,40,0.0072,17.6717,-28.0030,2.0886,57.4508,-1.1279,-0.0119,-0.6814,0.7912,-0.0119,0,0
1789855287.4724,16.7905,-26.1445,-1.1160,0.7949,0.0000,40,0.0074,17.6717,-28.0030,2.0568,57.4190,-1.1281,-0.0121,-0.6919,0.7910,-0.0121,0,0
1789855287.5192,16.8047,-26.1736,-1.1160,0.8091,0.0000,40,0.0076,17.6717,-28.0030,2.0245,57.3866,-1.1283,-0.0123,-0.7029,0.7909,-0.0123,0,0
1789855287.5704,16.8190,-26.2027,-1.1160,0.8105,0.0000,40,0.0078,17.6717,-28.0030,1.9921,57.3542,-1.1284,-0.0125,-0.7144,0.7907,-0.0125,0,0
1789855287.6195,16.8333,-26.2320,-1.1160,0.8162,0.0000,40,0.0080,17.6717,-28.0030,1.9594,57.3216,-1.1287,-0.0127,-0.7263,0.7906,-0.0127,0,0
1789855287.6692,16.8549,-26.2760,-1.1160,0.8124,0.0000,40,0.0084,17.6717,-28.0030,1.9104,57.2726,-1.1290,-0.0130,-0.7449,0.7903,-0.0130,0,0
1789855287.7194,16.8691,-26.3052,-1.1160,0.8105,0.0000,40,0.0086,17.6717,-28.0030,1.8780,57.2401,-1.1292,-0.0132,-0.7578,0.7902,-0.0132,0,0
1789855287.7697,16.8833,-26.3343,-1.1160,0.8102,-0.0010,40,0.0088,17.6717,-28.0030,1.8456,57.2077,-1.1294,-0.0134,-0.7686,0.7900,-0.0134,0,0
1789855287.8192,16.9028,-26.3772,-1.1211,0.7783,-0.1087,40,0.0077,17.6717,-28.0030,1.7985,57.1607,-1.1290,-0.0079,-0.4515,0.7941,-0.0079,0,0
1789855287.8693,16.9139,-26.4048,-1.1284,0.7436,-0.1818,40,0.0058,17.6717,-28.0030,1.7687,57.1310,-1.1280,0.0004,0.0207,0.7997,0.0004,0,0
1789855287.9195,16.9250,-26.4328,-1.1358,0.7506,-0.1858,40,0.0037,17.6717,-28.0030,1.7387,57.1010,-1.1269,0.0089,0.5128,0.7934,0.0089,0,0
1789855287.9694,16.9435,-26.4760,-1.1407,0.7881,-0.0700,40,0.0017,17.6717,-28.0030,1.6917,57.0541,-1.1258,0.0149,0.8552,0.7889,0.0149,0,0
1789855288.0194,16.9501,-26.4907,-1.1415,0.7977,-0.0495,40,0.0012,17.6717,-28.0030,1.6757,57.0381,-1.1256,0.0159,0.9108,0.7882,0.0159,0,0
1789855288.0692,16.9639,-26.5182,-1.1371,0.7692,0.1081,40,0.0018,17.6717,-28.0030,1.6449,57.0073,-1.1260,0.0112,0.6402,0.7917,0.0112,0,0
1789855288.1191,16.9791,-26.5429,-1.1243,0.7198,0.3204,40,0.0048,17.6717,-28.0030,1.6161,56.9784,-1.1279,-0.0036,-0.2045,0.7973,-0.0036,0,0
1789855288.1694,16.9956,-26.5683,-1.1098,0.7539,0.3618,40,0.0086,17.6717,-28.0030,1.5860,56.9482,-1.1304,-0.0206,-1.1786,0.7847,-0.0206,0,0
1789855288.2230,17.0122,-26.5957,-1.0998,0.7969,0.2513,40,0.0118,17.6717,-28.0030,1.5542,56.9163,-1.1326,-0.0328,-1.8793,0.7756,-0.0328,0,0
1789855288.2731,17.0287,-26.6243,-1.0937,0.8253,0.1517,41,0.0132,17.9351,-28.5544,2.1323,56.8833,-1.1318,-0.0380,-2.1793,0.7717,-0.0380,0,0
1789855288.3191,17.0510,-26.6697,-1.0975,0.8466,-0.0955,41,0.0138,17.9351,-28.5544,2.0818,56.8328,-1.1322,-0.0347,-1.9897,0.7742,-0.0347,0,0
1789855288.3693,17.0646,-26.7006,-1.1051,0.8440,-0.1895,41,0.0128,17.9351,-28.5544,2.0480,56.7990,-1.1318,-0.0267,-1.5309,0.7802,-0.0267,0,0
1789855288.4193,17.0770,-26.7318,-1.1158,0.8345,-0.2687,41,0.0106,17.9351,-28.5544,2.0146,56.7657,-1.1308,-0.0150,-0.8578,0.7889,-0.0150,0,0
1789855288.4694,17.0882,-26.7622,-1.1279,0.8078,-0.3033,41,0.0076,17.9351,-28.5544,1.9823,56.7334,-1.1294,-0.0014,-0.0818,0.7989,-0.0014,0,0
1789855288.5196,17.1008,-26.7924,-1.1335,0.8170,-0.1389,41,0.0060,17.9351,-28.5544,1.9496,56.7008,-1.1286,0.0049,0.2799,0.7964,0.0049,0,0
1789855288.5693,17.1216,-26.8359,-1.1319,0.7982,0.0452,41,0.0061,17.9351,-28.5544,1.9014,56.6526,-1.1287,0.0032,0.1855,0.7976,0.0032,0,0
1789855288.6192,17.1350,-26.8632,-1.1303,0.7612,0.0407,41,0.0064,17.9351,-28.5544,1.8709,56.6222,-1.1289,0.0014,0.0813,0.7989,0.0014,0,0
1789855288.6717,17.1480,-26.8910,-1.1303,0.7665,0.0000,41,0.0063,17.9351,-28.5544,1.8403,56.5915,-1.1289,0.0014,0.0826,0.7989,0.0014,0,0
1789855288.7195,17.1613,-26.9192,-1.1303,0.7807,0.0000,41,0.0061,17.9351,-28.5544,1.8091,56.5603,-1.1288,0.0015,0.0841,0.7989,0.0015,0,0
1789855288.7695,17.1747,-26.9475,-1.1303,0.7821,0.0000,41,0.0060,17.9351,-28.5544,1.7778,56.5290,-1.1288,0.0015,0.0855,0.7989,0.0015,0,0
1789855288.8195,17.1880,-26.9758,-1.1303,0.7821,0.0000,41,0.0059,17.9351,-28.5544,1.7465,56.4978,-1.1288,0.0015,0.0870,0.7989,0.0015,0,0
1789855288.8720,17.2016,-27.0046,-1.1303,0.7949,0.0000,41,0.0057,17.9351,-28.5544,1.7147,56.4660,-1.1288,0.0015,0.0887,0.7989,0.0015,0,0
1789855288.9191,17.2152,-27.0334,-1.1303,0.7963,0.0000,41,0.0056,17.9351,-28.5544,1.6828,56.4341,-1.1287,0.0016,0.0904,0.7988,0.0016,0,0
1789855288.9723,17.2285,-27.0617,-1.1303,0.7840,0.0000,41,0.0055,17.9351,-28.5544,1.6515,56.4028,-1.1287,0.0016,0.0921,0.7988,0.0016,0,0
1789855289.0192,17.2485,-27.1042,-1.1303,0.7821,0.0000,41,0.0053,17.9351,-28.5544,1.6046,56.3559,-1.1287,0.0017,0.0948,0.7988,0.0017,0,0
1789855289.0692,17.2619,-27.1325,-1.1303,0.7821,0.0000,41,0.0052,17.9351,-28.5544,1.5733,56.3246,-1.1286,0.0017,0.0967,0.7987,0.0017,0,0
1789855289.1204,17.2752,-27.1608,-1.1303,0.7821,0.0000,41,0.0050,17.9351,-28.5544,1.5420,56.2934,-1.1286,0.0017,0.0986,0.7987,0.0017,0,0
1789855289.1724,17.2885,-27.1889,-1.1303,0.7769,0.0000,42,0.0052,18.1971,-29.1064,2.1219,56.2623,-1.1283,0.0020,0.1153,0.7985,0.0020,0,0
1789855289.2193,17.3082,-27.2302,-1.1294,0.7608,0.0208,42,0.0053,18.1971,-29.1064,2.0762,56.2166,-1.1284,0.0010,0.0559,0.7993,0.0010,0,0
1789855289.2703,17.3214,-27.2577,-1.1289,0.7636,0.0125,42,0.0053,18.1971,-29.1064,2.0456,56.1860,-1.1284,0.0004,0.0243,0.7997,0.0004,0,0
1789855289.3191,17.3413,-27.2998,-1.1289,0.7807,0.0000,42,0.0051,18.1971,-29.1064,1.9990,56.1395,-1.1284,0.0004,0.0249,0.7997,0.0004,0,0
1789855289.3712,17.3547,-27.3281,-1.1289,0.7821,0.0000,42,0.0050,18.1971,-29.1064,1.9678,56.1082,-1.1284,0.0004,0.0253,0.7997,0.0004,0,0
1789855289.4202,17.3681,-27.3564,-1.1289,0.7821,0.0000,42,0.0048,18.1971,-29.1064,1.9365,56.0769,-1.1284,0.0004,0.0257,0.7997,0.0004,0,0
1789855289.4705,17.3884,-27.3993,-1.1289,0.7949,0.0000,42,0.0047,18.1971,-29.1064,1.8890,56.0295,-1.1284,0.0005,0.0264,0.7997,0.0005,0,0
1789855289.5192,17.3952,-27.4137,-1.1289,0.7963,0.0000,42,0.0046,18.1971,-29.1064,1.8731,56.0136,-1.1284,0.0005,0.0266,0.7997,0.0005,0,0
1789855289.5692,17.4084,-27.4423,-1.1299,0.7894,-0.0252,42,0.0042,18.1971,-29.1064,1.8415,55.9820,-1.1282,0.0016,0.0930,0.7988,0.0016,0,0
1789855289.6192,17.4278,-27.4856,-1.1335,0.7940,-0.0580,42,0.0030,18.1971,-29.1064,1.7941,55.9346,-1.1276,0.0059,0.3375,0.7956,0.0059,0,0
1789855289.6695,17.4342,-27.5002,-1.1348,0.7963,-0.0619,42,0.0025,18.1971,-29.1064,1.7782,55.9187,-1.1274,0.0074,0.4259,0.7945,0.0074,0,0
1789855289.7192,17.4536,-27.5445,-1.1387,0.8092,-0.0627,42,0.0009,18.1971,-29.1064,1.7299,55.8705,-1.1265,0.0122,0.6984,0.7909,0.0122,0,0
1789855289.7715,17.4601,-27.5594,-1.1401,0.8116,-0.0669,42,0.0003,18.1971,-29.1064,1.7136,55.8542,-1.1262,0.0139,0.7974,0.7897,0.0139,0,0
1789855289.8194,17.4729,-27.5894,-1.1433,0.8143,-0.0787,42,-0.0010,18.1971,-29.1064,1.6811,55.8217,-1.1254,0.0178,1.0222,0.7867,0.0178,0,0
1789855289.8695,17.4859,-27.6197,-1.1462,0.8258,-0.0728,42,-0.0024,18.1971,-29.1064,1.6481,55.7888,-1.1246,0.0216,1.2371,0.7840,0.0216,0,0
1789855289.9190,17.4993,-27.6500,-1.1470,0.8278,-0.0196,42,-0.0033,18.1971,-29.1064,1.6150,55.7557,-1.1240,0.0230,1.3151,0.7829,0.0230,0,0
1789855289.9691,17.5134,-27.6799,-1.1451,0.8269,0.0466,42,-0.0036,18.1971,-29.1064,1.5819,55.7226,-1.1239,0.0213,1.2178,0.7842,0.0213,0,0
1789855290.0225,17.5278,-27.7092,-1.1411,0.8161,0.1004,42,-0.0031,18.1971,-29.1064,1.5492,55.6900,-1.1241,0.0170,0.9734,0.7874,0.0170,0,0
1789855290.0694,17.5422,-27.7381,-1.1374,0.8051,0.0921,43,-0.0027,18.4582,-29.6554,2.1249,55.6578,-1.1251,0.0123,0.7043,0.7909,0.0123,0,0
1789855290.1241,17.5562,-27.7672,-1.1356,0.8089,0.0448,43,-0.0026,18.4582,-29.6554,2.0926,55.6254,-1.1252,0.0105,0.5990,0.7922,0.0105,0,0
1789855290.1696,17.5697,-27.7966,-1.1362,0.8080,-0.0141,43,-0.0031,18.4582,-29.6554,2.0602,55.5931,-1.1249,0.0113,0.6447,0.7916,0.0113,0,0
1789855290.2193,17.5829,-27.8257,-1.1373,0.7977,-0.0283,43,-0.0037,18.4582,-29.6554,2.0283,55.5612,-1.1246,0.0127,0.7286,0.7906,0.0127,0,0
1789855290.2730,17.5964,-27.8533,-1.1348,0.7678,0.0623,43,-0.0035,18.4582,-29.6554,1.9976,55.5305,-1.1247,0.0101,0.5779,0.7925,0.0101,0,0
1789855290.3192,17.6170,-27.8925,-1.1273,0.7350,0.1339,43,-0.0018,18.4582,-29.6554,1.9533,55.4862,-1.1256,0.0017,0.0958,0.7988,0.0017,0,0
1789855290.3697,17.6303,-27.9187,-1.1243,0.7337,0.0729,43,-0.0011,18.4582,-29.6554,1.9240,55.4568,-1.1260,-0.0016,-0.0934,0.7988,-0.0016,0,0
1789855290.4198,17.6434,-27.9460,-1.1241,0.7577,0.0049,43,-0.0010,18.4582,-29.6554,1.8937,55.4265,-1.1260,-0.0019,-0.1079,0.7986,-0.0019,0,0
1789855290.4694,17.6639,-27.9887,-1.1241,0.7949,0.0000,43,-0.0009,18.4582,-29.6554,1.8463,55.3792,-1.1261,-0.0019,-0.1107,0.7986,-0.0019,0,0
1789855290.5192,17.6771,-28.0177,-1.1262,0.7969,-0.0520,43,-0.0014,18.4582,-29.6554,1.8144,55.3473,-1.1258,0.0004,0.0239,0.7997,0.0004,0,0
1789855290.5727,17.6894,-28.0463,-1.1309,0.7765,-0.1174,43,-0.0027,18.4582,-29.6554,1.7834,55.3163,-1.1251,0.0058,0.3341,0.7957,0.0058,0,0
1789855290.6193,17.7015,-28.0747,-1.1348,0.7716,-0.0978,43,-0.0040,18.4582,-29.6554,1.7525,55.2855,-1.1244,0.0105,0.5989,0.7922,0.0105,0,0
1789855290.6725,17.7141,-28.1025,-1.1360,0.7626,-0.0302,43,-0.0046,18.4582,-29.6554,1.7220,55.2550,-1.1240,0.0120,0.6896,0.7911,0.0120,0,0
1789855290.7202,17.7271,-28.1305,-1.1361,0.7729,-0.0021,43,-0.0050,18.4582,-29.6554,1.6911,55.2241,-1.1238,0.0124,0.7077,0.7908,0.0124,0,0
1789855290.7695,17.7405,-28.1594,-1.1361,0.7949,0.0000,43,-0.0053,18.4582,-29.6554,1.6593,55.1923,-1.1235,0.0126,0.7213,0.7906,0.0126,0,0
1789855290.8195,17.7473,-28.1740,-1.1361,0.8020,0.0000,43,-0.0055,18.4582,-29.6554,1.6431,55.1762,-1.1234,0.0127,0.7284,0.7906,0.0127,0,0
1789855290.8695,17.7679,-28.2183,-1.1361,0.8163,0.0000,43,-0.0060,18.4582,-29.6554,1.5943,55.1274,-1.1230,0.0131,0.7507,0.7903,0.0131,0,0
1789855290.9226,17.7818,-28.2482,-1.1361,0.8248,0.0000,43,-0.0064,18.4582,-29.6554,1.5613,55.0944,-1.1227,0.0134,0.7666,0.7901,0.0134,0,0
1789855290.9755,17.8029,-28.2908,-1.1315,0.7756,0.1160,44,-0.0064,18.7198,-30.2028,2.1204,55.0469,-1.1236,0.0079,0.4502,0.7942,0.0079,0,0
1789855291.0191,17.8174,-28.3170,-1.1240,0.7467,0.1871,44,-0.0045,18.7198,-30.2028,2.0906,55.0170,-1.1245,-0.0005,-0.0273,0.7996,-0.0005,0,0
1789855291.0696,17.8318,-28.3435,-1.1185,0.7541,0.1383,44,-0.0029,18.7198,-30.2028,2.0604,54.9868,-1.1252,-0.0067,-0.3864,0.7950,-0.0067,0,0
1789855291.1193,17.8526,-28.3851,-1.1167,0.7764,0.0123,44,-0.0019,18.7198,-30.2028,2.0140,54.9403,-1.1256,-0.0089,-0.5114,0.7934,-0.0089,0,0
1789855291.1692,17.8665,-28.4137,-1.1167,0.7949,0.0000,44,-0.0016,18.7198,-30.2028,1.9822,54.9085,-1.1258,-0.0091,-0.5196,0.7933,-0.0091,0,0
1789855291.2193,17.8807,-28.4428,-1.1167,0.8091,0.0000,44,-0.0012,18.7198,-30.2028,1.9498,54.8762,-1.1259,-0.0092,-0.5282,0.7932,-0.0092,0,0
1789855291.2725,17.9022,-28.4867,-1.1167,0.8163,0.0000,44,-0.0007,18.7198,-30.2028,1.9009,54.8273,-1.1261,-0.0095,-0.5418,0.7930,-0.0095,0,0
1789855291.3283,17.9094,-28.5015,-1.1168,0.8225,-0.0024,44,-0.0005,18.7198,-30.2028,1.8845,54.8109,-1.1262,-0.0094,-0.5403,0.7930,-0.0094,0,0
1789855291.3694,17.9215,-28.5298,-1.1226,0.7705,-0.1454,44,-0.0018,18.7198,-30.2028,1.8536,54.7801,-1.1255,-0.0029,-0.1683,0.7978,-0.0029,0,0
1789855291.4193,17.9321,-28.5582,-1.1328,0.7538,-0.2557,44,-0.0044,18.7198,-30.2028,1.8235,54.7500,-1.1241,0.0088,0.5014,0.7935,0.0088,0,0
1789855291.4691,17.9429,-28.5873,-1.1423,0.7749,-0.2357,44,-0.0071,18.7198,-30.2028,1.7925,54.7191,-1.1225,0.0198,1.1318,0.7853,0.0198,0,0
1789855291.5201,17.9548,-28.6177,-1.1490,0.8147,-0.1676,44,-0.0094,18.7198,-30.2028,1.7600,54.6866,-1.1211,0.0279,1.5961,0.7793,0.0279,0,0
1789855291.5702,17.9679,-28.6482,-1.1508,0.8300,-0.0449,44,-0.0106,18.7198,-30.2028,1.7268,54.6535,-1.1203,0.0305,1.7465,0.7774,0.0305,0,0
1789855291.6193,17.9824,-28.6785,-1.1475,0.8387,0.0822,44,-0.0105,18.7198,-30.2028,1.6933,54.6200,-1.1202,0.0273,1.5631,0.7797,0.0273,0,0
1789855291.6695,17.9976,-28.7081,-1.1412,0.8319,0.1558,44,-0.0095,18.7198,-30.2028,1.6600,54.5867,-1.1207,0.0206,1.1794,0.7847,0.0206,0,0
1789855291.7192,18.0132,-28.7371,-1.1332,0.8214,0.2017,44,-0.0077,18.7198,-30.2028,1.6271,54.5537,-1.1216,0.0116,0.6641,0.7914,0.0116,0,0
1789855291.7693,18.0293,-28.7649,-1.1229,0.8011,0.2569,44,-0.0051,18.7198,-30.2028,1.5950,54.5216,-1.1231,-0.0002,-0.0109,0.7999,-0.0002,0,0
1789855291.8280,18.0526,-28.8036,-1.1076,0.7451,0.2479,44,-0.0007,18.7198,-30.2028,1.5501,54.4766,-1.1258,-0.0182,-1.0421,0.7865,-0.0182,0,0
1789855291.8693,18.0668,-28.8302,-1.1046,0.7532,0.0763,45,0.0010,18.9801,-30.7501,2.1260,54.4465,-1.1268,-0.0222,-1.2728,0.7835,-0.0222,0,0
1789855291.9193,18.0811,-28.8584,-1.1046,0.7904,-0.0000,45,0.0017,18.9801,-30.7501,2.0944,54.4148,-1.1271,-0.0226,-1.2921,0.7832,-0.0226,0,0
1789855291.9691,18.0952,-28.8877,-1.1066,0.8123,-0.0514,45,0.0019,18.9801,-30.7501,2.0619,54.3824,-1.1272,-0.0206,-1.1794,0.7847,-0.0206,0,0
1789855292.0192,18.1082,-28.9175,-1.1130,0.8132,-0.1578,45,0.0009,18.9801,-30.7501,2.0294,54.3498,-1.1267,-0.0138,-0.7888,0.7898,-0.0138,0,0
1789855292.0692,18.1143,-28.9325,-1.1173,0.8080,-0.1983,45,-0.0000,18.9801,-30.7501,2.0133,54.3338,-1.1263,-0.0090,-0.5154,0.7933,-0.0090,0,0
1789855292.1191,18.1307,-28.9768,-1.1341,0.7796,-0.2951,45,-0.0042,18.9801,-30.7501,1.9662,54.2868,-1.1241,0.0100,0.5712,0.7926,0.0100,0,0
1789855292.1724,18.1414,-29.0057,-1.1437,0.7674,-0.2394,45,-0.0071,18.9801,-30.7501,1.9356,54.2562,-1.1226,0.0210,1.2056,0.7844,0.0210,0,0
1789855292.2312,18.1605,-29.0491,-1.1457,0.7940,-0.0086,45,-0.0084,18.9801,-30.7501,1.8882,54.2089,-1.1218,0.0238,1.3654,0.7823,0.0238,0,0
1789855292.2692,18.1743,-29.0788,-1.1446,0.8197,0.0266,45,-0.0087,18.9801,-30.7501,1.8554,54.1762,-1.1215,0.0230,1.3200,0.7829,0.0230,0,0
1789855292.3195,18.1817,-29.0927,-1.1409,0.8020,0.1198,45,-0.0080,18.9801,-30.7501,1.8397,54.1604,-1.1219,0.0190,1.0874,0.7859,0.0190,0,0
1789855292.3693,18.2057,-29.1304,-1.1186,0.7325,0.3943,45,-0.0025,18.9801,-30.7501,1.7953,54.1159,-1.1248,-0.0063,-0.3597,0.7953,-0.0063,0,0
1789855292.4193,18.2139,-29.1428,-1.1112,0.7339,0.3820,45,-0.0004,18.9801,-30.7501,1.7806,54.1012,-1.1260,-0.0148,-0.8487,0.7890,-0.0148,0,0
1789855292.4695,18.2374,-29.1818,-1.0980,0.7682,0.1653,45,0.0040,18.9801,-30.7501,1.7352,54.0557,-1.1285,-0.0306,-1.7506,0.7773,-0.0306,0,0
1789855292.5195,18.2448,-29.1956,-1.0967,0.7801,0.0938,45,0.0048,18.9801,-30.7501,1.7196,54.0400,-1.1290,-0.0323,-1.8528,0.7760,-0.0323,0,0
1789855292.5694,18.2658,-29.2385,-1.1003,0.7951,-0.0959,45,0.0053,18.9801,-30.7501,1.6719,53.9923,-1.1293,-0.0291,-1.6648,0.7784,-0.0291,0,0
1789855292.6193,18.2779,-29.2675,-1.1089,0.7835,-0.2160,45,0.0038,18.9801,-30.7501,1.6405,53.9610,-1.1285,-0.0196,-1.1204,0.7855,-0.0196,0,0
1789855292.6845,18.2894,-29.2967,-1.1189,0.7822,-0.2490,45,0.0017,18.9801,-30.7501,1.6092,53.9298,-1.1272,-0.0083,-0.4757,0.7938,-0.0083,0,0
1789855292.7195,18.3020,-29.3262,-1.1246,0.8004,-0.1418,45,0.0004,18.9801,-30.7501,1.5772,53.8978,-1.1264,-0.0018,-0.1042,0.7986,-0.0018,0,0
1789855292.7707,18.3155,-29.3554,-1.1262,0.8063,-0.0415,45,0.0000,18.9801,-30.7501,1.5449,53.8656,-1.1261,0.0001,0.0058,0.7999,0.0001,0,0
1789855292.8193,18.3293,-29.3841,-1.1258,0.7958,0.0109,46,0.0008,19.2395,-31.2937,2.1154,53.8337,-1.1260,-0.0002,-0.0121,0.7998,-0.0002,0,0
1789855292.8695,18.3426,-29.4118,-1.1254,0.7678,0.0087,46,0.0008,19.2395,-31.2937,2.0847,53.8030,-1.1260,-0.0006,-0.0346,0.7996,-0.0006,0,0
1789855292.9208,18.3562,-29.4392,-1.1237,0.7639,0.0421,46,0.0012,19.2395,-31.2937,2.0541,53.7725,-1.1263,-0.0025,-0.1441,0.7981,-0.0025,0,0
1789855292.9691,18.3701,-29.4664,-1.1208,0.7651,0.0747,46,0.0021,19.2395,-31.2937,2.0235,53.7419,-1.1267,-0.0059,-0.3402,0.7956,-0.0059,0,0
1789855293.0193,18.3842,-29.4936,-1.1177,0.7648,0.0758,46,0.0030,19.2395,-31.2937,1.9930,53.7113,-1.1272,-0.0095,-0.5427,0.7930,-0.0095,0,0
1789855293.0697,18.3978,-29.5205,-1.1159,0.7542,0.0469,46,0.0038,19.2395,-31.2937,1.9628,53.6811,-1.1276,-0.0118,-0.6733,0.7913,-0.0118,0,0
1789855293.1196,18.4179,-29.5616,-1.1158,0.7665,0.0000,46,0.0042,19.2395,-31.2937,1.9171,53.6354,-1.1279,-0.0122,-0.6963,0.7910,-0.0122,0,0
1789855293.1692,18.4316,-29.5896,-1.1159,0.7798,-0.0030,46,0.0045,19.2395,-31.2937,1.8859,53.6042,-1.1281,-0.0122,-0.7001,0.7909,-0.0122,0,0
1789855293.2196,18.4443,-29.6172,-1.1187,0.7595,-0.0719,46,0.0040,19.2395,-31.2937,1.8555,53.5738,-1.1279,-0.0091,-0.5231,0.7932,-0.0091,0,0
1789855293.2694,18.4559,-29.6448,-1.1246,0.7472,-0.1453,46,0.0026,19.2395,-31.2937,1.8256,53.5440,-1.1272,-0.0026,-0.1497,0.7981,-0.0026,0,0
1789855293.3221,18.4618,-29.6587,-1.1273,0.7505,-0.1479,46,0.0019,19.2395,-31.2937,1.8106,53.5289,-1.1268,0.0005,0.0283,0.7996,0.0005,0,0
1789855293.3698,18.4743,-29.6872,-1.1306,0.7775,-0.0819,46,0.0009,19.2395,-31.2937,1.7795,53.4979,-1.1263,0.0043,0.2456,0.7968,0.0043,0,0
1789855293.4195,18.4881,-29.7157,-1.1293,0.7929,0.0324,46,0.0010,19.2395,-31.2937,1.7477,53.4662,-1.1264,0.0029,0.1646,0.7979,0.0029,0,0
1789855293.4718,18.5028,-29.7440,-1.1248,0.7953,0.1116,46,0.0021,19.2395,-31.2937,1.7159,53.4344,-1.1270,-0.0022,-0.1279,0.7983,-0.0022,0,0
1789855293.5191,18.5256,-29.7857,-1.1158,0.7928,0.1465,46,0.0046,19.2395,-31.2937,1.6685,53.3868,-1.1286,-0.0128,-0.7316,0.7905,-0.0128,0,0
1789855293.5691,18.5410,-29.8142,-1.1108,0.8097,0.1271,46,0.0063,19.2395,-31.2937,1.6361,53.3544,-1.1297,-0.0189,-1.0854,0.7859,-0.0189,0,0
1789855293.6245,18.5569,-29.8433,-1.1060,0.8277,0.1188,46,0.0080,19.2395,-31.2937,1.6030,53.3213,-1.1309,-0.0249,-1.4261,0.7815,-0.0249,0,0
1789855293.6704,18.5729,-29.8728,-1.1019,0.8395,0.1017,46,0.0098,19.2395,-31.2937,1.5695,53.2877,-1.1321,-0.0302,-1.7303,0.7776,-0.0302,0,0
1789855293.7192,18.5950,-29.9181,-1.1049,0.8394,-0.0782,46,0.0101,19.2395,-31.2937,1.5192,53.2374,-1.1326,-0.0277,-1.5874,0.7794,-0.0277,0,0
1789855293.7723,18.6018,-29.9333,-1.1077,0.8382,-0.1215,47,0.0091,19.4984,-31.8363,2.1036,53.2207,-1.1305,-0.0228,-1.3065,0.7831,-0.0228,0,0
1789855293.8196,18.6260,-29.9935,-1.1264,0.7874,-0.2728,47,0.0051,19.4984,-31.8363,2.0389,53.1561,-1.1286,-0.0022,-0.1255,0.7984,-0.0022,0,0
1789855293.8693,18.6363,-30.0219,-1.1368,0.7534,-0.2584,47,0.0023,19.4984,-31.8363,2.0088,53.1261,-1.1272,0.0095,0.5458,0.7929,0.0095,0,0
1789855293.9232,18.6497,-30.0506,-1.1364,0.7907,0.0100,47,0.0020,19.4984,-31.8363,1.9771,53.0944,-1.1271,0.0092,0.5287,0.7931,0.0092,0,0
1789855293.9697,18.6632,-30.0788,-1.1352,0.7806,0.0291,47,0.0021,19.4984,-31.8363,1.9459,53.0632,-1.1271,0.0080,0.4609,0.7940,0.0080,0,0
1789855294.0202,18.6768,-30.1081,-1.1352,0.8091,0.0000,47,0.0018,19.4984,-31.8363,1.9136,53.0309,-1.1270,0.0082,0.4687,0.7939,0.0082,0,0
1789855294.0695,18.6977,-30.1529,-1.1352,0.8248,0.0000,47,0.0014,19.4984,-31.8363,1.8641,52.9815,-1.1268,0.0084,0.4812,0.7938,0.0084,0,0
1789855294.1196,18.7047,-30.1679,-1.1352,0.8248,0.0000,47,0.0013,19.4984,-31.8363,1.8476,52.9650,-1.1267,0.0085,0.4855,0.7937,0.0085,0,0
1789855294.1697,18.7255,-30.2127,-1.1352,0.8248,0.0000,47,0.0009,19.4984,-31.8363,1.7981,52.9156,-1.1265,0.0087,0.4988,0.7935,0.0087,0,0
1789855294.2193,18.7325,-30.2277,-1.1352,0.8248,0.0000,47,0.0007,19.4984,-31.8363,1.7817,52.8991,-1.1264,0.0088,0.5034,0.7935,0.0088,0,0
1789855294.2720,18.7464,-30.2576,-1.1352,0.8248,0.0000,47,0.0005,19.4984,-31.8363,1.7487,52.8661,-1.1262,0.0090,0.5129,0.7933,0.0090,0,0
1789855294.3192,18.7672,-30.3023,-1.1353,0.8199,-0.0024,47,0.0000,19.4984,-31.8363,1.6994,52.8168,-1.1260,0.0093,0.5343,0.7931,0.0093,0,0
1789855294.3692,18.7809,-30.3317,-1.1353,0.8106,0.0000,47,-0.0002,19.4984,-31.8363,1.6670,52.7844,-1.1258,0.0095,0.5447,0.7929,0.0095,0,0
1789855294.4196,18.7944,-30.3609,-1.1354,0.8057,-0.0024,47,-0.0005,19.4984,-31.8363,1.6347,52.7522,-1.1256,0.0098,0.5618,0.7927,0.0098,0,0
1789855294.4693,18.8079,-30.3898,-1.1353,0.7960,0.0011,47,-0.0008,19.4984,-31.8363,1.6029,52.7204,-1.1254,0.0100,0.5701,0.7926,0.0100,0,0
1789855294.5193,18.8216,-30.4175,-1.1326,0.7726,0.0695,47,-0.0003,19.4984,-31.8363,1.5720,52.6895,-1.1257,0.0069,0.3950,0.7949,0.0069,0,0
1789855294.5725,18.8354,-30.4437,-1.1273,0.7393,0.1306,47,0.0009,19.4984,-31.8363,1.5424,52.6599,-1.1264,0.0009,0.0512,0.7993,0.0009,0,0
1789855294.6192,18.8491,-30.4701,-1.1234,0.7432,0.0981,47,0.0020,19.4984,-31.8363,1.5127,52.6302,-1.1271,-0.0037,-0.2128,0.7972,-0.0037,0,0
1789855296.9934,18.8624,-30.4971,-1.1222,0.7524,0.0295,48,0.0028,19.7568,-32.3796,2.0842,52.6001,-1.1273,-0.0050,-0.2891,0.7963,-0.0050,0,0
1789855297.0435,18.8757,-30.5247,-1.1222,0.7665,0.0000,48,0.0029,19.7568,-32.3796,2.0535,52.5694,-1.1274,-0.0051,-0.2934,0.7962,-0.0051,0,0
1789855297.0934,18.8963,-30.5674,-1.1222,0.7949,0.0000,48,0.0031,19.7568,-32.3796,2.0061,52.5220,-1.1275,-0.0052,-0.3004,0.7961,-0.0052,0,0
1789855297.1480,18.9103,-30.5966,-1.1222,0.8091,0.0000,48,0.0032,19.7568,-32.3796,1.9738,52.4897,-1.1276,-0.0053,-0.3053,0.7960,-0.0053,0,0
1789855297.1939,18.9244,-30.6258,-1.1222,0.8106,0.0000,48,0.0033,19.7568,-32.3796,1.9414,52.4573,-1.1277,-0.0054,-0.3104,0.7960,-0.0054,0,0
1789855297.2447,18.9377,-30.6546,-1.1241,0.7948,-0.0461,48,0.0029,19.7568,-32.3796,1.9096,52.4255,-1.1275,-0.0034,-0.1953,0.7975,-0.0034,0,0
1789855297.2931,18.9554,-30.6969,-1.1325,0.7594,-0.1496,48,0.0006,19.7568,-32.3796,1.8638,52.3798,-1.1263,0.0062,0.3545,0.7954,0.0062,0,0
1789855297.3434,18.9674,-30.7252,-1.1367,0.7676,-0.1044,48,-0.0007,19.7568,-32.3796,1.8331,52.3492,-1.1256,0.0111,0.6349,0.7918,0.0111,0,0
1789855297.3937,18.9802,-30.7535,-1.1375,0.7771,-0.0216,48,-0.0013,19.7568,-32.3796,1.8020,52.3181,-1.1253,0.0123,0.7031,0.7909,0.0123,0,0
1789855297.4436,19.0005,-30.7972,-1.1375,0.8092,0.0000,48,-0.0019,19.7568,-32.3796,1.7538,52.2699,-1.1249,0.0126,0.7225,0.7906,0.0126,0,0
1789855297.4935,19.0143,-30.8271,-1.1375,0.8234,0.0000,48,-0.0023,19.7568,-32.3796,1.7209,52.2370,-1.1247,0.0129,0.7363,0.7905,0.0129,0,0
1789855297.5453,19.0281,-30.8571,-1.1378,0.8259,-0.0052,48,-0.0027,19.7568,-32.3796,1.6879,52.2040,-1.1244,0.0133,0.7646,0.7901,0.0133,0,0
1789855297.5934,19.0426,-30.8847,-1.1320,0.7759,0.1449,48,-0.0016,19.7568,-32.3796,1.6568,52.1730,-1.1251,0.0069,0.3936,0.7949,0.0069,0,0
1789855297.6435,19.0578,-30.9099,-1.1204,0.7344,0.2888,48,0.0013,19.7568,-32.3796,1.6274,52.1435,-1.1269,-0.0065,-0.3706,0.7952,-0.0065,0,0
1789855297.6942,19.0736,-30.9360,-1.1100,0.7592,0.2599,48,0.0043,19.7568,-32.3796,1.5971,52.1131,-1.1288,-0.0187,-1.0740,0.7861,-0.0187,0,0
1789855297.7437,19.0892,-30.9639,-1.1041,0.7977,0.1477,48,0.0064,19.7568,-32.3796,1.5652,52.0812,-1.1302,-0.0261,-1.4933,0.7806,-0.0261,0,0
1789855297.7940,19.1039,-30.9926,-1.1036,0.8070,0.0116,48,0.0073,19.7568,-32.3796,1.5330,52.0489,-1.1308,-0.0272,-1.5572,0.7798,-0.0272,0,0
1789855297.8444,19.1149,-31.0217,-1.1157,0.7732,-0.3018,49,0.0047,20.0245,-32.9195,2.1045,52.0180,-1.1239,-0.0082,-0.4672,0.7939,-0.0082,0,0
1789855297.8934,19.1231,-31.0506,-1.1354,0.7409,-0.4930,49,-0.0003,20.0245,-32.9195,2.0749,51.9885,-1.1214,0.0140,0.8024,0.7896,0.0140,0,0
1789855297.9435,19.1350,-31.0804,-1.1420,0.7998,-0.1647,49,-0.0025,20.0245,-32.9195,2.0429,51.9566,-1.1203,0.0217,1.2440,0.7839,0.0217,0,0
1789855297.9969,19.1489,-31.1087,-1.1386,0.7887,0.0844,49,-0.0021,20.0245,-32.9195,2.0113,51.9251,-1.1204,0.0182,1.0447,0.7865,0.0182,0,0
1789855298.0437,19.1633,-31.1344,-1.1301,0.7344,0.2145,49,-0.0002,20.0245,-32.9195,1.9819,51.8957,-1.1213,0.0088,0.5020,0.7935,0.0088,0,0
1789855298.0940,19.1778,-31.1594,-1.1208,0.7216,0.2327,49,0.0022,20.0245,-32.9195,1.9531,51.8667,-1.1224,-0.0017,-0.0971,0.7987,-0.0017,0,0
1789855298.1435,19.1988,-31.2019,-1.1193,0.7963,0.0000,49,0.0028,20.0245,-32.9195,1.9057,51.8194,-1.1227,-0.0034,-0.1941,0.7975,-0.0034,0,0
1789855298.1951,19.2124,-31.2300,-1.1196,0.7806,-0.0079,49,0.0029,20.0245,-32.9195,1.8745,51.7882,-1.1227,-0.0031,-0.1767,0.7977,-0.0031,0,0
1789855298.2434,19.2322,-31.2713,-1.1203,0.7651,-0.0083,49,0.0030,20.0245,-32.9195,1.8287,51.7423,-1.1227,-0.0024,-0.1372,0.7982,-0.0024,0,0
1789855298.2932,19.2456,-31.2990,-1.1203,0.7679,0.0000,49,0.0032,20.0245,-32.9195,1.7979,51.7116,-1.1227,-0.0024,-0.1395,0.7982,-0.0024,0,0
1789855298.3439,19.2589,-31.3266,-1.1203,0.7679,0.0000,49,0.0033,20.0245,-32.9195,1.7672,51.6809,-1.1228,-0.0025,-0.1420,0.7982,-0.0025,0,0
1789855298.3933,19.2790,-31.3681,-1.1203,0.7679,0.0000,49,0.0036,20.0245,-32.9195,1.7212,51.6349,-1.1228,-0.0025,-0.1458,0.7981,-0.0025,0,0
1789855298.4436,19.2926,-31.3962,-1.1203,0.7807,0.0000,49,0.0037,20.0245,-32.9195,1.6899,51.6036,-1.1229,-0.0026,-0.1485,0.7981,-0.0026,0,0
1789855298.4940,19.3064,-31.4248,-1.1203,0.7949,0.0000,49,0.0039,20.0245,-32.9195,1.6581,51.5719,-1.1229,-0.0026,-0.1513,0.7980,-0.0026,0,0
1789855298.5432,19.3203,-31.4535,-1.1203,0.7963,0.0000,49,0.0041,20.0245,-32.9195,1.6263,51.5400,-1.1230,-0.0027,-0.1543,0.7980,-0.0027,0,0
1789855298.5982,19.3342,-31.4822,-1.1203,0.7963,0.0000,49,0.0042,20.0245,-32.9195,1.5944,51.5082,-1.1230,-0.0027,-0.1573,0.7980,-0.0027,0,0
1789855298.6434,19.3550,-31.5252,-1.1203,0.7963,0.0000,49,0.0045,20.0245,-32.9195,1.5466,51.4604,-1.1231,-0.0028,-0.1622,0.7979,-0.0028,0,0
1789855298.6935,19.3686,-31.5534,-1.1203,0.7840,0.0000,49,0.0047,20.0245,-32.9195,1.5153,51.4290,-1.1232,-0.0029,-0.1655,0.7979,-0.0029,0,0
1789855298.7442,19.3823,-31.5816,-1.1203,0.7821,0.0000,50,0.0045,20.3101,-33.4606,2.0956,51.3978,-1.1121,0.0082,0.4687,0.7939,0.0082,0,0
1789855298.8089,19.3959,-31.6098,-1.1203,0.7821,0.0000,50,0.0047,20.3101,-33.4606,2.0643,51.3665,-1.1120,0.0083,0.4758,0.7938,0.0083,0,0
1789855298.8433,19.4096,-31.6377,-1.1196,0.7780,0.0174,50,0.0050,20.3101,-33.4606,2.0332,51.3354,-1.1120,0.0076,0.4382,0.7943,0.0076,0,0
1789855298.8964,19.4235,-31.6652,-1.1176,0.7707,0.0498,50,0.0058,20.3101,-33.4606,2.0023,51.3045,-1.1121,0.0055,0.3154,0.7959,0.0055,0,0
1789855298.9437,19.4374,-31.6930,-1.1165,0.7755,0.0292,50,0.0064,20.3101,-33.4606,1.9713,51.2735,-1.1122,0.0043,0.2442,0.7968,0.0043,0,0
1789855298.9939,19.4511,-31.7212,-1.1169,0.7846,-0.0111,50,0.0066,20.3101,-33.4606,1.9399,51.2421,-1.1121,0.0048,0.2771,0.7964,0.0048,0,0
1789855299.0456,19.4643,-31.7494,-1.1185,0.7787,-0.0413,50,0.0065,20.3101,-33.4606,1.9088,51.2110,-1.1118,0.0068,0.3895,0.7949,0.0068,0,0
1789855299.1055,19.4776,-31.7778,-1.1203,0.7838,-0.0445,50,0.0063,20.3101,-33.4606,1.8774,51.1797,-1.1114,0.0089,0.5126,0.7934,0.0089,0,0
1789855299.1435,19.4909,-31.8066,-1.1221,0.7924,-0.0449,50,0.0060,20.3101,-33.4606,1.8458,51.1480,-1.1110,0.0112,0.6394,0.7917,0.0112,0,0
1789855299.1965,19.5042,-31.8355,-1.1244,0.7951,-0.0566,50,0.0056,20.3101,-33.4606,1.8140,51.1162,-1.1104,0.0140,0.7995,0.7896,0.0140,0,0
1789855299.2433,19.5243,-31.8796,-1.1276,0.8091,-0.0556,50,0.0048,20.3101,-33.4606,1.7655,51.0678,-1.1095,0.0181,1.0362,0.7866,0.0181,0,0
1789855299.2988,19.5311,-31.8945,-1.1286,0.8144,-0.0542,50,0.0045,20.3101,-33.4606,1.7491,51.0514,-1.1092,0.0194,1.1116,0.7856,0.0194,0,0
1789855299.3435,19.5448,-31.9246,-1.1305,0.8271,-0.0474,50,0.0039,20.3101,-33.4606,1.7161,51.0184,-1.1085,0.0220,1.2589,0.7837,0.0220,0,0
1789855299.3931,19.5656,-31.9699,-1.1320,0.8284,-0.0153,50,0.0033,20.3101,-33.4606,1.6663,50.9686,-1.1076,0.0244,1.3993,0.7819,0.0244,0,0
1789855299.4434,19.5799,-31.9992,-1.1305,0.8158,0.0392,50,0.0036,20.3101,-33.4606,1.6336,50.9360,-1.1074,0.0231,1.3226,0.7829,0.0231,0,0
1789855299.5006,19.5944,-32.0281,-1.1275,0.8079,0.0737,50,0.0042,20.3101,-33.4606,1.6013,50.9036,-1.1074,0.0201,1.1518,0.7851,0.0201,0,0
1789855299.5434,19.6090,-32.0569,-1.1243,0.8066,0.0795,50,0.0051,20.3101,-33.4606,1.5690,50.8714,-1.1076,0.0168,0.9620,0.7875,0.0168,0,0
1789855299.5935,19.6162,-32.0709,-1.1222,0.7959,0.0945,50,0.0057,20.3101,-33.4606,1.5533,50.8556,-1.1077,0.0145,0.8315,0.7892,0.0145,0,0
1789855299.6435,19.6309,-32.0973,-1.1156,0.7539,0.1653,50,0.0076,20.3101,-33.4606,1.5231,50.8254,-1.1086,0.0070,0.4024,0.7948,0.0070,0,0
1789855299.6933,19.6526,-32.1357,-1.1066,0.7372,0.1235,51,0.0150,20.5830,-33.9907,2.0753,50.7813,-1.1059,0.0007,0.0428,0.7994,0.0007,0,0
1789855299.7435,19.6662,-32.1624,-1.1058,0.7488,0.0205,51,0.0153,20.5830,-33.9907,2.0453,50.7514,-1.1060,-0.0002,-0.0099,0.7999,-0.0002,0,0
1789855299.7932,19.6859,-32.2045,-1.1106,0.7750,-0.1037,51,0.0142,20.5830,-33.9907,1.9988,50.7049,-1.1054,0.0052,0.2998,0.7961,0.0052,0,0
1789855299.8454,19.6919,-32.2187,-1.1139,0.7721,-0.1502,51,0.0134,20.5830,-33.9907,1.9834,50.6895,-1.1049,0.0091,0.5190,0.7933,0.0091,0,0
1789855299.8932,19.7104,-32.2615,-1.1223,0.7734,-0.1240,51,0.0109,20.5830,-33.9907,1.9369,50.6430,-1.1035,0.0188,1.0785,0.7860,0.0188,0,0
1789855299.9433,19.7233,-32.2893,-1.1238,0.7657,-0.0392,51,0.0101,20.5830,-33.9907,1.9063,50.6124,-1.1029,0.0209,1.1986,0.7845,0.0209,0,0
1789855299.9932,19.7366,-32.3172,-1.1239,0.7729,-0.0021,51,0.0096,20.5830,-33.9907,1.8754,50.5815,-1.1026,0.0214,1.2238,0.7841,0.0214,0,0
1789855300.0432,19.7508,-32.3437,-1.1189,0.7518,0.1258,51,0.0106,20.5830,-33.9907,1.8453,50.5514,-1.1029,0.0160,0.9139,0.7882,0.0160,0,0
1789855300.0936,19.7580,-32.3566,-1.1156,0.7402,0.1640,51,0.0113,20.5830,-33.9907,1.8305,50.5366,-1.1033,0.0123,0.7038,0.7909,0.0123,0,0
1789855300.1488,19.7803,-32.3962,-1.1063,0.7622,0.1411,51,0.0137,20.5830,-33.9907,1.7851,50.4912,-1.1044,0.0018,0.1057,0.7986,0.0018,0,0
1789855300.1935,19.7952,-32.4234,-1.1022,0.7731,0.1024,51,0.0149,20.5830,-33.9907,1.7542,50.4603,-1.1050,-0.0029,-0.1634,0.7979,-0.0029,0,0
1789855300.2438,19.8096,-32.4519,-1.1020,0.7982,0.0058,51,0.0153,20.5830,-33.9907,1.7223,50.4284,-1.1051,-0.0032,-0.1821,0.7976,-0.0032,0,0
1789855300.2936,19.8245,-32.4812,-1.1020,0.8234,0.0000,51,0.0155,20.5830,-33.9907,1.6893,50.3954,-1.1052,-0.0032,-0.1857,0.7976,-0.0032,0,0
1789855300.3435,19.8397,-32.5111,-1.1020,0.8376,0.0000,51,0.0158,20.5830,-33.9907,1.6558,50.3619,-1.1053,-0.0033,-0.1894,0.7975,-0.0033,0,0
1789855300.3933,19.8624,-32.5560,-1.1020,0.8390,0.0000,51,0.0163,20.5830,-33.9907,1.6055,50.3116,-1.1054,-0.0034,-0.1954,0.7975,-0.0034,0,0
1789855300.4434,19.8700,-32.5710,-1.1020,0.8390,0.0000,51,0.0164,20.5830,-33.9907,1.5887,50.2948,-1.1054,-0.0034,-0.1974,0.7974,-0.0034,0,0
1789855300.4943,19.8852,-32.6009,-1.1020,0.8390,0.0000,51,0.0167,20.5830,-33.9907,1.5552,50.2612,-1.1055,-0.0035,-0.2017,0.7974,-0.0035,0,0
1789855300.5434,19.9079,-32.6457,-1.1018,0.8350,0.0050,52,0.0247,20.8545,-34.5151,2.0955,50.2111,-1.1021,-0.0003,-0.0182,0.7998,-0.0003,0,0
1789855300.5964,19.9227,-32.6747,-1.1014,0.8153,0.0096,52,0.0243,20.8545,-34.5151,2.0629,50.1785,-1.1021,-0.0008,-0.0434,0.7994,-0.0008,0,0
1789855300.6471,19.9372,-32.7032,-1.1012,0.7996,0.0053,52,0.0238,20.8545,-34.5151,2.0309,50.1465,-1.1022,-0.0010,-0.0579,0.7992,-0.0010,0,0
1789855300.6936,19.9501,-32.7309,-1.1050,0.7622,-0.0958,52,0.0223,20.8545,-34.5151,2.0004,50.1160,-1.1017,0.0033,0.1899,0.7975,0.0033,0,0
1789855300.7433,19.9626,-32.7586,-1.1098,0.7586,-0.1211,52,0.0204,20.8545,-34.5151,1.9701,50.0857,-1.1010,0.0089,0.5084,0.7934,0.0089,0,0
1789855300.7936,19.9752,-32.7867,-1.1143,0.7708,-0.1123,52,0.0184,20.8545,-34.5151,1.9392,50.0548,-1.1002,0.0141,0.8096,0.7895,0.0141,0,0
1789855300.8437,19.9883,-32.8155,-1.1178,0.7919,-0.0864,52,0.0165,20.8545,-34.5151,1.9076,50.0232,-1.0995,0.0183,1.0492,0.7864,0.0183,0,0
1789855300.9012,20.0087,-32.8599,-1.1216,0.8165,-0.0632,52,0.0139,20.8545,-34.5151,1.8588,49.9744,-1.0984,0.0232,1.3305,0.7827,0.0232,0,0
1789855300.9433,20.0230,-32.8896,-1.1216,0.8232,0.0009,52,0.0127,20.8545,-34.5151,1.8259,49.9415,-1.0980,0.0236,1.3524,0.7825,0.0236,0,0
1789855300.9956,20.0380,-32.9188,-1.1185,0.8197,0.0784,52,0.0123,20.8545,-34.5151,1.7931,49.9087,-1.0980,0.0204,1.1706,0.7848,0.0204,0,0
1789855301.0434,20.0535,-32.9472,-1.1129,0.8103,0.1393,52,0.0127,20.8545,-34.5151,1.7606,49.8762,-1.0985,0.0144,0.8240,0.7893,0.0144,0,0
1789855301.0935,20.0695,-32.9745,-1.1045,0.7887,0.2099,52,0.0141,20.8545,-34.5151,1.7291,49.8447,-1.0995,0.0049,0.2830,0.7963,0.0049,0,0
1789855301.1440,20.0858,-33.0004,-1.0934,0.7611,0.2769,52,0.0165,20.8545,-34.5151,1.6986,49.8142,-1.1012,-0.0078,-0.4471,0.7942,-0.0078,0,0
1789855301.1932,20.1009,-33.0275,-1.0902,0.7763,0.0794,52,0.0171,20.8545,-34.5151,1.6676,49.7832,-1.1019,-0.0117,-0.6678,0.7913,-0.0117,0,0
1789855301.2435,20.1149,-33.0553,-1.0919,0.7782,-0.0419,52,0.0165,20.8545,-34.5151,1.6365,49.7521,-1.1018,-0.0099,-0.5690,0.7926,-0.0099,0,0
1789855301.2949,20.1278,-33.0838,-1.0979,0.7803,-0.1507,52,0.0147,20.8545,-34.5151,1.6052,49.7208,-1.1010,-0.0031,-0.1770,0.7977,-0.0031,0,0
1789855301.3440,20.1397,-33.1124,-1.1072,0.7719,-0.2315,52,0.0118,20.8545,-34.5151,1.5744,49.6900,-1.0995,0.0077,0.4408,0.7943,0.0077,0,0
1789855301.3958,20.1515,-33.1410,-1.1155,0.7723,-0.2079,52,0.0089,20.8545,-34.5151,1.5435,49.6591,-1.0979,0.0176,1.0097,0.7869,0.0176,0,0
1789855301.4434,20.1709,-33.1827,-1.1185,0.7651,-0.0211,52,0.0066,20.8545,-34.5151,1.4975,49.6131,-1.0968,0.0218,1.2473,0.7838,0.0218,0,0
1789855301.4939,20.1777,-33.1968,-1.1185,0.7730,-0.0025,53,0.0031,21.1240,-35.0377,2.0698,49.5975,-1.0960,0.0225,1.2912,0.7833,0.0225,0,0
1789855301.5455,20.1917,-33.2256,-1.1185,0.8006,0.0000,53,0.0023,21.1240,-35.0377,2.0378,49.5655,-1.0956,0.0229,1.3115,0.7830,0.0229,0,0
1789855301.5933,20.2061,-33.2551,-1.1182,0.8205,0.0083,53,0.0017,21.1240,-35.0377,2.0050,49.5327,-1.0953,0.0229,1.3113,0.7830,0.0229,0,0
1789855301.6437,20.2210,-33.2844,-1.1163,0.8211,0.0478,53,0.0014,21.1240,-35.0377,1.9722,49.4999,-1.0952,0.0211,1.2087,0.7843,0.0211,0,0
1789855301.7047,20.2359,-33.3134,-1.1138,0.8177,0.0623,53,0.0014,21.1240,-35.0377,1.9395,49.4672,-1.0952,0.0186,1.0664,0.7862,0.0186,0,0
1789855301.7432,20.2584,-33.3575,-1.1112,0.8248,0.0415,53,0.0012,21.1240,-35.0377,1.8900,49.4177,-1.0951,0.0161,0.9250,0.7880,0.0161,0,0
1789855301.7945,20.2731,-33.3869,-1.1106,0.8212,0.0145,53,0.0009,21.1240,-35.0377,1.8572,49.3848,-1.0949,0.0158,0.9030,0.7883,0.0158,0,0
1789855301.8436,20.2875,-33.4161,-1.1108,0.8136,-0.0046,53,0.0003,21.1240,-35.0377,1.8246,49.3523,-1.0946,0.0163,0.9312,0.7879,0.0163,0,0
1789855301.8935,20.3018,-33.4443,-1.1101,0.7913,0.0190,53,0.0000,21.1240,-35.0377,1.7930,49.3207,-1.0944,0.0157,0.8979,0.7884,0.0157,0,0
1789855301.9435,20.3165,-33.4701,-1.1037,0.7418,0.1594,53,0.0013,21.1240,-35.0377,1.7633,49.2910,-1.0951,0.0086,0.4921,0.7936,0.0086,0,0
1789855301.9935,20.3312,-33.4958,-1.0979,0.7379,0.1447,53,0.0026,21.1240,-35.0377,1.7338,49.2615,-1.0959,0.0020,0.1171,0.7985,0.0020,0,0
1789855302.0486,20.3456,-33.5223,-1.0949,0.7542,0.0762,53,0.0034,21.1240,-35.0377,1.7036,49.2313,-1.0963,-0.0015,-0.0832,0.7989,-0.0015,0,0
1789855302.0948,20.3674,-33.5643,-1.0948,0.7949,0.0000,53,0.0034,21.1240,-35.0377,1.6562,49.1839,-1.0964,-0.0016,-0.0924,0.7988,-0.0016,0,0
1789855302.1434,20.3748,-33.5787,-1.0948,0.8020,0.0000,53,0.0034,21.1240,-35.0377,1.6401,49.1678,-1.0964,-0.0016,-0.0933,0.7988,-0.0016,0,0
1789855302.1932,20.3898,-33.6080,-1.0948,0.8233,0.0000,53,0.0035,21.1240,-35.0377,1.6072,49.1349,-1.0964,-0.0017,-0.0952,0.7988,-0.0017,0,0
1789855302.2432,20.4050,-33.6373,-1.0948,0.8248,0.0000,53,0.0035,21.1240,-35.0377,1.5742,49.1019,-1.0964,-0.0017,-0.0972,0.7987,-0.0017,0,0
1789855302.2947,20.4201,-33.6666,-1.0948,0.8248,0.0000,53,0.0035,21.1240,-35.0377,1.5412,49.0689,-1.0965,-0.0017,-0.0993,0.7987,-0.0017,0,0
1789855302.3436,20.4352,-33.6959,-1.0949,0.8237,-0.0031,53,0.0035,21.1240,-35.0377,1.5082,49.0359,-1.0965,-0.0016,-0.0932,0.7988,-0.0016,0,0
1789855302.3944,20.4491,-33.7247,-1.0980,0.7991,-0.0769,54,0.0034,21.3930,-35.5596,2.0635,49.0040,-1.0957,0.0023,0.1294,0.7983,0.0023,0,0
1789855302.4435,20.4619,-33.7531,-1.1033,0.7781,-0.1341,54,0.0018,21.3930,-35.5596,2.0324,48.9728,-1.0949,0.0084,0.4797,0.7938,0.0084,0,0
1789855302.4961,20.4752,-33.7811,-1.1062,0.7758,-0.0719,54,0.0007,21.3930,-35.5596,2.0014,48.9418,-1.0944,0.0118,0.6743,0.7913,0.0118,0,0
1789855302.5434,20.4890,-33.8089,-1.1066,0.7760,-0.0107,54,0.0002,21.3930,-35.5596,1.9703,48.9108,-1.0942,0.0124,0.7130,0.7908,0.0124,0,0
1789855302.5958,20.5104,-33.8516,-1.1066,0.7963,0.0000,54,-0.0005,21.3930,-35.5596,1.9226,48.8631,-1.0939,0.0128,0.7307,0.7905,0.0128,0,0
1789855302.6527,20.5249,-33.8805,-1.1066,0.8091,0.0000,54,-0.0009,21.3930,-35.5596,1.8902,48.8307,-1.0936,0.0130,0.7432,0.7904,0.0130,0,0
1789855302.6935,20.5395,-33.9097,-1.1066,0.8162,0.0000,54,-0.0013,21.3930,-35.5596,1.8576,48.7981,-1.0934,0.0132,0.7563,0.7902,0.0132,0,0
1789855302.7434,20.5543,-33.9392,-1.1066,0.8248,0.0000,54,-0.0018,21.3930,-35.5596,1.8246,48.7651,-1.0932,0.0134,0.7700,0.7900,0.0134,0,0
1789855302.7944,20.5691,-33.9686,-1.1062,0.8223,0.0109,54,-0.0021,21.3930,-35.5596,1.7917,48.7322,-1.0930,0.0132,0.7556,0.7902,0.0132,0,0
1789855302.8434,20.5929,-34.0090,-1.0945,0.7701,0.2392,54,0.0004,21.3930,-35.5596,1.7449,48.6854,-1.0945,-0.0000,-0.0010,0.8000,-0.0000,0,0
1789855302.8951,20.6012,-34.0216,-1.0886,0.7552,0.2886,54,0.0020,21.3930,-35.5596,1.7299,48.6704,-1.0954,-0.0068,-0.3906,0.7949,-0.0068,0,0
1789855302.9438,20.6250,-34.0613,-1.0789,0.7804,0.1163,54,0.0049,21.3930,-35.5596,1.6837,48.6242,-1.0972,-0.0183,-1.0465,0.7864,-0.0183,0,0
1789855302.9934,20.6410,-34.0894,-1.0759,0.8093,0.0756,54,0.0062,21.3930,-35.5596,1.6514,48.5918,-1.0980,-0.0221,-1.2688,0.7835,-0.0221,0,0
1789855303.0432,20.6572,-34.1187,-1.0748,0.8355,0.0281,54,0.0071,21.3930,-35.5596,1.6180,48.5584,-1.0987,-0.0239,-1.3706,0.7822,-0.0239,0,0
1789855303.0945,20.6726,-34.1483,-1.0766,0.8342,-0.0459,54,0.0072,21.3930,-35.5596,1.5846,48.5251,-1.0989,-0.0223,-1.2767,0.7834,-0.0223,0,0
1789855303.1435,20.6872,-34.1783,-1.0821,0.8348,-0.1371,54,0.0063,21.3930,-35.5596,1.5512,48.4917,-1.0984,-0.0163,-0.9354,0.7879,-0.0163,0,0
1789855303.2015,20.7010,-34.2084,-1.0893,0.8264,-0.1796,54,0.0047,21.3930,-35.5596,1.5181,48.4586,-1.0975,-0.0082,-0.4708,0.7939,-0.0082,0,0
1789855303.2438,20.7223,-34.2530,-1.0952,0.8222,-0.0796,55,0.0027,21.6635,-36.0831,2.0579,48.4092,-1.0958,-0.0006,-0.0321,0.7996,-0.0006,0,0
1789855303.2933,20.7298,-34.2677,-1.0955,0.8234,-0.0436,55,0.0026,21.6635,-36.0831,2.0415,48.3927,-1.0958,-0.0003,-0.0161,0.7998,-0.0003,0,0
1789855303.3437,20.7530,-34.3106,-1.0919,0.8091,0.0747,55,0.0035,21.6635,-36.0831,1.9927,48.3439,-1.0963,-0.0043,-0.2488,0.7968,-0.0043,0,0
1789855303.3934,20.7689,-34.3383,-1.0870,0.7975,0.1235,55,0.0050,21.6635,-36.0831,1.9608,48.3121,-1.0970,-0.0100,-0.5747,0.7925,-0.0100,0,0
1789855303.4434,20.7851,-34.3659,-1.0815,0.7995,0.1379,55,0.0067,21.6635,-36.0831,1.9288,48.2801,-1.0980,-0.0165,-0.9446,0.7878,-0.0165,0,0
1789855303.4935,20.8016,-34.3935,-1.0754,0.8029,0.1528,55,0.0088,21.6635,-36.0831,1.8968,48.2480,-1.0991,-0.0237,-1.3607,0.7824,-0.0237,0,0
1789855303.5433,20.8251,-34.4350,-1.0726,0.7880,0.0042,55,0.0105,21.6635,-36.0831,1.8491,48.2003,-1.1002,-0.0276,-1.5823,0.7795,-0.0276,0,0
1789855303.5930,20.8418,-34.4749,-1.0886,0.7092,-0.2960,55,0.0071,21.6635,-36.0831,1.8059,48.1572,-1.0984,-0.0098,-0.5638,0.7927,-0.0098,0,0
1789855303.6435,20.8521,-34.5017,-1.1007,0.7125,-0.3030,55,0.0040,21.6635,-36.0831,1.7774,48.1287,-1.0967,0.0040,0.2267,0.7971,0.0040,0,0
1789855303.6932,20.8654,-34.5298,-1.1037,0.7786,-0.0755,55,0.0030,21.6635,-36.0831,1.7463,48.0975,-1.0962,0.0075,0.4316,0.7944,0.0075,0,0
1789855303.7434,20.8793,-34.5568,-1.1029,0.7578,0.0203,55,0.0029,21.6635,-36.0831,1.7160,48.0672,-1.0962,0.0067,0.3858,0.7950,0.0067,0,0
1789855303.7989,20.8941,-34.5834,-1.0983,0.7615,0.1140,55,0.0039,21.6635,-36.0831,1.6855,48.0368,-1.0968,0.0016,0.0899,0.7988,0.0016,0,0
1789855303.8543,20.9096,-34.6100,-1.0918,0.7672,0.1640,55,0.0055,21.6635,-36.0831,1.6548,48.0061,-1.0978,-0.0060,-0.3454,0.7955,-0.0060,0,0
1789855303.8933,20.9253,-34.6370,-1.0866,0.7807,0.1287,55,0.0070,21.6635,-36.0831,1.6236,47.9749,-1.0988,-0.0121,-0.6961,0.7910,-0.0121,0,0
1789855303.9434,20.9404,-34.6643,-1.0841,0.7797,0.0635,55,0.0080,21.6635,-36.0831,1.5924,47.9437,-1.0995,-0.0154,-0.8802,0.7886,-0.0154,0,0
1789855303.9950,20.9552,-34.6921,-1.0839,0.7880,0.0046,55,0.0084,21.6635,-36.0831,1.5609,47.9122,-1.0998,-0.0159,-0.9105,0.7882,-0.0159,0,0
1789855304.0439,20.9627,-34.7064,-1.0839,0.8006,0.0000,55,0.0085,21.6635,-36.0831,1.5448,47.8960,-1.1000,-0.0161,-0.9200,0.7881,-0.0161,0,0
1789855304.0963,20.9776,-34.7350,-1.0850,0.8050,-0.0261,55,0.0086,21.6635,-36.0831,1.5126,47.8638,-1.1001,-0.0152,-0.8696,0.7887,-0.0152,0,0
1789855304.1437,20.9908,-34.7636,-1.0912,0.7866,-0.1557,55,0.0072,21.6635,-36.0831,1.4811,47.8323,-1.0993,-0.0081,-0.4668,0.7939,-0.0081,0,0
1789855304.1936,21.0031,-34.7924,-1.0999,0.7810,-0.2190,56,0.0049,21.9328,-36.6063,2.0383,47.8011,-1.0972,0.0028,0.1591,0.7979,0.0028,0,0
1789855304.2436,21.0229,-34.8361,-1.1077,0.7991,-0.1117,56,0.0025,21.9328,-36.6063,1.9903,47.7532,-1.0960,0.0117,0.6684,0.7913,0.0117,0,0
1789855304.2939,21.0373,-34.8654,-1.1083,0.8170,-0.0157,56,0.0019,21.9328,-36.6063,1.9577,47.7205,-1.0957,0.0126,0.7209,0.7907,0.0126,0,0
1789855304.3434,21.0521,-34.8949,-1.1083,0.8248,0.0000,56,0.0014,21.9328,-36.6063,1.9247,47.6875,-1.0955,0.0128,0.7332,0.7905,0.0128,0,0
1789855304.3936,21.0670,-34.9249,-1.1083,0.8376,0.0000,56,0.0010,21.9328,-36.6063,1.8912,47.6540,-1.0953,0.0130,0.7462,0.7903,0.0130,0,0
1789855304.4473,21.0895,-34.9700,-1.1083,0.8390,0.0000,56,0.0003,21.9328,-36.6063,1.8408,47.6037,-1.0949,0.0134,0.7665,0.7901,0.0134,0,0
1789855304.4932,21.0970,-34.9850,-1.1083,0.8390,0.0000,56,0.0001,21.9328,-36.6063,1.8241,47.5869,-1.0948,0.0135,0.7736,0.7900,0.0135,0,0
1789855304.5487,21.1118,-35.0148,-1.1083,0.8333,0.0000,56,-0.0003,21.9328,-36.6063,1.7907,47.5536,-1.0945,0.0138,0.7879,0.7898,0.0138,0,0
1789855304.5935,21.1349,-35.0554,-1.0990,0.7597,0.2087,56,0.0016,21.9328,-36.6063,1.7442,47.5070,-1.0956,0.0033,0.1911,0.7975,0.0033,0,0
1789855304.6437,21.1431,-35.0684,-1.0937,0.7599,0.2553,56,0.0029,21.9328,-36.6063,1.7288,47.4916,-1.0964,-0.0026,-0.1513,0.7980,-0.0026,0,0
1789855304.6939,21.1674,-35.1095,-1.0841,0.8035,0.1169,56,0.0057,21.9328,-36.6063,1.6811,47.4439,-1.0981,-0.0140,-0.8011,0.7896,-0.0140,0,0
1789855304.7436,21.1819,-35.1379,-1.0858,0.7952,-0.0426,56,0.0056,21.9328,-36.6063,1.6493,47.4121,-1.0981,-0.0123,-0.7033,0.7909,-0.0123,0,0
1789855304.7958,21.1948,-35.1670,-1.0937,0.7945,-0.1971,56,0.0037,21.9328,-36.6063,1.6175,47.3803,-1.0970,-0.0033,-0.1906,0.7975,-0.0033,0,0
1789855304.8431,21.2067,-35.1964,-1.1046,0.7913,-0.2715,56,0.0009,21.9328,-36.6063,1.5859,47.3487,-1.0952,0.0093,0.5338,0.7931,0.0093,0,0
1789855304.8933,21.2192,-35.2262,-1.1127,0.8052,-0.2042,56,-0.0017,21.9328,-36.6063,1.5537,47.3165,-1.0936,0.0191,1.0945,0.7858,0.0191,0,0
1789855304.9473,21.2324,-35.2558,-1.1174,0.8112,-0.1181,56,-0.0035,21.9328,-36.6063,1.5213,47.2841,-1.0924,0.0251,1.4371,0.7814,0.0251,0,0
1789855304.9932,21.2463,-35.2853,-1.1190,0.8141,-0.0393,56,-0.0047,21.9328,-36.6063,1.4887,47.2515,-1.0915,0.0275,1.5752,0.7796,0.0275,0,0
1789855305.0438,21.2607,-35.3147,-1.1184,0.8184,0.0144,57,-0.0050,22.2013,-37.1306,2.0450,47.2188,-1.0929,0.0255,1.4637,0.7810,0.0255,0,0
1789855305.0977,21.2682,-35.3291,-1.1169,0.8119,0.0537,57,-0.0050,22.2013,-37.1306,2.0288,47.2026,-1.0929,0.0240,1.3748,0.7822,0.0240,0,0
1789855305.1433,21.2917,-35.3713,-1.1075,0.8066,0.1697,57,-0.0035,22.2013,-37.1306,1.9805,47.1543,-1.0936,0.0138,0.7933,0.7897,0.0138,0,0
1789855305.1972,21.2996,-35.3855,-1.1048,0.8088,0.1545,57,-0.0030,22.2013,-37.1306,1.9643,47.1381,-1.0939,0.0109,0.6250,0.7919,0.0109,0,0
1789855305.2434,21.3226,-35.4290,-1.1011,0.8249,0.0286,57,-0.0025,22.2013,-37.1306,1.9151,47.0889,-1.0941,0.0070,0.4011,0.7948,0.0070,0,0
1789855305.2935,21.3373,-35.4577,-1.1007,0.8087,0.0109,57,-0.0026,22.2013,-37.1306,1.8828,47.0565,-1.0941,0.0066,0.3795,0.7951,0.0066,0,0
1789855305.3432,21.3523,-35.4851,-1.0971,0.7796,0.0904,57,-0.0019,22.2013,-37.1306,1.8516,47.0253,-1.0945,0.0026,0.1488,0.7981,0.0026,0,0
1789855305.3965,21.3670,-35.5129,-1.0956,0.7853,0.0371,57,-0.0016,22.2013,-37.1306,1.8202,46.9939,-1.0947,0.0009,0.0534,0.7993,0.0009,0,0
1789855305.4432,21.3882,-35.5549,-1.0971,0.7825,-0.0362,57,-0.0020,22.2013,-37.1306,1.7731,46.9469,-1.0944,0.0026,0.1502,0.7981,0.0026,0,0
1789855305.4933,21.4019,-35.5832,-1.0998,0.7859,-0.0678,57,-0.0029,22.2013,-37.1306,1.7417,46.9155,-1.0940,0.0058,0.3323,0.7957,0.0058,0,0
1789855305.5440,21.4223,-35.6251,-1.1026,0.7783,-0.0369,57,-0.0040,22.2013,-37.1306,1.6951,46.8688,-1.0933,0.0093,0.5328,0.7931,0.0093,0,0
1789855305.5933,21.4292,-35.6390,-1.1031,0.7756,-0.0240,57,-0.0042,22.2013,-37.1306,1.6796,46.8533,-1.0932,0.0099,0.5661,0.7927,0.0099,0,0
1789855305.6438,21.4433,-35.6669,-1.1031,0.7814,-0.0021,57,-0.0045,22.2013,-37.1306,1.6483,46.8221,-1.0930,0.0102,0.5826,0.7924,0.0102,0,0
1789855305.6933,21.4645,-35.7088,-1.1031,0.7821,0.0000,57,-0.0050,22.2013,-37.1306,1.6014,46.7752,-1.0927,0.0105,0.5997,0.7922,0.0105,0,0
1789855305.7432,21.4717,-35.7225,-1.1020,0.7783,0.0297,57,-0.0048,22.2013,-37.1306,1.5859,46.7597,-1.0928,0.0092,0.5262,0.7932,0.0092,0,0
1789855305.7985,21.4866,-35.7495,-1.0981,0.7722,0.0955,57,-0.0040,22.2013,-37.1306,1.5550,46.7288,-1.0933,0.0049,0.2798,0.7964,0.0049,0,0
1789855305.8433,21.5092,-35.7901,-1.0922,0.7736,0.0996,57,-0.0026,22.2013,-37.1306,1.5086,46.6824,-1.0942,-0.0020,-0.1170,0.7985,-0.0020,0,0
1789855305.8969,21.5167,-35.8039,-1.0910,0.7782,0.0800,57,-0.0022,22.2013,-37.1306,1.4929,46.6667,-1.0944,-0.0035,-0.1995,0.7974,-0.0035,0,0
1789855305.9485,21.5388,-35.8458,-1.0901,0.7944,0.0026,58,-0.0023,22.4698,-37.6545,2.0343,46.6193,-1.0954,-0.0053,-0.3035,0.7961,-0.0053,0,0
1789855305.9932,21.5535,-35.8740,-1.0901,0.7963,0.0000,58,-0.0021,22.4698,-37.6545,2.0024,46.5875,-1.0955,-0.0054,-0.3084,0.7960,-0.0054,0,0
1789855306.0436,21.5682,-35.9023,-1.0901,0.7963,0.0000,58,-0.0019,22.4698,-37.6545,1.9706,46.5556,-1.0956,-0.0055,-0.3134,0.7959,-0.0055,0,0
1789855306.0945,21.5816,-35.9299,-1.0937,0.7678,-0.0890,58,-0.0027,22.4698,-37.6545,1.9399,46.5249,-1.0952,-0.0015,-0.0866,0.7989,-0.0015,0,0
1789855306.1443,21.5943,-35.9582,-1.0999,0.7737,-0.1561,58,-0.0044,22.4698,-37.6545,1.9089,46.4940,-1.0944,0.0056,0.3203,0.7958,0.0056,0,0
1789855306.1965,21.6007,-35.9725,-1.1029,0.7802,-0.1534,58,-0.0052,22.4698,-37.6545,1.8932,46.4783,-1.0939,0.0090,0.5160,0.7933,0.0090,0,0
1789855306.2432,21.6202,-36.0163,-1.1112,0.8023,-0.1319,58,-0.0079,22.4698,-37.6545,1.8454,46.4305,-1.0924,0.0187,1.0738,0.7861,0.0187,0,0
1789855306.3013,21.6335,-36.0461,-1.1161,0.8158,-0.1225,58,-0.0097,22.4698,-37.6545,1.8128,46.3978,-1.0913,0.0247,1.4159,0.7816,0.0247,0,0
1789855306.3432,21.6404,-36.0607,-1.1168,0.8146,-0.0778,58,-0.0103,22.4698,-37.6545,1.7967,46.3817,-1.0910,0.0258,1.4789,0.7808,0.0258,0,0
1789855306.3966,21.6549,-36.0896,-1.1156,0.8077,0.0293,58,-0.0106,22.4698,-37.6545,1.7644,46.3494,-1.0907,0.0249,1.4284,0.7815,0.0249,0,0
1789855306.4433,21.6703,-36.1181,-1.1107,0.8095,0.1232,58,-0.0100,22.4698,-37.6545,1.7320,46.3170,-1.0910,0.0197,1.1289,0.7854,0.0197,0,0
1789855306.4937,21.6862,-36.1459,-1.1037,0.7991,0.1747,58,-0.0086,22.4698,-37.6545,1.7000,46.2850,-1.0917,0.0120,0.6861,0.7911,0.0120,0,0
1789855306.5435,21.7099,-36.1881,-1.0962,0.8083,0.1095,58,-0.0068,22.4698,-37.6545,1.6516,46.2366,-1.0927,0.0035,0.1980,0.7974,0.0035,0,0
1789855306.5933,21.7173,-36.2025,-1.0960,0.8116,0.0390,58,-0.0068,22.4698,-37.6545,1.6354,46.2204,-1.0927,0.0033,0.1888,0.7976,0.0033,0,0
1789855306.6434,21.7389,-36.2445,-1.0959,0.7778,0.0158,58,-0.0068,22.4698,-37.6545,1.5881,46.1732,-1.0926,0.0033,0.1863,0.7976,0.0033,0,0
1789855306.6932,21.7535,-36.2712,-1.0932,0.7598,0.0650,58,-0.0061,22.4698,-37.6545,1.5577,46.1428,-1.0930,0.0003,0.0150,0.7998,0.0003,0,0
1789855306.7470,21.7607,-36.2849,-1.0927,0.7676,0.0423,58,-0.0059,22.4698,-37.6545,1.5423,46.1274,-1.0931,-0.0004,-0.0248,0.7997,-0.0004,0,0
1789855306.7980,21.7822,-36.3262,-1.0925,0.7807,0.0000,58,-0.0058,22.4698,-37.6545,1.4957,46.0807,-1.0931,-0.0006,-0.0346,0.7996,-0.0006,0,0
1789855306.8432,21.7967,-36.3543,-1.0925,0.7900,0.0017,59,-0.0063,22.7376,-38.1818,2.0555,46.0491,-1.0953,-0.0029,-0.1656,0.7979,-0.0029,0,0
1789855306.8935,21.8040,-36.3684,-1.0925,0.7900,0.0017,59,-0.0062,22.7376,-38.1818,2.0397,46.0333,-1.0954,-0.0029,-0.1669,0.7978,-0.0029,0,0
1789855306.9435,21.8186,-36.3965,-1.0925,0.7906,-0.0023,59,-0.0060,22.7376,-38.1818,2.0080,46.0016,-1.0954,-0.0029,-0.1635,0.7979,-0.0029,0,0
1789855306.9964,21.8388,-36.4384,-1.0976,0.7734,-0.0994,59,-0.0072,22.7376,-38.1818,1.9615,45.9551,-1.0948,0.0028,0.1627,0.7979,0.0028,0,0
1789855307.0437,21.8519,-36.4665,-1.1016,0.7735,-0.0992,59,-0.0083,22.7376,-38.1818,1.9306,45.9242,-1.0942,0.0074,0.4244,0.7945,0.0074,0,0
1789855307.0956,21.8655,-36.4940,-1.1027,0.7675,-0.0280,59,-0.0087,22.7376,-38.1818,1.8999,45.8935,-1.0939,0.0088,0.5048,0.7935,0.0088,0,0
1789855307.1435,21.8867,-36.5358,-1.1027,0.7821,0.0000,59,-0.0089,22.7376,-38.1818,1.8530,45.8466,-1.0937,0.0090,0.5176,0.7933,0.0090,0,0
1789855307.1936,21.9009,-36.5639,-1.1027,0.7878,0.0000,59,-0.0091,22.7376,-38.1818,1.8215,45.8151,-1.0935,0.0092,0.5266,0.7932,0.0092,0,0
1789855307.2435,21.9225,-36.6066,-1.1027,0.7963,0.0000,59,-0.0093,22.7376,-38.1818,1.7737,45.7673,-1.0933,0.0094,0.5408,0.7930,0.0094,0,0
1789855307.2934,21.9297,-36.6207,-1.1024,0.7938,0.0074,59,-0.0093,22.7376,-38.1818,1.7579,45.7515,-1.0932,0.0092,0.5262,0.7932,0.0092,0,0
1789855307.3437,21.9446,-36.6468,-1.0966,0.7530,0.1443,59,-0.0079,22.7376,-38.1818,1.7277,45.7213,-1.0939,0.0027,0.1535,0.7980,0.0027,0,0
1789855307.3973,21.9600,-36.6730,-1.0903,0.7568,0.1583,59,-0.0062,22.7376,-38.1818,1.6975,45.6911,-1.0949,-0.0046,-0.2644,0.7966,-0.0046,0,0
1789855307.4433,21.9827,-36.7129,-1.0845,0.7685,0.0765,59,-0.0042,22.7376,-38.1818,1.6516,45.6452,-1.0960,-0.0116,-0.6632,0.7914,-0.0116,0,0
1789855307.4963,21.9900,-36.7265,-1.0840,0.7725,0.0426,59,-0.0039,22.7376,-38.1818,1.6361,45.6297,-1.0962,-0.0123,-0.7021,0.7909,-0.0123,0,0
1789855307.5436,22.0121,-36.7682,-1.0839,0.7878,0.0000,59,-0.0032,22.7376,-38.1818,1.5890,45.5826,-1.0966,-0.0127,-0.7259,0.7906,-0.0127,0,0
1789855307.5958,22.0195,-36.7822,-1.0839,0.7949,0.0000,59,-0.0030,22.7376,-38.1818,1.5731,45.5667,-1.0967,-0.0128,-0.7333,0.7905,-0.0128,0,0
1789855307.6513,22.0419,-36.8245,-1.0839,0.7964,0.0000,59,-0.0024,22.7376,-38.1818,1.5253,45.5189,-1.0971,-0.0132,-0.7563,0.7902,-0.0132,0,0
1789855307.6933,22.0493,-36.8385,-1.0839,0.7964,0.0000,59,-0.0022,22.7376,-38.1818,1.5094,45.5030,-1.0973,-0.0133,-0.7643,0.7901,-0.0133,0,0
1789855307.7486,22.0637,-36.8664,-1.0853,0.7838,-0.0344,59,-0.0021,22.7376,-38.1818,1.4780,45.4716,-1.0973,-0.0120,-0.6877,0.7911,-0.0120,0,0
1789855307.7935,22.0753,-36.8933,-1.0936,0.7296,-0.2083,60,-0.0039,23.0039,-38.7147,2.0445,45.4424,-1.0993,-0.0057,-0.3265,0.7958,-0.0057,0,0
1789855307.8469,22.0810,-36.9073,-1.0988,0.7417,-0.2472,60,-0.0052,23.0039,-38.7147,2.0295,45.4274,-1.0987,0.0001,0.0043,0.7999,0.0001,0,0
1789855307.8935,22.0983,-36.9505,-1.1142,0.7791,-0.2475,60,-0.0095,23.0039,-38.7147,1.9831,45.3810,-1.0965,0.0177,1.0136,0.7869,0.0177,0,0
1789855307.9454,22.1048,-36.9652,-1.1166,0.7922,-0.1813,60,-0.0104,23.0039,-38.7147,1.9671,45.3650,-1.0961,0.0205,1.1746,0.7848,0.0205,0,0
1789855307.9934,22.1258,-37.0063,-1.1133,0.7647,0.0743,60,-0.0104,23.0039,-38.7147,1.9209,45.3188,-1.0960,0.0173,0.9906,0.7872,0.0173,0,0
1789855308.0463,22.1334,-37.0197,-1.1100,0.7665,0.1348,60,-0.0098,23.0039,-38.7147,1.9056,45.3035,-1.0963,0.0137,0.7842,0.7898,0.0137,0,0
1789855308.0933,22.1579,-37.0589,-1.0936,0.7680,0.3004,60,-0.0059,23.0039,-38.7147,1.8594,45.2574,-1.0984,-0.0049,-0.2795,0.7964,-0.0049,0,0
1789855308.1436,22.1752,-37.0836,-1.0788,0.7484,0.3684,60,-0.0018,23.0039,-38.7147,1.8296,45.2275,-1.1007,-0.0219,-1.2525,0.7838,-0.0219,0,0
1789855308.1937,22.1917,-37.1090,-1.0692,0.7537,0.2408,60,0.0013,23.0039,-38.7147,1.7995,45.1974,-1.1025,-0.0333,-1.9085,0.7753,-0.0333,0,0
1789855308.2435,22.2066,-37.1353,-1.0676,0.7568,0.0389,60,0.0026,23.0039,-38.7147,1.7693,45.1672,-1.1033,-0.0357,-2.0442,0.7735,-0.0357,0,0
1789855308.2935,22.2278,-37.1763,-1.0722,0.7705,-0.1029,60,0.0028,23.0039,-38.7147,1.7231,45.1210,-1.1036,-0.0314,-1.7993,0.7767,-0.0314,0,0
1789855308.3434,22.2344,-37.1904,-1.0758,0.7720,-0.1571,60,0.0022,23.0039,-38.7147,1.7076,45.1055,-1.1033,-0.0274,-1.5725,0.7796,-0.0274,0,0
1789855308.4001,22.2406,-37.2045,-1.0805,0.7722,-0.2075,60,0.0013,23.0039,-38.7147,1.6921,45.0900,-1.1028,-0.0224,-1.2810,0.7834,-0.0224,0,0
1789855308.4433,22.2580,-37.2470,-1.0973,0.7592,-0.2872,60,-0.0026,23.0039,-38.7147,1.6464,45.0443,-1.1006,-0.0033,-0.1911,0.7975,-0.0033,0,0
1789855308.4945,22.2640,-37.2611,-1.1016,0.7628,-0.2466,60,-0.0037,23.0039,-38.7147,1.6311,45.0291,-1.1000,0.0016,0.0921,0.7988,0.0016,0,0
1789855308.5439,22.2838,-37.3020,-1.1045,0.7572,-0.0134,60,-0.0048,23.0039,-38.7147,1.5856,44.9836,-1.0994,0.0051,0.2933,0.7962,0.0051,0,0
1789855308.5934,22.2902,-37.3150,-1.1048,0.7365,-0.0112,60,-0.0049,23.0039,-38.7147,1.5711,44.9691,-1.0993,0.0056,0.3185,0.7959,0.0056,0,0
1789855308.6448,22.3103,-37.3551,-1.1049,0.7522,0.0000,60,-0.0053,23.0039,-38.7147,1.5263,44.9243,-1.0991,0.0058,0.3347,0.7957,0.0058,0,0
1789855308.6934,22.3241,-37.3825,-1.1049,0.7665,0.0000,60,-0.0056,23.0039,-38.7147,1.4957,44.8936,-1.0990,0.0060,0.3415,0.7956,0.0060,0,0
1789855308.7433,22.3383,-37.4083,-1.1006,0.7366,0.1072,61,-0.0056,23.2682,-39.2493,2.0626,44.8642,-1.1031,-0.0024,-0.1402,0.7982,-0.0024,0,0
1789855308.7935,22.3535,-37.4328,-1.0917,0.7186,0.2230,61,-0.0032,23.2682,-39.2493,2.0339,44.8354,-1.1043,-0.0126,-0.7209,0.7907,-0.0126,0,0
1789855308.8433,22.3752,-37.4718,-1.0875,0.7501,0.0124,61,-0.0016,23.2682,-39.2493,1.9892,44.7908,-1.1052,-0.0177,-1.0153,0.7868,-0.0177,0,0
1789855308.8934,22.3878,-37.4976,-1.0904,0.7178,-0.0738,61,-0.0020,23.2682,-39.2493,1.9605,44.7621,-1.1051,-0.0146,-0.8378,0.7891,-0.0146,0,0
1789855308.9450,22.3998,-37.5234,-1.0951,0.7094,-0.1157,61,-0.0029,23.2682,-39.2493,1.9321,44.7337,-1.1046,-0.0096,-0.5484,0.7929,-0.0096,0,0
1789855308.9935,22.4135,-37.5499,-1.0951,0.7473,-0.0019,61,-0.0028,23.2682,-39.2493,1.9022,44.7038,-1.1048,-0.0096,-0.5519,0.7928,-0.0096,0,0
1789855309.0453,22.4338,-37.5894,-1.0951,0.7394,0.0000,61,-0.0025,23.2682,-39.2493,1.8579,44.6594,-1.1050,-0.0099,-0.5672,0.7926,-0.0099,0,0
1789855309.0933,22.4474,-37.6157,-1.0951,0.7395,0.0000,61,-0.0024,23.2682,-39.2493,1.8283,44.6298,-1.1052,-0.0101,-0.5764,0.7925,-0.0101,0,0
1789855309.1437,22.4609,-37.6420,-1.0951,0.7395,0.0000,61,-0.0022,23.2682,-39.2493,1.7987,44.6003,-1.1053,-0.0102,-0.5858,0.7924,-0.0102,0,0
1789855309.1975,22.4745,-37.6683,-1.0951,0.7395,0.0000,61,-0.0020,23.2682,-39.2493,1.7691,44.5707,-1.1055,-0.0104,-0.5956,0.7923,-0.0104,0,0
1789855309.2435,22.4879,-37.6943,-1.0950,0.7330,0.0019,61,-0.0019,23.2682,-39.2493,1.7398,44.5414,-1.1057,-0.0107,-0.6108,0.7921,-0.0107,0,0
1789855309.2938,22.5015,-37.7206,-1.0950,0.7395,0.0000,61,-0.0017,23.2682,-39.2493,1.7102,44.5118,-1.1059,-0.0108,-0.6214,0.7919,-0.0108,0,0
1789855309.3433,22.5150,-37.7469,-1.0950,0.7395,0.0000,61,-0.0015,23.2682,-39.2493,1.6807,44.4822,-1.1061,-0.0110,-0.6323,0.7918,-0.0110,0,0
1789855309.3934,22.5286,-37.7732,-1.0950,0.7395,0.0000,61,-0.0013,23.2682,-39.2493,1.6511,44.4526,-1.1063,-0.0112,-0.6436,0.7917,-0.0112,0,0
1789855309.4435,22.5421,-37.7995,-1.0950,0.7395,0.0000,61,-0.0012,23.2682,-39.2493,1.6215,44.4230,-1.1065,-0.0114,-0.6553,0.7915,-0.0114,0,0
1789855309.4933,22.5606,-37.8382,-1.1000,0.7052,-0.1163,61,-0.0023,23.2682,-39.2493,1.5786,44.3802,-1.1059,-0.0060,-0.3416,0.7956,-0.0060,0,0
1789855309.5431,22.5664,-37.8512,-1.1025,0.7094,-0.1234,61,-0.0029,23.2682,-39.2493,1.5644,44.3659,-1.1056,-0.0031,-0.1781,0.7977,-0.0031,0,0
1789855309.5966,22.5847,-37.8907,-1.1079,0.7281,-0.0811,61,-0.0045,23.2682,-39.2493,1.5209,44.3225,-1.1047,0.0032,0.1825,0.7976,0.0032,0,0
1789855309.6434,22.5974,-37.9173,-1.1101,0.7364,-0.0549,61,-0.0053,23.2682,-39.2493,1.4914,44.2930,-1.1042,0.0058,0.3347,0.7957,0.0058,0,0
1789855309.6966,22.6105,-37.9442,-1.1109,0.7486,-0.0215,62,-0.0076,23.5304,-39.7846,2.0575,44.2631,-1.1073,0.0037,0.2095,0.7973,0.0037,0,0
1789855309.7440,22.6238,-37.9712,-1.1109,0.7536,0.0005,62,-0.0077,23.5304,-39.7846,2.0274,44.2329,-1.1072,0.0037,0.2113,0.7973,0.0037,0,0
1789855309.7936,22.6372,-37.9983,-1.1109,0.7539,-0.0009,62,-0.0078,23.5304,-39.7846,1.9972,44.2028,-1.1072,0.0038,0.2170,0.7972,0.0038,0,0
1789855309.8453,22.6573,-38.0393,-1.1118,0.7596,-0.0202,62,-0.0082,23.5304,-39.7846,1.9515,44.1571,-1.1069,0.0048,0.2773,0.7964,0.0048,0,0
1789855309.8933,22.6705,-38.0666,-1.1127,0.7588,-0.0225,62,-0.0086,23.5304,-39.7846,1.9212,44.1267,-1.1067,0.0059,0.3405,0.7956,0.0059,0,0
1789855309.9447,22.6771,-38.0803,-1.1132,0.7594,-0.0251,62,-0.0088,23.5304,-39.7846,1.9060,44.1115,-1.1066,0.0066,0.3780,0.7951,0.0066,0,0
1789855309.9933,22.6902,-38.1078,-1.1145,0.7611,-0.0326,62,-0.0093,23.5304,-39.7846,1.8755,44.0811,-1.1063,0.0082,0.4697,0.7939,0.0082,0,0
1789855310.0434,22.7033,-38.1354,-1.1162,0.7633,-0.0418,62,-0.0100,23.5304,-39.7846,1.8450,44.0506,-1.1060,0.0103,0.5874,0.7924,0.0103,0,0
1789855310.1035,22.7162,-38.1631,-1.1182,0.7650,-0.0495,62,-0.0108,23.5304,-39.7846,1.8144,44.0200,-1.1055,0.0127,0.7275,0.7906,0.0127,0,0
1789855310.1435,22.7358,-38.2043,-1.1196,0.7581,-0.0204,62,-0.0117,23.5304,-39.7846,1.7689,43.9745,-1.1049,0.0147,0.8399,0.7891,0.0147,0,0
1789855310.1936,22.7424,-38.2179,-1.1197,0.7568,-0.0124,62,-0.0119,23.5304,-39.7846,1.7538,43.9594,-1.1048,0.0149,0.8539,0.7889,0.0149,0,0
1789855310.2436,22.7623,-38.2585,-1.1189,0.7553,0.0208,62,-0.0122,23.5304,-39.7846,1.7085,43.9141,-1.1045,0.0143,0.8212,0.7894,0.0143,0,0
1789855310.2936,22.7690,-38.2721,-1.1184,0.7544,0.0227,62,-0.0123,23.5304,-39.7846,1.6933,43.8989,-1.1045,0.0139,0.7971,0.7897,0.0139,0,0
1789855310.3435,22.7889,-38.3126,-1.1178,0.7529,0.0023,62,-0.0126,23.5304,-39.7846,1.6482,43.8538,-1.1042,0.0136,0.7809,0.7899,0.0136,0,0
1789855310.3956,22.7955,-38.3262,-1.1178,0.7536,0.0000,62,-0.0127,23.5304,-39.7846,1.6331,43.8388,-1.1041,0.0138,0.7881,0.7898,0.0138,0,0
1789855310.4457,22.8085,-38.3529,-1.1181,0.7433,-0.0072,62,-0.0131,23.5304,-39.7846,1.6034,43.8090,-1.1038,0.0143,0.8220,0.7893,0.0143,0,0
1789855310.4970,22.8214,-38.3795,-1.1181,0.7390,0.0012,62,-0.0134,23.5304,-39.7846,1.5739,43.7795,-1.1035,0.0146,0.8342,0.7892,0.0146,0,0
1789855310.5434,22.8343,-38.4061,-1.1180,0.7386,0.0022,62,-0.0137,23.5304,-39.7846,1.5443,43.7499,-1.1032,0.0147,0.8443,0.7891,0.0147,0,0
1789855310.5934,22.8472,-38.4329,-1.1185,0.7443,-0.0142,62,-0.0142,23.5304,-39.7846,1.5145,43.7202,-1.1028,0.0157,0.8990,0.7883,0.0157,0,0
1789855310.6435,22.8666,-38.4730,-1.1189,0.7405,-0.0031,63,-0.0160,23.7896,-40.3225,2.0671,43.6757,-1.1079,0.0110,0.6306,0.7918,0.0110,0,0
1789855310.6936,22.8795,-38.4996,-1.1190,0.7399,-0.0015,63,-0.0162,23.7896,-40.3225,2.0375,43.6461,-1.1077,0.0112,0.6436,0.7917,0.0112,0,0
1789855310.7437,22.8924,-38.5262,-1.1190,0.7400,-0.0018,63,-0.0164,23.7896,-40.3225,2.0079,43.6165,-1.1076,0.0115,0.6577,0.7915,0.0115,0,0
1789855310.7933,22.9053,-38.5529,-1.1191,0.7398,-0.0013,63,-0.0167,23.7896,-40.3225,1.9783,43.5869,-1.1074,0.0117,0.6709,0.7913,0.0117,0,0
1789855310.8434,22.9182,-38.5795,-1.1191,0.7398,-0.0009,63,-0.0169,23.7896,-40.3225,1.9487,43.5573,-1.1072,0.0119,0.6835,0.7911,0.0119,0,0
1789855310.8936,22.9311,-38.6061,-1.1191,0.7397,-0.0006,63,-0.0171,23.7896,-40.3225,1.9191,43.5278,-1.1070,0.0121,0.6957,0.7910,0.0121,0,0
1789855310.9434,22.9442,-38.6332,-1.1192,0.7524,-0.0000,63,-0.0174,23.7896,-40.3225,1.8890,43.4977,-1.1068,0.0124,0.7077,0.7908,0.0124,0,0
1789855310.9934,22.9574,-38.6603,-1.1192,0.7537,0.0000,63,-0.0176,23.7896,-40.3225,1.8589,43.4675,-1.1066,0.0126,0.7195,0.7907,0.0126,0,0
1789855311.0504,22.9706,-38.6875,-1.1192,0.7537,0.0000,63,-0.0178,23.7896,-40.3225,1.8287,43.4374,-1.1064,0.0128,0.7314,0.7905,0.0128,0,0
1789855311.0981,22.9903,-38.7281,-1.1191,0.7536,0.0000,63,-0.0182,23.7896,-40.3225,1.7835,43.3922,-1.1061,0.0131,0.7492,0.7903,0.0131,0,0
1789855311.1436,22.9969,-38.7417,-1.1191,0.7536,0.0002,63,-0.0183,23.7896,-40.3225,1.7685,43.3771,-1.1060,0.0132,0.7551,0.7902,0.0132,0,0
1789855311.1988,23.0100,-38.7688,-1.1191,0.7535,0.0005,63,-0.0185,23.7896,-40.3225,1.7383,43.3470,-1.1057,0.0134,0.7669,0.7901,0.0134,0,0
1789855311.2434,23.0232,-38.7959,-1.1191,0.7534,0.0008,63,-0.0187,23.7896,-40.3225,1.7082,43.3169,-1.1055,0.0136,0.7785,0.7899,0.0136,0,0
1789855311.2934,23.0364,-38.8230,-1.1190,0.7533,0.0011,63,-0.0189,23.7896,-40.3225,1.6781,43.2867,-1.1053,0.0138,0.7895,0.7898,0.0138,0,0
1789855311.3449,23.0497,-38.8506,-1.1190,0.7661,0.0012,63,-0.0191,23.7896,-40.3225,1.6474,43.2561,-1.1050,0.0140,0.8012,0.7896,0.0140,0,0
1789855311.3934,23.0699,-38.8920,-1.1189,0.7673,0.0016,63,-0.0195,23.7896,-40.3225,1.6014,43.2101,-1.1046,0.0143,0.8179,0.7894,0.0143,0,0
1789855311.4432,23.0832,-38.9199,-1.1196,0.7740,-0.0179,63,-0.0199,23.7896,-40.3225,1.5704,43.1791,-1.1042,0.0154,0.8821,0.7886,0.0154,0,0
1789855311.4948,23.0966,-38.9476,-1.1198,0.7691,-0.0035,63,-0.0202,23.7896,-40.3225,1.5397,43.1484,-1.1039,0.0159,0.9092,0.7882,0.0159,0,0
1789855311.5438,23.1100,-38.9753,-1.1198,0.7682,-0.0009,63,-0.0204,23.7896,-40.3225,1.5089,43.1177,-1.1036,0.0162,0.9301,0.7879,0.0162,0,0
1789855311.5933,23.1233,-39.0029,-1.1198,0.7680,-0.0004,64,-0.0218,24.0482,-40.8596,2.0743,43.0869,-1.1087,0.0111,0.6382,0.7917,0.0111,0,0
1789855311.6435,23.1368,-39.0309,-1.1200,0.7763,-0.0038,64,-0.0219,24.0482,-40.8596,2.0432,43.0559,-1.1085,0.0115,0.6579,0.7915,0.0115,0,0
1789855311.6955,23.1502,-39.0586,-1.1200,0.7680,-0.0003,64,-0.0221,24.0482,-40.8596,2.0125,43.0252,-1.1083,0.0117,0.6691,0.7913,0.0117,0,0
1789855311.7435,23.1704,-39.1002,-1.1200,0.7736,0.0000,64,-0.0223,24.0482,-40.8596,1.9662,42.9789,-1.1080,0.0120,0.6859,0.7911,0.0120,0,0
1789855311.7933,23.1838,-39.1280,-1.1202,0.7708,-0.0044,64,-0.0225,24.0482,-40.8596,1.9354,42.9481,-1.1078,0.0124,0.7086,0.7908,0.0124,0,0
1789855311.8436,23.1974,-39.1561,-1.1202,0.7807,0.0000,64,-0.0227,24.0482,-40.8596,1.9042,42.9169,-1.1076,0.0126,0.7203,0.7907,0.0126,0,0
1789855311.8935,23.2110,-39.1843,-1.1202,0.7821,0.0000,64,-0.0228,24.0482,-40.8596,1.8729,42.8856,-1.1074,0.0128,0.7323,0.7905,0.0128,0,0
1789855311.9453,23.2314,-39.2265,-1.1202,0.7820,0.0000,64,-0.0230,24.0482,-40.8596,1.8260,42.8387,-1.1071,0.0131,0.7509,0.7903,0.0131,0,0
1789855311.9971,23.2451,-39.2547,-1.1202,0.7820,0.0000,64,-0.0232,24.0482,-40.8596,1.7947,42.8074,-1.1068,0.0133,0.7636,0.7901,0.0133,0,0
1789855312.0436,23.2587,-39.2828,-1.1202,0.7820,0.0000,64,-0.0233,24.0482,-40.8596,1.7634,42.7761,-1.1066,0.0136,0.7765,0.7899,0.0136,0,0
1789855312.0937,23.2723,-39.3110,-1.1201,0.7820,0.0000,64,-0.0235,24.0482,-40.8596,1.7321,42.7449,-1.1064,0.0138,0.7896,0.7898,0.0138,0,0
1789855312.1434,23.2859,-39.3392,-1.1201,0.7819,0.0005,64,-0.0236,24.0482,-40.8596,1.7009,42.7136,-1.1061,0.0140,0.8028,0.7896,0.0140,0,0
1789855312.1935,23.3065,-39.3816,-1.1201,0.7876,0.0007,64,-0.0238,24.0482,-40.8596,1.6537,42.6665,-1.1057,0.0144,0.8229,0.7893,0.0144,0,0
1789855312.2432,23.3201,-39.4100,-1.1206,0.7879,-0.0126,64,-0.0241,24.0482,-40.8596,1.6222,42.6350,-1.1054,0.0152,0.8723,0.7887,0.0152,0,0
1789855312.2966,23.3338,-39.4384,-1.1206,0.7883,-0.0014,64,-0.0243,24.0482,-40.8596,1.5907,42.6034,-1.1050,0.0156,0.8934,0.7884,0.0156,0,0
1789855312.3434,23.3545,-39.4808,-1.1199,0.7884,0.0190,64,-0.0243,24.0482,-40.8596,1.5435,42.5562,-1.1047,0.0152,0.8697,0.7887,0.0152,0,0
1789855312.3934,23.3685,-39.5091,-1.1190,0.7891,0.0210,64,-0.0242,24.0482,-40.8596,1.5119,42.5246,-1.1045,0.0145,0.8313,0.7892,0.0145,0,0
1789855312.4435,23.3825,-39.5374,-1.1182,0.7891,0.0209,65,-0.0259,24.3061,-41.3984,2.0775,42.4931,-1.1101,0.0081,0.4657,0.7940,0.0081,0,0
1789855312.4933,23.3963,-39.5658,-1.1181,0.7885,0.0021,65,-0.0258,24.3061,-41.3984,2.0460,42.4616,-1.1100,0.0082,0.4675,0.7939,0.0082,0,0
1789855312.5435,23.4167,-39.6079,-1.1183,0.7780,-0.0045,65,-0.0257,24.3061,-41.3984,1.9992,42.4147,-1.1097,0.0086,0.4903,0.7936,0.0086,0,0
1789855312.5934,23.4235,-39.6219,-1.1183,0.7766,-0.0046,65,-0.0256,24.3061,-41.3984,1.9836,42.3992,-1.1097,0.0086,0.4947,0.7936,0.0086,0,0
1789855312.6433,23.4438,-39.6639,-1.1187,0.7767,-0.0048,65,-0.0256,24.3061,-41.3984,1.9371,42.3526,-1.1094,0.0093,0.5312,0.7931,0.0093,0,0
1789855312.6936,23.4573,-39.6917,-1.1187,0.7736,-0.0003,65,-0.0255,24.3061,-41.3984,1.9061,42.3217,-1.1093,0.0094,0.5403,0.7930,0.0094,0,0
1789855312.7435,23.4775,-39.7335,-1.1189,0.7736,-0.0002,65,-0.0254,24.3061,-41.3984,1.8597,42.2753,-1.1090,0.0099,0.5668,0.7927,0.0099,0,0
1789855312.8020,23.4910,-39.7615,-1.1191,0.7768,-0.0054,65,-0.0254,24.3061,-41.3984,1.8286,42.2442,-1.1088,0.0103,0.5904,0.7923,0.0103,0,0
1789855312.8432,23.5047,-39.7896,-1.1191,0.7820,0.0000,65,-0.0253,24.3061,-41.3984,1.7973,42.2129,-1.1086,0.0105,0.6000,0.7922,0.0105,0,0
1789855312.8964,23.5184,-39.8177,-1.1191,0.7820,0.0004,65,-0.0252,24.3061,-41.3984,1.7661,42.1817,-1.1084,0.0106,0.6096,0.7921,0.0106,0,0
1789855312.9434,23.5388,-39.8599,-1.1190,0.7818,0.0009,65,-0.0251,24.3061,-41.3984,1.7192,42.1348,-1.1081,0.0109,0.6232,0.7919,0.0109,0,0
1789855312.9933,23.5525,-39.8881,-1.1190,0.7817,0.0011,65,-0.0250,24.3061,-41.3984,1.6879,42.1035,-1.1079,0.0110,0.6320,0.7918,0.0110,0,0
1789855313.0486,23.5661,-39.9162,-1.1190,0.7827,-0.0017,65,-0.0249,24.3061,-41.3984,1.6566,42.0722,-1.1077,0.0113,0.6485,0.7916,0.0113,0,0
1789855313.0934,23.5798,-39.9444,-1.1190,0.7821,0.0000,65,-0.0248,24.3061,-41.3984,1.6253,42.0409,-1.1075,0.0115,0.6610,0.7914,0.0115,0,0
1789855313.1434,23.5935,-39.9725,-1.1190,0.7821,0.0000,65,-0.0248,24.3061,-41.3984,1.5940,42.0097,-1.1073,0.0118,0.6741,0.7913,0.0118,0,0
1789855313.1936,23.6003,-39.9866,-1.1190,0.7821,0.0000,65,-0.0247,24.3061,-41.3984,1.5784,41.9940,-1.1072,0.0119,0.6808,0.7912,0.0119,0,0
1789855313.2437,23.6208,-40.0288,-1.1190,0.7821,0.0000,65,-0.0246,24.3061,-41.3984,1.5315,41.9471,-1.1068,0.0122,0.7018,0.7909,0.0122,0,0
1789855313.2934,23.6344,-40.0570,-1.1190,0.7821,0.0000,65,-0.0245,24.3061,-41.3984,1.5002,41.9158,-1.1065,0.0125,0.7165,0.7907,0.0125,0,0
1789855313.3445,23.6481,-40.0851,-1.1190,0.7821,0.0000,66,-0.0246,24.5627,-41.9408,2.0689,41.8846,-1.1129,0.0062,0.3546,0.7954,0.0062,0,0
1789855313.3935,23.6619,-40.1133,-1.1187,0.7849,0.0083,66,-0.0244,24.5627,-41.9408,2.0375,41.8532,-1.1128,0.0059,0.3386,0.7956,0.0059,0,0
1789855313.4435,23.6756,-40.1415,-1.1186,0.7828,0.0020,66,-0.0243,24.5627,-41.9408,2.0062,41.8219,-1.1127,0.0059,0.3388,0.7956,0.0059,0,0
1789855313.4950,23.6892,-40.1696,-1.1186,0.7821,0.0000,66,-0.0242,24.5627,-41.9408,1.9749,41.7906,-1.1126,0.0060,0.3441,0.7955,0.0060,0,0
1789855313.5437,23.7029,-40.1978,-1.1186,0.7820,0.0000,66,-0.0241,24.5627,-41.9408,1.9436,41.7593,-1.1125,0.0061,0.3494,0.7955,0.0061,0,0
1789855313.5932,23.7234,-40.2400,-1.1186,0.7820,0.0000,66,-0.0239,24.5627,-41.9408,1.8967,41.7124,-1.1124,0.0062,0.3570,0.7954,0.0062,0,0
1789855313.6482,23.7302,-40.2540,-1.1186,0.7820,0.0000,66,-0.0238,24.5627,-41.9408,1.8811,41.6968,-1.1123,0.0063,0.3595,0.7953,0.0063,0,0
1789855313.6935,23.7439,-40.2822,-1.1186,0.7819,0.0005,66,-0.0237,24.5627,-41.9408,1.8498,41.6655,-1.1122,0.0064,0.3642,0.7953,0.0064,0,0
1789855313.7485,23.7507,-40.2962,-1.1186,0.7819,0.0006,66,-0.0237,24.5627,-41.9408,1.8342,41.6499,-1.1122,0.0064,0.3664,0.7952,0.0064,0,0
1789855313.7933,23.7644,-40.3243,-1.1185,0.7818,0.0010,66,-0.0235,24.5627,-41.9408,1.8029,41.6186,-1.1121,0.0065,0.3702,0.7952,0.0065,0,0
1789855313.8432,23.7781,-40.3525,-1.1185,0.7815,0.0017,66,-0.0234,24.5627,-41.9408,1.7716,41.5873,-1.1120,0.0065,0.3724,0.7952,0.0065,0,0
1789855313.8941,23.7918,-40.3811,-1.1189,0.7933,-0.0120,66,-0.0234,24.5627,-41.9408,1.7399,41.5556,-1.1118,0.0072,0.4108,0.7947,0.0072,0,0
1789855313.9432,23.8123,-40.4234,-1.1193,0.7828,-0.0019,66,-0.0234,24.5627,-41.9408,1.6928,41.5086,-1.1115,0.0078,0.4477,0.7942,0.0078,0,0
1789855313.9957,23.8191,-40.4375,-1.1193,0.7825,-0.0011,66,-0.0233,24.5627,-41.9408,1.6772,41.4929,-1.1114,0.0079,0.4530,0.7941,0.0079,0,0
1789855314.0434,23.8327,-40.4657,-1.1194,0.7823,-0.0006,66,-0.0232,24.5627,-41.9408,1.6459,41.4617,-1.1113,0.0081,0.4633,0.7940,0.0081,0,0
1789855314.0933,23.8465,-40.4941,-1.1194,0.7892,-0.0000,66,-0.0232,24.5627,-41.9408,1.6143,41.4301,-1.1111,0.0082,0.4724,0.7939,0.0082,0,0
1789855314.1434,23.8602,-40.5222,-1.1194,0.7821,0.0000,66,-0.0231,24.5627,-41.9408,1.5831,41.3988,-1.1110,0.0084,0.4818,0.7938,0.0084,0,0
1789855314.2008,23.8807,-40.5643,-1.1190,0.7793,0.0083,66,-0.0229,24.5627,-41.9408,1.5362,41.3520,-1.1107,0.0083,0.4743,0.7938,0.0083,0,0
1789855314.2431,23.8944,-40.5923,-1.1186,0.7785,0.0104,66,-0.0226,24.5627,-41.9408,1.5051,41.3209,-1.1107,0.0080,0.4561,0.7941,0.0080,0,0
1789855314.2936,23.9081,-40.6203,-1.1182,0.7786,0.0104,67,-0.0230,24.8201,-42.4853,2.0761,41.2897,-1.1160,0.0022,0.1271,0.7984,0.0022,0,0
1789855314.3457,23.9217,-40.6484,-1.1181,0.7814,0.0021,67,-0.0228,24.8201,-42.4853,2.0449,41.2585,-1.1160,0.0022,0.1237,0.7984,0.0022,0,0
1789855314.3935,23.9354,-40.6765,-1.1181,0.7821,0.0000,67,-0.0226,24.8201,-42.4853,2.0136,41.2272,-1.1159,0.0022,0.1255,0.7984,0.0022,0,0
1789855314.4468,23.9491,-40.7046,-1.1181,0.7821,0.0000,67,-0.0224,24.8201,-42.4853,1.9823,41.1959,-1.1159,0.0022,0.1270,0.7984,0.0022,0,0
1789855314.4942,23.9628,-40.7327,-1.1181,0.7820,0.0000,67,-0.0222,24.8201,-42.4853,1.9510,41.1647,-1.1159,0.0022,0.1284,0.7983,0.0022,0,0
1789855314.5434,23.9765,-40.7609,-1.1181,0.7820,0.0004,67,-0.0220,24.8201,-42.4853,1.9198,41.1334,-1.1158,0.0023,0.1294,0.7983,0.0023,0,0
1789855314.5935,23.9902,-40.7890,-1.1180,0.7819,0.0006,67,-0.0218,24.8201,-42.4853,1.8885,41.1021,-1.1158,0.0023,0.1299,0.7983,0.0023,0,0
1789855314.6488,24.0038,-40.8171,-1.1180,0.7818,0.0009,67,-0.0216,24.8201,-42.4853,1.8572,41.0709,-1.1157,0.0023,0.1297,0.7983,0.0023,0,0
1789855314.6937,24.0244,-40.8593,-1.1179,0.7814,0.0021,67,-0.0213,24.8201,-42.4853,1.8103,41.0240,-1.1157,0.0022,0.1259,0.7984,0.0022,0,0
1789855314.7437,24.0379,-40.8875,-1.1187,0.7836,-0.0209,67,-0.0213,24.8201,-42.4853,1.7790,40.9927,-1.1155,0.0032,0.1832,0.7976,0.0032,0,0
1789855314.7935,24.0515,-40.9157,-1.1190,0.7825,-0.0057,67,-0.0212,24.8201,-42.4853,1.7477,40.9614,-1.1154,0.0035,0.2014,0.7974,0.0035,0,0
1789855314.8435,24.0652,-40.9439,-1.1190,0.7825,-0.0012,67,-0.0211,24.8201,-42.4853,1.7164,40.9301,-1.1154,0.0036,0.2085,0.7973,0.0036,0,0
1789855314.8933,24.0788,-40.9720,-1.1190,0.7823,-0.0005,67,-0.0209,24.8201,-42.4853,1.6851,40.8988,-1.1153,0.0037,0.2137,0.7972,0.0037,0,0
1789855314.9434,24.0925,-41.0002,-1.1190,0.7822,-0.0003,67,-0.0207,24.8201,-42.4853,1.6538,40.8675,-1.1152,0.0038,0.2186,0.7972,0.0038,0,0
1789855314.9935,24.1061,-41.0284,-1.1191,0.7822,0.0000,67,-0.0206,24.8201,-42.4853,1.6225,40.8362,-1.1152,0.0039,0.2235,0.7971,0.0039,0,0
1789855315.0435,24.1198,-41.0565,-1.1191,0.7822,0.0000,67,-0.0204,24.8201,-42.4853,1.5912,40.8050,-1.1151,0.0040,0.2284,0.7970,0.0040,0,0
1789855315.0963,24.1334,-41.0846,-1.1191,0.7821,0.0000,67,-0.0203,24.8201,-42.4853,1.5599,40.7737,-1.1150,0.0041,0.2333,0.7970,0.0041,0,0
1789855315.1435,24.1471,-41.1128,-1.1191,0.7821,0.0000,67,-0.0201,24.8201,-42.4853,1.5287,40.7424,-1.1149,0.0042,0.2383,0.7969,0.0042,0,0
1789855315.1935,24.1676,-41.1550,-1.1191,0.7821,0.0000,68,-0.0212,25.0925,-43.0473,2.1063,40.6955,-1.1162,0.0029,0.1652,0.7979,0.0029,0,0
1789855315.2435,24.1744,-41.1691,-1.1191,0.7821,0.0000,68,-0.0211,25.0925,-43.0473,2.0906,40.6799,-1.1162,0.0029,0.1664,0.7978,0.0029,0,0
1789855315.2974,24.1949,-41.2113,-1.1191,0.7821,0.0000,68,-0.0206,25.0925,-43.0473,2.0437,40.6329,-1.1161,0.0030,0.1699,0.7978,0.0030,0,0
1789855315.3432,24.2085,-41.2394,-1.1190,0.7820,0.0000,68,-0.0203,25.0925,-43.0473,2.0124,40.6017,-1.1160,0.0030,0.1721,0.7978,0.0030,0,0
1789855315.3933,24.2222,-41.2676,-1.1190,0.7820,0.0000,68,-0.0200,25.0925,-43.0473,1.9811,40.5704,-1.1160,0.0030,0.1742,0.7977,0.0030,0,0
1789855315.4434,24.2358,-41.2957,-1.1190,0.7820,0.0002,68,-0.0197,25.0925,-43.0473,1.9499,40.5391,-1.1160,0.0031,0.1760,0.7977,0.0031,0,0
1789855315.4950,24.2495,-41.3239,-1.1190,0.7819,0.0006,68,-0.0193,25.0925,-43.0473,1.9186,40.5079,-1.1159,0.0031,0.1774,0.7977,0.0031,0,0
1789855315.5434,24.2632,-41.3520,-1.1190,0.7819,0.0007,68,-0.0190,25.0925,-43.0473,1.8873,40.4766,-1.1159,0.0031,0.1784,0.7977,0.0031,0,0
1789855315.5935,24.2768,-41.3803,-1.1194,0.7858,-0.0106,68,-0.0188,25.0925,-43.0473,1.8559,40.4452,-1.1157,0.0037,0.2093,0.7973,0.0037,0,0
1789855315.6438,24.2972,-41.4226,-1.1195,0.7825,-0.0011,68,-0.0184,25.0925,-43.0473,1.8089,40.3982,-1.1156,0.0039,0.2210,0.7971,0.0039,0,0
1789855315.6933,24.3109,-41.4508,-1.1195,0.7823,-0.0006,68,-0.0181,25.0925,-43.0473,1.7776,40.3669,-1.1156,0.0040,0.2264,0.7971,0.0040,0,0
1789855315.7434,24.3245,-41.4789,-1.1195,0.7822,-0.0001,68,-0.0178,25.0925,-43.0473,1.7463,40.3357,-1.1155,0.0040,0.2315,0.7970,0.0040,0,0
1789855315.7943,24.3382,-41.5071,-1.1195,0.7822,0.0000,68,-0.0175,25.0925,-43.0473,1.7151,40.3044,-1.1154,0.0041,0.2365,0.7969,0.0041,0,0
1789855315.8435,24.3586,-41.5493,-1.1195,0.7822,0.0000,68,-0.0171,25.0925,-43.0473,1.6681,40.2575,-1.1153,0.0043,0.2438,0.7968,0.0043,0,0
1789855315.8942,24.3655,-41.5634,-1.1195,0.7822,0.0000,68,-0.0169,25.0925,-43.0473,1.6525,40.2418,-1.1152,0.0043,0.2463,0.7968,0.0043,0,0
1789855315.9437,24.3859,-41.6056,-1.1196,0.7821,0.0000,68,-0.0165,25.0925,-43.0473,1.6056,40.1949,-1.1151,0.0044,0.2537,0.7967,0.0044,0,0
1789855315.9934,24.3996,-41.6338,-1.1196,0.7821,0.0000,68,-0.0162,25.0925,-43.0473,1.5743,40.1636,-1.1150,0.0045,0.2588,0.7966,0.0045,0,0
1789855316.0435,24.4132,-41.6619,-1.1196,0.7821,0.0000,68,-0.0159,25.0925,-43.0473,1.5430,40.1324,-1.1149,0.0046,0.2641,0.7966,0.0046,0,0
1789855316.0935,24.4268,-41.6901,-1.1196,0.7821,0.0000,69,-0.0157,25.3593,-43.6077,2.1323,40.1011,-1.1182,0.0014,0.0775,0.7990,0.0014,0,0
1789855316.1433,24.4473,-41.7323,-1.1195,0.7821,0.0000,69,-0.0153,25.3593,-43.6077,2.0854,40.0542,-1.1182,0.0014,0.0792,0.7990,0.0014,0,0
1789855316.1932,24.4609,-41.7605,-1.1195,0.7820,0.0000,69,-0.0149,25.3593,-43.6077,2.0541,40.0229,-1.1181,0.0014,0.0798,0.7990,0.0014,0,0
1789855316.2437,24.4746,-41.7886,-1.1195,0.7819,0.0007,69,-0.0146,25.3593,-43.6077,2.0228,39.9916,-1.1181,0.0014,0.0793,0.7990,0.0014,0,0
1789855316.2935,24.4882,-41.8167,-1.1195,0.7817,0.0011,69,-0.0143,25.3593,-43.6077,1.9915,39.9604,-1.1181,0.0014,0.0777,0.7990,0.0014,0,0
1789855316.3433,24.5087,-41.8589,-1.1195,0.7823,-0.0005,69,-0.0139,25.3593,-43.6077,1.9446,39.9135,-1.1181,0.0014,0.0786,0.7990,0.0014,0,0
1789855316.3936,24.5155,-41.8732,-1.1199,0.7866,-0.0131,69,-0.0138,25.3593,-43.6077,1.9288,39.8977,-1.1180,0.0019,0.1089,0.7986,0.0019,0,0
1789855316.4448,24.5291,-41.9014,-1.1200,0.7831,-0.0029,69,-0.0136,25.3593,-43.6077,1.8975,39.8664,-1.1180,0.0021,0.1185,0.7985,0.0021,0,0
1789855316.4933,24.5495,-41.9437,-1.1201,0.7823,-0.0006,69,-0.0131,25.3593,-43.6077,1.8506,39.8194,-1.1179,0.0022,0.1244,0.7984,0.0022,0,0
1789855316.5433,24.5632,-41.9718,-1.1201,0.7822,-0.0001,69,-0.0129,25.3593,-43.6077,1.8193,39.7882,-1.1179,0.0022,0.1276,0.7983,0.0022,0,0
1789855316.5934,24.5768,-42.0000,-1.1201,0.7822,0.0000,69,-0.0126,25.3593,-43.6077,1.7880,39.7569,-1.1178,0.0023,0.1305,0.7983,0.0023,0,0
1789855316.6434,24.5972,-42.0423,-1.1201,0.7821,0.0000,69,-0.0122,25.3593,-43.6077,1.7411,39.7100,-1.1177,0.0024,0.1348,0.7983,0.0024,0,0
1789855316.6931,24.6109,-42.0704,-1.1201,0.7821,0.0000,69,-0.0119,25.3593,-43.6077,1.7098,39.6787,-1.1177,0.0024,0.1375,0.7982,0.0024,0,0
1789855316.7435,24.6245,-42.0986,-1.1201,0.7821,0.0000,69,-0.0116,25.3593,-43.6077,1.6785,39.6474,-1.1177,0.0024,0.1403,0.7982,0.0024,0,0
1789855316.7935,24.6381,-42.1267,-1.1201,0.7821,0.0000,69,-0.0113,25.3593,-43.6077,1.6472,39.6162,-1.1176,0.0025,0.1430,0.7981,0.0025,0,0
1789855316.8432,24.6517,-42.1549,-1.1201,0.7821,0.0000,69,-0.0110,25.3593,-43.6077,1.6159,39.5849,-1.1176,0.0025,0.1457,0.7981,0.0025,0,0
1789855316.8947,24.6653,-42.1831,-1.1201,0.7821,0.0000,69,-0.0107,25.3593,-43.6077,1.5846,39.5536,-1.1175,0.0026,0.1485,0.7981,0.0026,0,0
1789855316.9432,24.6858,-42.2253,-1.1201,0.7820,0.0000,70,-0.0075,25.6449,-44.1508,2.1512,39.5067,-1.1087,0.0114,0.6543,0.7915,0.0114,0,0
1789855316.9937,24.6994,-42.2534,-1.1201,0.7820,0.0000,70,-0.0075,25.6449,-44.1508,2.1199,39.4754,-1.1085,0.0116,0.6634,0.7914,0.0116,0,0
1789855317.0467,24.7132,-42.2812,-1.1187,0.7757,0.0350,70,-0.0072,25.6449,-44.1508,2.0889,39.4444,-1.1085,0.0102,0.5843,0.7924,0.0102,0,0
1789855317.1005,24.7344,-42.3228,-1.1153,0.7781,0.0530,70,-0.0062,25.6449,-44.1508,2.0423,39.3978,-1.1087,0.0066,0.3801,0.7951,0.0066,0,0
1789855317.1432,24.7483,-42.3506,-1.1145,0.7760,0.0220,70,-0.0059,25.6449,-44.1508,2.0112,39.3667,-1.1087,0.0057,0.3290,0.7957,0.0057,0,0
1789855317.1937,24.7620,-42.3787,-1.1145,0.7829,-0.0023,70,-0.0057,25.6449,-44.1508,1.9799,39.3354,-1.1086,0.0059,0.3403,0.7956,0.0059,0,0
1789855317.2451,24.7826,-42.4206,-1.1148,0.7767,-0.0047,70,-0.0055,25.6449,-44.1508,1.9332,39.2887,-1.1085,0.0063,0.3618,0.7953,0.0063,0,0
1789855317.2932,24.7963,-42.4486,-1.1151,0.7772,-0.0071,70,-0.0054,25.6449,-44.1508,1.9021,39.2576,-1.1083,0.0067,0.3856,0.7950,0.0067,0,0
1789855317.3444,24.8099,-42.4765,-1.1152,0.7767,-0.0049,70,-0.0053,25.6449,-44.1508,1.8710,39.2266,-1.1082,0.0071,0.4041,0.7948,0.0071,0,0
1789855317.3946,24.8168,-42.4905,-1.1153,0.7809,-0.0005,70,-0.0053,25.6449,-44.1508,1.8554,39.2109,-1.1081,0.0071,0.4079,0.7947,0.0071,0,0
1789855317.4434,24.8374,-42.5327,-1.1153,0.7822,-0.0001,70,-0.0051,25.6449,-44.1508,1.8085,39.1640,-1.1079,0.0073,0.4193,0.7946,0.0073,0,0
1789855317.5029,24.8443,-42.5467,-1.1153,0.7822,0.0000,70,-0.0050,25.6449,-44.1508,1.7928,39.1484,-1.1079,0.0074,0.4232,0.7945,0.0074,0,0
1789855317.5438,24.8581,-42.5748,-1.1153,0.7822,0.0000,70,-0.0049,25.6449,-44.1508,1.7615,39.1171,-1.1077,0.0075,0.4310,0.7944,0.0075,0,0
1789855317.5934,24.8718,-42.6029,-1.1153,0.7821,0.0000,70,-0.0047,25.6449,-44.1508,1.7302,39.0858,-1.1076,0.0077,0.4389,0.7943,0.0077,0,0
1789855317.6434,24.8787,-42.6170,-1.1153,0.7821,0.0000,70,-0.0047,25.6449,-44.1508,1.7146,39.0702,-1.1075,0.0077,0.4429,0.7943,0.0077,0,0
1789855317.6935,24.8993,-42.6591,-1.1153,0.7821,0.0000,70,-0.0045,25.6449,-44.1508,1.6677,39.0232,-1.1073,0.0079,0.4555,0.7941,0.0079,0,0
1789855317.7435,24.9131,-42.6872,-1.1153,0.7821,0.0000,70,-0.0043,25.6449,-44.1508,1.6364,38.9920,-1.1072,0.0081,0.4643,0.7940,0.0081,0,0
1789855317.7931,24.9338,-42.7292,-1.1149,0.7793,0.0082,70,-0.0041,25.6449,-44.1508,1.5896,38.9452,-1.1070,0.0080,0.4562,0.7941,0.0080,0,0
1789855317.8444,24.9478,-42.7570,-1.1137,0.7786,0.0309,70,-0.0036,25.6449,-44.1508,1.5584,38.9140,-1.1070,0.0067,0.3824,0.7950,0.0067,0,0
1789855317.8938,24.9617,-42.7847,-1.1129,0.7751,0.0205,71,-0.0052,25.9200,-44.6952,2.1373,38.8830,-1.1059,0.0070,0.4023,0.7948,0.0070,0,0
1789855317.9436,24.9755,-42.8128,-1.1128,0.7814,0.0020,71,-0.0048,25.9200,-44.6952,2.1061,38.8518,-1.1058,0.0070,0.4030,0.7948,0.0070,0,0
1789855317.9936,24.9893,-42.8408,-1.1128,0.7821,0.0000,71,-0.0043,25.9200,-44.6952,2.0748,38.8205,-1.1057,0.0071,0.4091,0.7947,0.0071,0,0
1789855318.0433,25.0032,-42.8689,-1.1128,0.7821,0.0000,71,-0.0039,25.9200,-44.6952,2.0435,38.7892,-1.1055,0.0073,0.4155,0.7946,0.0073,0,0
1789855318.0954,25.0170,-42.8970,-1.1128,0.7821,0.0000,71,-0.0035,25.9200,-44.6952,2.0122,38.7579,-1.1054,0.0074,0.4220,0.7945,0.0074,0,0
1789855318.1433,25.0308,-42.9250,-1.1128,0.7821,0.0000,71,-0.0031,25.9200,-44.6952,1.9809,38.7267,-1.1053,0.0075,0.4287,0.7944,0.0075,0,0
1789855318.1948,25.0516,-42.9671,-1.1128,0.7821,0.0000,71,-0.0024,25.9200,-44.6952,1.9340,38.6797,-1.1051,0.0077,0.4392,0.7943,0.0077,0,0
1789855318.2434,25.0585,-42.9811,-1.1128,0.7821,0.0000,71,-0.0022,25.9200,-44.6952,1.9184,38.6641,-1.1051,0.0077,0.4428,0.7943,0.0077,0,0
1789855318.2936,25.0723,-43.0090,-1.1124,0.7785,0.0104,71,-0.0017,25.9200,-44.6952,1.8872,38.6330,-1.1050,0.0074,0.4228,0.7945,0.0074,0,0
1789855318.3438,25.0931,-43.0511,-1.1124,0.7821,0.0000,71,-0.0010,25.9200,-44.6952,1.8403,38.5860,-1.1048,0.0076,0.4337,0.7944,0.0076,0,0
1789855318.3933,25.1069,-43.0791,-1.1124,0.7821,0.0000,71,-0.0006,25.9200,-44.6952,1.8090,38.5548,-1.1047,0.0077,0.4413,0.7943,0.0077,0,0
1789855318.4435,25.1208,-43.1072,-1.1124,0.7821,0.0000,71,-0.0002,25.9200,-44.6952,1.7777,38.5235,-1.1045,0.0078,0.4491,0.7942,0.0078,0,0
1789855318.4963,25.1346,-43.1353,-1.1124,0.7821,0.0000,71,0.0003,25.9200,-44.6952,1.7465,38.4922,-1.1044,0.0080,0.4572,0.7941,0.0080,0,0
1789855318.5432,25.1486,-43.1632,-1.1116,0.7814,0.0186,71,0.0009,25.9200,-44.6952,1.7152,38.4610,-1.1044,0.0073,0.4162,0.7946,0.0073,0,0
1789855318.5933,25.1699,-43.2055,-1.1104,0.7892,0.0207,71,0.0019,25.9200,-44.6952,1.6679,38.4136,-1.1044,0.0060,0.3452,0.7955,0.0060,0,0
1789855318.6434,25.1842,-43.2337,-1.1096,0.7892,0.0206,71,0.0027,25.9200,-44.6952,1.6363,38.3820,-1.1044,0.0052,0.2968,0.7962,0.0052,0,0
1789855318.6935,25.1982,-43.2621,-1.1097,0.7918,-0.0035,71,0.0032,25.9200,-44.6952,1.6046,38.3504,-1.1043,0.0054,0.3120,0.7960,0.0054,0,0
1789855318.7433,25.2122,-43.2904,-1.1100,0.7915,-0.0066,71,0.0036,25.9200,-44.6952,1.5730,38.3187,-1.1041,0.0059,0.3360,0.7956,0.0059,0,0
1789855318.7956,25.2262,-43.3187,-1.1101,0.7885,-0.0020,71,0.0041,25.9200,-44.6952,1.5414,38.2872,-1.1040,0.0061,0.3483,0.7955,0.0061,0,0
1789855318.8444,25.2402,-43.3471,-1.1104,0.7922,-0.0088,72,0.0159,26.1892,-45.2334,2.1115,38.2555,-1.1047,0.0057,0.3275,0.7958,0.0057,0,0
1789855318.8934,25.2542,-43.3755,-1.1107,0.7914,-0.0064,72,0.0151,26.1892,-45.2334,2.0799,38.2238,-1.1046,0.0061,0.3493,0.7955,0.0061,0,0
1789855318.9437,25.2682,-43.4039,-1.1108,0.7904,-0.0037,72,0.0143,26.1892,-45.2334,2.0483,38.1922,-1.1045,0.0064,0.3643,0.7953,0.0064,0,0
1789855318.9966,25.2753,-43.4181,-1.1108,0.7950,-0.0001,72,0.0139,26.1892,-45.2334,2.0323,38.1763,-1.1044,0.0064,0.3672,0.7952,0.0064,0,0
1789855319.0434,25.2965,-43.4609,-1.1108,0.7963,0.0000,72,0.0127,26.1892,-45.2334,1.9846,38.1285,-1.1042,0.0066,0.3762,0.7951,0.0066,0,0
1789855319.0935,25.3107,-43.4893,-1.1104,0.7928,0.0104,72,0.0120,26.1892,-45.2334,1.9528,38.0968,-1.1042,0.0062,0.3559,0.7954,0.0062,0,0
1789855319.1437,25.3248,-43.5177,-1.1100,0.7928,0.0104,72,0.0114,26.1892,-45.2334,1.9211,38.0651,-1.1041,0.0059,0.3355,0.7956,0.0059,0,0
1789855319.1933,25.3390,-43.5462,-1.1100,0.7963,0.0000,72,0.0106,26.1892,-45.2334,1.8893,38.0333,-1.1040,0.0060,0.3413,0.7956,0.0060,0,0
1789855319.2434,25.3532,-43.5748,-1.1100,0.7964,0.0000,72,0.0099,26.1892,-45.2334,1.8574,38.0014,-1.1039,0.0061,0.3472,0.7955,0.0061,0,0
1789855319.2959,25.3673,-43.6033,-1.1100,0.7964,0.0000,72,0.0091,26.1892,-45.2334,1.8256,37.9696,-1.1038,0.0062,0.3534,0.7954,0.0062,0,0
1789855319.3433,25.3886,-43.6461,-1.1100,0.7964,0.0000,72,0.0080,26.1892,-45.2334,1.7778,37.9218,-1.1036,0.0063,0.3630,0.7953,0.0063,0,0
1789855319.3932,25.3956,-43.6604,-1.1100,0.7964,0.0000,72,0.0077,26.1892,-45.2334,1.7619,37.9059,-1.1036,0.0064,0.3663,0.7953,0.0064,0,0
1789855319.4441,25.4098,-43.6887,-1.1096,0.7935,0.0083,72,0.0070,26.1892,-45.2334,1.7301,37.8741,-1.1035,0.0061,0.3513,0.7954,0.0061,0,0
1789855319.4935,25.4241,-43.7173,-1.1092,0.7985,0.0103,72,0.0064,26.1892,-45.2334,1.6982,37.8422,-1.1035,0.0058,0.3307,0.7957,0.0058,0,0
1789855319.5433,25.4456,-43.7602,-1.1087,0.7999,0.0103,72,0.0054,26.1892,-45.2334,1.6502,37.7943,-1.1034,0.0054,0.3073,0.7960,0.0054,0,0
1789855319.5952,25.4598,-43.7887,-1.1087,0.7963,0.0000,72,0.0047,26.1892,-45.2334,1.6184,37.7624,-1.1033,0.0055,0.3134,0.7959,0.0055,0,0
1789855319.6438,25.4740,-43.8172,-1.1087,0.7963,0.0000,72,0.0040,26.1892,-45.2334,1.5865,37.7306,-1.1032,0.0056,0.3198,0.7959,0.0056,0,0
1789855319.6932,25.4883,-43.8459,-1.1087,0.8020,0.0000,72,0.0033,26.1892,-45.2334,1.5545,37.6985,-1.1030,0.0057,0.3265,0.7958,0.0057,0,0
1789855319.7435,25.4954,-43.8602,-1.1087,0.8034,-0.0000,72,0.0030,26.1892,-45.2334,1.5385,37.6825,-1.1030,0.0058,0.3300,0.7957,0.0058,0,0
1789855319.7968,25.5096,-43.8887,-1.1087,0.7963,0.0000,73,-0.0025,26.4571,-45.7724,2.1085,37.6506,-1.1048,0.0040,0.2284,0.7970,0.0040,0,0
1789855319.8432,25.5241,-43.9174,-1.1080,0.8026,0.0190,73,-0.0025,26.4571,-45.7724,2.0764,37.6185,-1.1048,0.0032,0.1828,0.7976,0.0032,0,0
1789855319.8944,25.5386,-43.9462,-1.1075,0.8062,0.0126,73,-0.0025,26.4571,-45.7724,2.0442,37.5863,-1.1048,0.0027,0.1529,0.7980,0.0027,0,0
1789855319.9437,25.5600,-43.9890,-1.1076,0.7964,-0.0002,73,-0.0028,26.4571,-45.7724,1.9963,37.5384,-1.1047,0.0029,0.1673,0.7978,0.0029,0,0
1789855319.9945,25.5742,-44.0175,-1.1076,0.7964,-0.0003,73,-0.0030,26.4571,-45.7724,1.9644,37.5066,-1.1047,0.0030,0.1709,0.7978,0.0030,0,0
1789855320.0436,25.5885,-44.0461,-1.1077,0.7964,-0.0001,73,-0.0031,26.4571,-45.7724,1.9326,37.4747,-1.1046,0.0030,0.1743,0.7977,0.0030,0,0
1789855320.1001,25.6027,-44.0745,-1.1077,0.7963,0.0000,73,-0.0033,26.4571,-45.7724,1.9007,37.4429,-1.1046,0.0031,0.1776,0.7977,0.0031,0,0
1789855320.1432,25.6169,-44.1030,-1.1077,0.7963,0.0000,73,-0.0034,26.4571,-45.7724,1.8689,37.4110,-1.1045,0.0032,0.1808,0.7977,0.0032,0,0
1789855320.2005,25.6312,-44.1319,-1.1079,0.8051,-0.0049,73,-0.0036,26.4571,-45.7724,1.8367,37.3788,-1.1044,0.0034,0.1968,0.7974,0.0034,0,0
1789855320.2432,25.6455,-44.1604,-1.1079,0.7964,-0.0003,73,-0.0038,26.4571,-45.7724,1.8048,37.3470,-1.1044,0.0035,0.2011,0.7974,0.0035,0,0
1789855320.2935,25.6598,-44.1892,-1.1081,0.8051,-0.0049,73,-0.0040,26.4571,-45.7724,1.7726,37.3148,-1.1043,0.0038,0.2176,0.7972,0.0038,0,0
1789855320.3435,25.6811,-44.2320,-1.1081,0.7963,0.0000,73,-0.0043,26.4571,-45.7724,1.7248,37.2670,-1.1042,0.0039,0.2241,0.7971,0.0039,0,0
1789855320.3933,25.6953,-44.2605,-1.1081,0.7963,0.0000,73,-0.0044,26.4571,-45.7724,1.6930,37.2351,-1.1041,0.0040,0.2284,0.7970,0.0040,0,0
1789855320.4435,25.7096,-44.2890,-1.1081,0.7963,0.0000,73,-0.0046,26.4571,-45.7724,1.6611,37.2033,-1.1040,0.0041,0.2329,0.7970,0.0041,0,0
1789855320.4941,25.7167,-44.3032,-1.1081,0.7963,0.0000,73,-0.0047,26.4571,-45.7724,1.6452,37.1874,-1.1040,0.0041,0.2352,0.7970,0.0041,0,0
1789855320.5437,25.7380,-44.3460,-1.1081,0.7963,0.0000,73,-0.0049,26.4571,-45.7724,1.5974,37.1396,-1.1038,0.0042,0.2423,0.7969,0.0042,0,0
1789855320.5933,25.7522,-44.3745,-1.1081,0.7963,0.0000,73,-0.0051,26.4571,-45.7724,1.5656,37.1077,-1.1037,0.0043,0.2473,0.7968,0.0043,0,0
1789855320.6435,25.7664,-44.4030,-1.1081,0.7963,0.0000,73,-0.0053,26.4571,-45.7724,1.5337,37.0759,-1.1037,0.0044,0.2525,0.7967,0.0044,0,0
1789855320.6933,25.7806,-44.4315,-1.1081,0.7963,0.0000,74,-0.0066,26.7236,-46.3125,2.1041,37.0440,-1.1061,0.0020,0.1138,0.7985,0.0020,0,0
1789855320.7440,25.7949,-44.4600,-1.1081,0.7963,0.0000,74,-0.0067,26.7236,-46.3125,2.0723,37.0122,-1.1060,0.0020,0.1156,0.7985,0.0020,0,0
1789855320.7966,25.8091,-44.4885,-1.1081,0.7963,0.0000,74,-0.0067,26.7236,-46.3125,2.0404,36.9803,-1.1060,0.0021,0.1175,0.7985,0.0021,0,0
1789855320.8432,25.8233,-44.5170,-1.1081,0.7963,0.0000,74,-0.0067,26.7236,-46.3125,2.0086,36.9485,-1.1060,0.0021,0.1194,0.7985,0.0021,0,0
1789855320.8967,25.8375,-44.5455,-1.1081,0.7963,0.0000,74,-0.0068,26.7236,-46.3125,1.9767,36.9166,-1.1059,0.0021,0.1214,0.7984,0.0021,0,0
1789855320.9434,25.8517,-44.5740,-1.1081,0.7963,0.0000,74,-0.0068,26.7236,-46.3125,1.9448,36.8848,-1.1059,0.0022,0.1235,0.7984,0.0022,0,0
1789855320.9934,25.8659,-44.6025,-1.1081,0.7963,0.0000,74,-0.0069,26.7236,-46.3125,1.9130,36.8529,-1.1059,0.0022,0.1256,0.7984,0.0022,0,0
1789855321.0473,25.8873,-44.6453,-1.1081,0.7963,0.0000,74,-0.0069,26.7236,-46.3125,1.8652,36.8052,-1.1058,0.0023,0.1289,0.7983,0.0023,0,0
1789855321.0982,25.8944,-44.6595,-1.1081,0.7963,0.0000,74,-0.0069,26.7236,-46.3125,1.8493,36.7892,-1.1058,0.0023,0.1301,0.7983,0.0023,0,0
1789855321.1433,25.9086,-44.6880,-1.1081,0.7963,0.0000,74,-0.0070,26.7236,-46.3125,1.8174,36.7574,-1.1058,0.0023,0.1324,0.7983,0.0023,0,0
1789855321.1933,25.9228,-44.7165,-1.1081,0.7963,0.0000,74,-0.0070,26.7236,-46.3125,1.7856,36.7255,-1.1057,0.0024,0.1349,0.7983,0.0024,0,0
1789855321.2432,25.9370,-44.7451,-1.1081,0.7963,0.0000,74,-0.0070,26.7236,-46.3125,1.7537,36.6937,-1.1057,0.0024,0.1374,0.7982,0.0024,0,0
1789855321.2988,25.9583,-44.7877,-1.1077,0.7935,0.0082,74,-0.0070,26.7236,-46.3125,1.7061,36.6460,-1.1056,0.0021,0.1207,0.7984,0.0021,0,0
1789855321.3436,25.9726,-44.8161,-1.1077,0.7956,0.0021,74,-0.0071,26.7236,-46.3125,1.6742,36.6142,-1.1056,0.0021,0.1177,0.7985,0.0021,0,0
1789855321.3935,25.9868,-44.8446,-1.1077,0.7963,0.0000,74,-0.0071,26.7236,-46.3125,1.6424,36.5824,-1.1056,0.0021,0.1201,0.7984,0.0021,0,0
1789855321.4436,26.0009,-44.8729,-1.1077,0.7906,-0.0000,74,-0.0071,26.7236,-46.3125,1.6108,36.5507,-1.1055,0.0021,0.1225,0.7984,0.0021,0,0
1789855321.4936,26.0151,-44.9014,-1.1077,0.7949,-0.0000,74,-0.0071,26.7236,-46.3125,1.5790,36.5189,-1.1055,0.0022,0.1251,0.7984,0.0022,0,0
1789855321.5434,26.0292,-44.9296,-1.1077,0.7892,-0.0000,74,-0.0072,26.7236,-46.3125,1.5474,36.4874,-1.1054,0.0022,0.1278,0.7983,0.0022,0,0
1789855321.5933,26.0433,-44.9579,-1.1077,0.7892,-0.0000,74,-0.0072,26.7236,-46.3125,1.5158,36.4558,-1.1054,0.0023,0.1305,0.7983,0.0023,0,0
1789855321.6433,26.0573,-44.9859,-1.1077,0.7835,-0.0000,75,-0.0079,26.9888,-46.8538,2.0873,36.4245,-1.1082,-0.0006,-0.0320,0.7996,-0.0006,0,0
1789855321.6938,26.0713,-45.0139,-1.1077,0.7821,-0.0000,75,-0.0079,26.9888,-46.8538,2.0560,36.3932,-1.1082,-0.0006,-0.0324,0.7996,-0.0006,0,0
1789855321.7434,26.0923,-45.0559,-1.1077,0.7821,-0.0001,75,-0.0078,26.9888,-46.8538,2.0091,36.3463,-1.1082,-0.0006,-0.0329,0.7996,-0.0006,0,0
1789855321.7936,26.1062,-45.0839,-1.1077,0.7821,0.0000,75,-0.0077,26.9888,-46.8538,1.9778,36.3150,-1.1082,-0.0006,-0.0333,0.7996,-0.0006,0,0
1789855321.8434,26.1132,-45.0979,-1.1077,0.7821,0.0000,75,-0.0077,26.9888,-46.8538,1.9621,36.2993,-1.1082,-0.0006,-0.0335,0.7996,-0.0006,0,0
1789855321.8934,26.1341,-45.1397,-1.1079,0.7781,-0.0049,75,-0.0077,26.9888,-46.8538,1.9154,36.2526,-1.1082,-0.0004,-0.0216,0.7997,-0.0004,0,0
1789855321.9433,26.1479,-45.1676,-1.1081,0.7768,-0.0053,75,-0.0077,26.9888,-46.8538,1.8843,36.2215,-1.1082,-0.0001,-0.0080,0.7999,-0.0001,0,0
1789855321.9934,26.1616,-45.1950,-1.1081,0.7680,-0.0005,75,-0.0076,26.9888,-46.8538,1.8536,36.1908,-1.1082,-0.0001,-0.0069,0.7999,-0.0001,0,0
1789855322.0437,26.1822,-45.2363,-1.1081,0.7678,0.0000,75,-0.0076,26.9888,-46.8538,1.8075,36.1447,-1.1082,-0.0001,-0.0076,0.7999,-0.0001,0,0
1789855322.0938,26.1890,-45.2500,-1.1081,0.7678,0.0000,75,-0.0075,26.9888,-46.8538,1.7922,36.1294,-1.1082,-0.0001,-0.0079,0.7999,-0.0001,0,0
1789855322.1435,26.2096,-45.2912,-1.1080,0.7677,0.0003,75,-0.0075,26.9888,-46.8538,1.7461,36.0833,-1.1082,-0.0002,-0.0094,0.7999,-0.0002,0,0
1789855322.1941,26.2164,-45.3050,-1.1080,0.7677,0.0005,75,-0.0075,26.9888,-46.8538,1.7307,36.0680,-1.1082,-0.0002,-0.0101,0.7999,-0.0002,0,0
1789855322.2478,26.2370,-45.3462,-1.1080,0.7679,0.0000,75,-0.0074,26.9888,-46.8538,1.6847,36.0219,-1.1082,-0.0002,-0.0105,0.7999,-0.0002,0,0
1789855322.2934,26.2507,-45.3737,-1.1080,0.7679,0.0000,75,-0.0073,26.9888,-46.8538,1.6539,35.9912,-1.1082,-0.0002,-0.0106,0.7999,-0.0002,0,0
1789855322.3535,26.2644,-45.4012,-1.1080,0.7679,0.0000,75,-0.0073,26.9888,-46.8538,1.6232,35.9605,-1.1082,-0.0002,-0.0107,0.7999,-0.0002,0,0
1789855322.3967,26.2781,-45.4287,-1.1080,0.7679,0.0000,75,-0.0073,26.9888,-46.8538,1.5925,35.9298,-1.1082,-0.0002,-0.0109,0.7999,-0.0002,0,0
1789855322.4434,26.2918,-45.4561,-1.1080,0.7679,0.0000,75,-0.0072,26.9888,-46.8538,1.5618,35.8991,-1.1082,-0.0002,-0.0110,0.7999,-0.0002,0,0
1789855322.4962,26.3056,-45.4836,-1.1080,0.7679,0.0000,75,-0.0072,26.9888,-46.8538,1.5311,35.8683,-1.1082,-0.0002,-0.0112,0.7999,-0.0002,0,0
1789855322.5435,26.3261,-45.5249,-1.1080,0.7679,0.0000,76,-0.0079,27.2672,-47.4056,2.1031,35.8223,-1.1069,0.0012,0.0665,0.7991,0.0012,0,0
1789855322.5935,26.3330,-45.5386,-1.1080,0.7679,0.0000,76,-0.0078,27.2672,-47.4056,2.0877,35.8069,-1.1069,0.0012,0.0670,0.7991,0.0012,0,0
1789855322.6436,26.3467,-45.5659,-1.1077,0.7650,0.0083,76,-0.0076,27.2672,-47.4056,2.0571,35.7763,-1.1069,0.0008,0.0465,0.7994,0.0008,0,0
1789855322.6961,26.3605,-45.5932,-1.1073,0.7644,0.0104,76,-0.0074,27.2672,-47.4056,2.0265,35.7458,-1.1069,0.0004,0.0205,0.7997,0.0004,0,0
1789855322.7433,26.3742,-45.6207,-1.1072,0.7672,0.0021,76,-0.0072,27.2672,-47.4056,1.9958,35.7151,-1.1069,0.0003,0.0154,0.7998,0.0003,0,0
1789855322.7936,26.3878,-45.6480,-1.1074,0.7639,-0.0049,76,-0.0071,27.2672,-47.4056,1.9653,35.6845,-1.1069,0.0005,0.0284,0.7996,0.0005,0,0
1789855322.8435,26.4081,-45.6888,-1.1076,0.7570,-0.0055,76,-0.0069,27.2672,-47.4056,1.9197,35.6389,-1.1069,0.0008,0.0444,0.7994,0.0008,0,0
1789855322.8955,26.4216,-45.7158,-1.1076,0.7536,0.0000,76,-0.0068,27.2672,-47.4056,1.8895,35.6088,-1.1068,0.0008,0.0449,0.7994,0.0008,0,0
1789855322.9444,26.4352,-45.7430,-1.1076,0.7608,-0.0000,76,-0.0066,27.2672,-47.4056,1.8591,35.5784,-1.1068,0.0008,0.0456,0.7994,0.0008,0,0
1789855322.9935,26.4487,-45.7700,-1.1076,0.7536,0.0003,76,-0.0065,27.2672,-47.4056,1.8290,35.5482,-1.1068,0.0008,0.0458,0.7994,0.0008,0,0
1789855323.0437,26.4621,-45.7970,-1.1076,0.7535,0.0004,76,-0.0064,27.2672,-47.4056,1.7988,35.5181,-1.1068,0.0008,0.0455,0.7994,0.0008,0,0
1789855323.0937,26.4823,-45.8374,-1.1076,0.7536,0.0002,76,-0.0061,27.2672,-47.4056,1.7536,35.4729,-1.1068,0.0008,0.0455,0.7994,0.0008,0,0
1789855323.1437,26.4958,-45.8644,-1.1076,0.7540,-0.0009,76,-0.0060,27.2672,-47.4056,1.7235,35.4427,-1.1068,0.0009,0.0487,0.7994,0.0009,0,0
1789855323.1958,26.5160,-45.9049,-1.1076,0.7537,0.0000,76,-0.0058,27.2672,-47.4056,1.6782,35.3975,-1.1067,0.0009,0.0502,0.7993,0.0009,0,0
1789855323.2437,26.5227,-45.9183,-1.1076,0.7537,0.0000,76,-0.0057,27.2672,-47.4056,1.6632,35.3824,-1.1067,0.0009,0.0507,0.7993,0.0009,0,0
1789855323.2938,26.5362,-45.9453,-1.1076,0.7537,0.0000,76,-0.0056,27.2672,-47.4056,1.6330,35.3523,-1.1067,0.0009,0.0517,0.7993,0.0009,0,0
1789855323.3431,26.5497,-45.9723,-1.1076,0.7537,0.0000,76,-0.0055,27.2672,-47.4056,1.6029,35.3222,-1.1067,0.0009,0.0528,0.7993,0.0009,0,0
1789855323.3936,26.5631,-45.9993,-1.1076,0.7536,0.0000,76,-0.0053,27.2672,-47.4056,1.5727,35.2920,-1.1067,0.0009,0.0539,0.7993,0.0009,0,0
1789855323.4434,26.5766,-46.0262,-1.1076,0.7536,0.0000,76,-0.0052,27.2672,-47.4056,1.5426,35.2619,-1.1067,0.0010,0.0550,0.7993,0.0010,0,0
1789855323.4936,26.5901,-46.0532,-1.1076,0.7536,0.0000,77,-0.0059,27.5376,-47.9502,2.1205,35.2317,-1.1076,0.0001,0.0038,0.8000,0.0001,0,0
1789855323.5443,26.6035,-46.0802,-1.1076,0.7536,0.0000,77,-0.0057,27.5376,-47.9502,2.0903,35.2016,-1.1075,0.0001,0.0039,0.7999,0.0001,0,0
1789855323.5932,26.6170,-46.1071,-1.1076,0.7536,0.0000,77,-0.0054,27.5376,-47.9502,2.0602,35.1714,-1.1075,0.0001,0.0040,0.7999,0.0001,0,0
1789855323.6439,26.6237,-46.1206,-1.1076,0.7536,0.0000,77,-0.0053,27.5376,-47.9502,2.0451,35.1564,-1.1075,0.0001,0.0041,0.7999,0.0001,0,0
1789855323.6962,26.6372,-46.1476,-1.1076,0.7536,0.0000,77,-0.0051,27.5376,-47.9502,2.0150,35.1262,-1.1075,0.0001,0.0042,0.7999,0.0001,0,0
1789855323.7436,26.6507,-46.1746,-1.1076,0.7536,0.0000,77,-0.0049,27.5376,-47.9502,1.9848,35.0961,-1.1075,0.0001,0.0044,0.7999,0.0001,0,0
1789855323.7933,26.6709,-46.2150,-1.1076,0.7536,0.0000,77,-0.0045,27.5376,-47.9502,1.9396,35.0509,-1.1075,0.0001,0.0046,0.7999,0.0001,0,0
1789855323.8433,26.6843,-46.2420,-1.1076,0.7536,0.0000,77,-0.0043,27.5376,-47.9502,1.9095,35.0207,-1.1075,0.0001,0.0047,0.7999,0.0001,0,0
1789855323.8937,26.6978,-46.2690,-1.1076,0.7536,0.0000,77,-0.0041,27.5376,-47.9502,1.8793,34.9906,-1.1075,0.0001,0.0048,0.7999,0.0001,0,0
1789855323.9434,26.7113,-46.2959,-1.1076,0.7536,0.0000,77,-0.0038,27.5376,-47.9502,1.8492,34.9604,-1.1075,0.0001,0.0050,0.7999,0.0001,0,0
1789855323.9948,26.7247,-46.3229,-1.1076,0.7537,0.0000,77,-0.0036,27.5376,-47.9502,1.8190,34.9303,-1.1075,0.0001,0.0052,0.7999,0.0001,0,0
1789855324.0435,26.7382,-46.3499,-1.1076,0.7537,0.0000,77,-0.0034,27.5376,-47.9502,1.7889,34.9002,-1.1075,0.0001,0.0053,0.7999,0.0001,0,0
1789855324.0932,26.7517,-46.3768,-1.1076,0.7537,0.0000,77,-0.0031,27.5376,-47.9502,1.7587,34.8700,-1.1075,0.0001,0.0055,0.7999,0.0001,0,0
1789855324.1445,26.7651,-46.4038,-1.1076,0.7537,0.0000,77,-0.0029,27.5376,-47.9502,1.7286,34.8399,-1.1075,0.0001,0.0056,0.7999,0.0001,0,0
1789855324.1931,26.7853,-46.4443,-1.1076,0.7537,0.0000,77,-0.0026,27.5376,-47.9502,1.6834,34.7947,-1.1075,0.0001,0.0059,0.7999,0.0001,0,0
1789855324.2442,26.7921,-46.4578,-1.1076,0.7537,0.0000,77,-0.0024,27.5376,-47.9502,1.6683,34.7796,-1.1075,0.0001,0.0060,0.7999,0.0001,0,0
1789855324.2945,26.8123,-46.4982,-1.1076,0.7537,0.0000,77,-0.0021,27.5376,-47.9502,1.6231,34.7344,-1.1075,0.0001,0.0063,0.7999,0.0001,0,0
1789855324.3433,26.8257,-46.5252,-1.1076,0.7537,0.0000,77,-0.0019,27.5376,-47.9502,1.5929,34.7042,-1.1075,0.0001,0.0066,0.7999,0.0001,0,0
1789855324.3938,26.8392,-46.5522,-1.1076,0.7537,0.0000,77,-0.0016,27.5376,-47.9502,1.5628,34.6741,-1.1075,0.0001,0.0069,0.7999,0.0001,0,0
1789855324.4435,26.8527,-46.5791,-1.1076,0.7537,0.0000,77,-0.0014,27.5376,-47.9502,1.5326,34.6439,-1.1075,0.0001,0.0073,0.7999,0.0001,0,0
1789855324.4934,26.8594,-46.5926,-1.1076,0.7537,0.0000,78,0.0021,27.8073,-48.4985,2.1286,34.6289,-1.1093,-0.0017,-0.0952,0.7988,-0.0017,0,0
1789855324.5433,26.8797,-46.6333,-1.1076,0.7608,0.0000,78,0.0019,27.8073,-48.4985,2.0831,34.5834,-1.1093,-0.0017,-0.0972,0.7987,-0.0017,0,0
1789855324.5966,26.8865,-46.6468,-1.1076,0.7551,0.0000,78,0.0019,27.8073,-48.4985,2.0680,34.5683,-1.1093,-0.0017,-0.0979,0.7987,-0.0017,0,0
1789855324.6433,26.9067,-46.6873,-1.1076,0.7537,0.0000,78,0.0017,27.8073,-48.4985,2.0228,34.5231,-1.1094,-0.0018,-0.1003,0.7987,-0.0018,0,0
1789855324.6936,26.9201,-46.7142,-1.1076,0.7536,0.0000,78,0.0016,27.8073,-48.4985,1.9926,34.4929,-1.1094,-0.0018,-0.1021,0.7987,-0.0018,0,0
1789855324.7554,26.9336,-46.7412,-1.1076,0.7536,0.0000,78,0.0014,27.8073,-48.4985,1.9625,34.4628,-1.1094,-0.0018,-0.1040,0.7987,-0.0018,0,0
1789855324.7934,26.9538,-46.7817,-1.1076,0.7536,0.0003,78,0.0013,27.8073,-48.4985,1.9173,34.4176,-1.1095,-0.0019,-0.1075,0.7986,-0.0019,0,0
1789855324.8442,26.9605,-46.7951,-1.1076,0.7535,0.0004,78,0.0012,27.8073,-48.4985,1.9022,34.4025,-1.1095,-0.0019,-0.1090,0.7986,-0.0019,0,0
1789855324.9012,26.9808,-46.8356,-1.1076,0.7542,-0.0011,78,0.0010,27.8073,-48.4985,1.8570,34.3573,-1.1095,-0.0019,-0.1100,0.7986,-0.0019,0,0
1789855324.9435,26.9942,-46.8627,-1.1078,0.7557,-0.0059,78,0.0008,27.8073,-48.4985,1.8267,34.3271,-1.1095,-0.0017,-0.0962,0.7988,-0.0017,0,0
1789855324.9943,27.0077,-46.8897,-1.1079,0.7539,-0.0007,78,0.0007,27.8073,-48.4985,1.7966,34.2969,-1.1095,-0.0017,-0.0959,0.7988,-0.0017,0,0
1789855325.0436,27.0212,-46.9170,-1.1081,0.7624,-0.0046,78,0.0005,27.8073,-48.4985,1.7661,34.2664,-1.1095,-0.0015,-0.0854,0.7989,-0.0015,0,0
1789855325.0941,27.0348,-46.9441,-1.1081,0.7594,-0.0001,78,0.0004,27.8073,-48.4985,1.7357,34.2360,-1.1096,-0.0015,-0.0864,0.7989,-0.0015,0,0
1789855325.1468,27.0483,-46.9713,-1.1082,0.7567,-0.0046,78,0.0002,27.8073,-48.4985,1.7054,34.2058,-1.1096,-0.0013,-0.0755,0.7990,-0.0013,0,0
1789855325.1936,27.0617,-46.9982,-1.1083,0.7537,0.0000,78,0.0001,27.8073,-48.4985,1.6753,34.1756,-1.1096,-0.0013,-0.0764,0.7990,-0.0013,0,0
1789855325.2493,27.0752,-47.0252,-1.1083,0.7537,0.0000,78,-0.0001,27.8073,-48.4985,1.6451,34.1455,-1.1096,-0.0014,-0.0775,0.7990,-0.0014,0,0
1789855325.2935,27.0953,-47.0657,-1.1083,0.7537,0.0000,78,-0.0003,27.8073,-48.4985,1.5999,34.1003,-1.1096,-0.0014,-0.0794,0.7990,-0.0014,0,0
1789855325.3435,27.1088,-47.0927,-1.1083,0.7536,0.0000,78,-0.0004,27.8073,-48.4985,1.5698,34.0701,-1.1097,-0.0014,-0.0808,0.7990,-0.0014,0,0
1789855325.3971,27.1222,-47.1196,-1.1083,0.7536,0.0000,78,-0.0006,27.8073,-48.4985,1.5396,34.0400,-1.1097,-0.0014,-0.0823,0.7989,-0.0014,0,0
1789855325.4433,27.1357,-47.1466,-1.1083,0.7536,0.0000,79,-0.0025,28.0748,-49.0450,2.1180,34.0099,-1.1114,-0.0031,-0.1792,0.7977,-0.0031,0,0
1789855325.4967,27.1491,-47.1736,-1.1083,0.7536,0.0000,79,-0.0025,28.0748,-49.0450,2.0878,33.9797,-1.1114,-0.0032,-0.1819,0.7976,-0.0032,0,0
1789855325.5436,27.1626,-47.2006,-1.1083,0.7536,0.0000,79,-0.0024,28.0748,-49.0450,2.0577,33.9496,-1.1115,-0.0032,-0.1848,0.7976,-0.0032,0,0
1789855325.5934,27.1760,-47.2275,-1.1082,0.7536,0.0000,79,-0.0024,28.0748,-49.0450,2.0275,33.9194,-1.1115,-0.0033,-0.1879,0.7976,-0.0033,0,0
1789855325.6436,27.1895,-47.2545,-1.1082,0.7536,0.0000,79,-0.0024,28.0748,-49.0450,1.9974,33.8893,-1.1116,-0.0033,-0.1913,0.7975,-0.0033,0,0
1789855325.6935,27.2029,-47.2815,-1.1082,0.7535,0.0003,79,-0.0023,28.0748,-49.0450,1.9673,33.8592,-1.1116,-0.0034,-0.1951,0.7975,-0.0034,0,0
1789855325.7435,27.2164,-47.3085,-1.1082,0.7532,0.0013,79,-0.0022,28.0748,-49.0450,1.9371,33.8290,-1.1117,-0.0035,-0.2015,0.7974,-0.0035,0,0
1789855325.7938,27.2298,-47.3355,-1.1084,0.7559,-0.0065,79,-0.0023,28.0748,-49.0450,1.9069,33.7988,-1.1117,-0.0033,-0.1877,0.7976,-0.0033,0,0
1789855325.8434,27.2500,-47.3761,-1.1086,0.7542,-0.0015,79,-0.0023,28.0748,-49.0450,1.8616,33.7535,-1.1118,-0.0031,-0.1795,0.7977,-0.0031,0,0
1789855325.8941,27.2634,-47.4031,-1.1087,0.7539,-0.0008,79,-0.0022,28.0748,-49.0450,1.8315,33.7234,-1.1118,-0.0031,-0.1804,0.7977,-0.0031,0,0
1789855325.9442,27.2768,-47.4301,-1.1087,0.7539,-0.0005,79,-0.0022,28.0748,-49.0450,1.8013,33.6932,-1.1118,-0.0032,-0.1821,0.7976,-0.0032,0,0
1789855325.9934,27.2903,-47.4571,-1.1087,0.7538,-0.0003,79,-0.0022,28.0748,-49.0450,1.7711,33.6631,-1.1119,-0.0032,-0.1842,0.7976,-0.0032,0,0
1789855326.0435,27.3037,-47.4841,-1.1087,0.7538,-0.0001,79,-0.0021,28.0748,-49.0450,1.7410,33.6329,-1.1120,-0.0033,-0.1867,0.7976,-0.0033,0,0
1789855326.0944,27.3172,-47.5111,-1.1087,0.7537,0.0000,79,-0.0021,28.0748,-49.0450,1.7108,33.6028,-1.1120,-0.0033,-0.1895,0.7975,-0.0033,0,0
1789855326.1433,27.3373,-47.5515,-1.1087,0.7537,0.0000,79,-0.0021,28.0748,-49.0450,1.6656,33.5576,-1.1121,-0.0034,-0.1942,0.7975,-0.0034,0,0
1789855326.1935,27.3508,-47.5785,-1.1087,0.7537,0.0000,79,-0.0020,28.0748,-49.0450,1.6355,33.5274,-1.1122,-0.0034,-0.1976,0.7974,-0.0034,0,0
1789855326.2487,27.3643,-47.6058,-1.1089,0.7625,-0.0049,79,-0.0021,28.0748,-49.0450,1.6050,33.4969,-1.1122,-0.0033,-0.1883,0.7976,-0.0033,0,0
1789855326.2932,27.3777,-47.6328,-1.1089,0.7538,-0.0005,79,-0.0020,28.0748,-49.0450,1.5748,33.4668,-1.1122,-0.0033,-0.1907,0.7975,-0.0033,0,0
1789855326.3449,27.3913,-47.6602,-1.1091,0.7625,-0.0050,79,-0.0021,28.0748,-49.0450,1.5443,33.4363,-1.1123,-0.0032,-0.1811,0.7977,-0.0032,0,0
1789855326.3946,27.4048,-47.6874,-1.1091,0.7596,-0.0006,80,-0.0032,28.3419,-49.5926,2.1232,33.4059,-1.1137,-0.0046,-0.2614,0.7966,-0.0046,0,0
1789855326.4434,27.4251,-47.7284,-1.1096,0.7628,-0.0058,80,-0.0031,28.3419,-49.5926,2.0775,33.3602,-1.1137,-0.0042,-0.2388,0.7969,-0.0042,0,0
1789855326.4971,27.4318,-47.7419,-1.1096,0.7572,-0.0062,80,-0.0031,28.3419,-49.5926,2.0624,33.3451,-1.1138,-0.0042,-0.2382,0.7969,-0.0042,0,0
1789855326.5433,27.4520,-47.7827,-1.1098,0.7627,-0.0054,80,-0.0029,28.3419,-49.5926,2.0168,33.2996,-1.1138,-0.0040,-0.2305,0.7970,-0.0040,0,0
1789855326.5935,27.4655,-47.8101,-1.1102,0.7643,-0.0101,80,-0.0029,28.3419,-49.5926,1.9863,33.2690,-1.1138,-0.0036,-0.2078,0.7973,-0.0036,0,0
1789855326.6435,27.4791,-47.8377,-1.1105,0.7688,-0.0067,80,-0.0029,28.3419,-49.5926,1.9555,33.2382,-1.1139,-0.0034,-0.1934,0.7975,-0.0034,0,0
1789855326.6971,27.4927,-47.8652,-1.1105,0.7681,-0.0006,80,-0.0028,28.3419,-49.5926,1.9248,33.2075,-1.1139,-0.0034,-0.1948,0.7975,-0.0034,0,0
1789855326.7532,27.4996,-47.8790,-1.1105,0.7680,-0.0004,80,-0.0027,28.3419,-49.5926,1.9094,33.1922,-1.1139,-0.0034,-0.1958,0.7975,-0.0034,0,0
1789855326.8076,27.5132,-47.9065,-1.1105,0.7680,-0.0001,80,-0.0027,28.3419,-49.5926,1.8787,33.1615,-1.1140,-0.0035,-0.1983,0.7974,-0.0035,0,0
1789855326.8435,27.5268,-47.9341,-1.1105,0.7679,0.0000,80,-0.0026,28.3419,-49.5926,1.8480,33.1307,-1.1140,-0.0035,-0.2010,0.7974,-0.0035,0,0
1789855326.8966,27.5405,-47.9616,-1.1105,0.7679,0.0000,80,-0.0025,28.3419,-49.5926,1.8173,33.1000,-1.1141,-0.0036,-0.2039,0.7974,-0.0036,0,0
1789855326.9434,27.5541,-47.9891,-1.1105,0.7679,0.0000,80,-0.0024,28.3419,-49.5926,1.7866,33.0693,-1.1142,-0.0036,-0.2069,0.7973,-0.0036,0,0
1789855326.9951,27.5678,-48.0166,-1.1105,0.7679,0.0000,80,-0.0023,28.3419,-49.5926,1.7559,33.0386,-1.1142,-0.0037,-0.2102,0.7973,-0.0037,0,0
1789855327.0476,27.5814,-48.0441,-1.1105,0.7679,0.0000,80,-0.0022,28.3419,-49.5926,1.7251,33.0079,-1.1143,-0.0037,-0.2137,0.7972,-0.0037,0,0
1789855327.0949,27.6019,-48.0854,-1.1105,0.7679,0.0000,80,-0.0020,28.3419,-49.5926,1.6791,32.9618,-1.1144,-0.0038,-0.2195,0.7972,-0.0038,0,0
1789855327.1436,27.6155,-48.1129,-1.1105,0.7678,0.0000,80,-0.0019,28.3419,-49.5926,1.6484,32.9311,-1.1145,-0.0039,-0.2237,0.7971,-0.0039,0,0
1789855327.1951,27.6291,-48.1405,-1.1105,0.7678,0.0000,80,-0.0018,28.3419,-49.5926,1.6176,32.9004,-1.1145,-0.0040,-0.2282,0.7970,-0.0040,0,0
1789855327.2434,27.6496,-48.1817,-1.1105,0.7678,0.0002,80,-0.0017,28.3419,-49.5926,1.5716,32.8544,-1.1146,-0.0041,-0.2358,0.7969,-0.0041,0,0
1789855327.2941,27.6564,-48.1955,-1.1105,0.7677,0.0004,80,-0.0016,28.3419,-49.5926,1.5562,32.8390,-1.1147,-0.0042,-0.2387,0.7969,-0.0042,0,0
1789855327.3473,27.6701,-48.2230,-1.1105,0.7676,0.0006,80,-0.0015,28.3419,-49.5926,1.5255,32.8083,-1.1148,-0.0043,-0.2451,0.7968,-0.0043,0,0
1789855327.3932,27.6837,-48.2505,-1.1105,0.7675,0.0010,81,-0.0019,28.6086,-50.1423,2.1058,32.7776,-1.1161,-0.0056,-0.3208,0.7958,-0.0056,0,0
1789855327.4437,27.6905,-48.2642,-1.1104,0.7674,0.0013,81,-0.0018,28.6086,-50.1423,2.0904,32.7623,-1.1161,-0.0057,-0.3251,0.7958,-0.0057,0,0
1789855327.4937,27.7042,-48.2917,-1.1103,0.7672,0.0019,81,-0.0017,28.6086,-50.1423,2.0597,32.7316,-1.1162,-0.0058,-0.3349,0.7957,-0.0058,0,0
1789855327.5433,27.7178,-48.3195,-1.1109,0.7724,-0.0136,81,-0.0017,28.6086,-50.1423,2.0288,32.7007,-1.1162,-0.0053,-0.3047,0.7960,-0.0053,0,0
1789855327.5969,27.7382,-48.3608,-1.1110,0.7683,-0.0012,81,-0.0015,28.6086,-50.1423,1.9827,32.6546,-1.1163,-0.0053,-0.3058,0.7960,-0.0053,0,0
1789855327.6441,27.7518,-48.3883,-1.1110,0.7682,-0.0007,81,-0.0013,28.6086,-50.1423,1.9520,32.6239,-1.1164,-0.0054,-0.3086,0.7960,-0.0054,0,0
1789855327.6934,27.7723,-48.4296,-1.1110,0.7680,-0.0004,81,-0.0011,28.6086,-50.1423,1.9059,32.5778,-1.1165,-0.0055,-0.3142,0.7959,-0.0055,0,0
1789855327.7453,27.7791,-48.4434,-1.1110,0.7680,-0.0003,81,-0.0011,28.6086,-50.1423,1.8906,32.5624,-1.1166,-0.0055,-0.3163,0.7959,-0.0055,0,0
1789855327.7951,27.7995,-48.4847,-1.1111,0.7680,0.0000,81,-0.0009,28.6086,-50.1423,1.8445,32.5164,-1.1167,-0.0056,-0.3233,0.7958,-0.0056,0,0
1789855327.8435,27.8132,-48.5122,-1.1111,0.7680,0.0000,81,-0.0007,28.6086,-50.1423,1.8138,32.4857,-1.1168,-0.0057,-0.3284,0.7957,-0.0057,0,0
1789855327.8966,27.8268,-48.5397,-1.1111,0.7679,0.0000,81,-0.0006,28.6086,-50.1423,1.7831,32.4550,-1.1169,-0.0058,-0.3339,0.7957,-0.0058,0,0
1789855327.9434,27.8404,-48.5673,-1.1111,0.7679,0.0000,81,-0.0005,28.6086,-50.1423,1.7524,32.4242,-1.1170,-0.0059,-0.3398,0.7956,-0.0059,0,0
1789855327.9940,27.8540,-48.5948,-1.1110,0.7679,0.0000,81,-0.0003,28.6086,-50.1423,1.7216,32.3935,-1.1171,-0.0060,-0.3462,0.7955,-0.0060,0,0
1789855328.0445,27.8677,-48.6223,-1.1110,0.7678,0.0003,81,-0.0002,28.6086,-50.1423,1.6909,32.3628,-1.1172,-0.0062,-0.3532,0.7954,-0.0062,0,0
1789855328.0965,27.8813,-48.6498,-1.1110,0.7678,0.0004,81,-0.0001,28.6086,-50.1423,1.6602,32.3321,-1.1173,-0.0063,-0.3608,0.7953,-0.0063,0,0
1789855328.1437,27.8949,-48.6774,-1.1110,0.7677,0.0006,81,0.0001,28.6086,-50.1423,1.6295,32.3014,-1.1174,-0.0064,-0.3691,0.7952,-0.0064,0,0
1789855328.1953,27.9086,-48.7049,-1.1110,0.7676,0.0009,81,0.0002,28.6086,-50.1423,1.5988,32.2707,-1.1176,-0.0066,-0.3786,0.7951,-0.0066,0,0
1789855328.2434,27.9222,-48.7324,-1.1109,0.7674,0.0016,81,0.0004,28.6086,-50.1423,1.5681,32.2400,-1.1177,-0.0068,-0.3902,0.7949,-0.0068,0,0
1789855328.2943,27.9358,-48.7598,-1.1107,0.7666,0.0039,81,0.0006,28.6086,-50.1423,1.5375,32.2094,-1.1179,-0.0071,-0.4083,0.7947,-0.0071,0,0
1789855328.3529,27.9494,-48.7875,-1.1112,0.7716,-0.0106,82,0.0001,28.8950,-50.7008,2.1342,32.1785,-1.1118,-0.0006,-0.0354,0.7995,-0.0006,0,0
1789855328.3936,27.9631,-48.8151,-1.1113,0.7688,-0.0027,82,0.0003,28.8950,-50.7008,2.1034,32.1478,-1.1118,-0.0005,-0.0288,0.7996,-0.0005,0,0
1789855328.4437,27.9769,-48.8430,-1.1111,0.7784,0.0046,82,0.0005,28.8950,-50.7008,2.0723,32.1166,-1.1118,-0.0007,-0.0415,0.7995,-0.0007,0,0
1789855328.4936,27.9976,-48.8851,-1.1116,0.7773,-0.0070,82,0.0007,28.8950,-50.7008,2.0254,32.0698,-1.1118,-0.0002,-0.0102,0.7999,-0.0002,0,0
1789855328.5439,28.0113,-48.9129,-1.1118,0.7767,-0.0050,82,0.0008,28.8950,-50.7008,1.9944,32.0387,-1.1117,0.0000,0.0029,0.8000,0.0000,0,0
1789855328.5970,28.0252,-48.9410,-1.1118,0.7821,-0.0001,82,0.0009,28.8950,-50.7008,1.9631,32.0075,-1.1117,0.0001,0.0032,0.8000,0.0001,0,0
1789855328.6439,28.0389,-48.9689,-1.1120,0.7780,-0.0048,82,0.0011,28.8950,-50.7008,1.9320,31.9763,-1.1117,0.0003,0.0158,0.7998,0.0003,0,0
1789855328.6935,28.0526,-48.9968,-1.1122,0.7767,-0.0051,82,0.0012,28.8950,-50.7008,1.9009,31.9453,-1.1117,0.0005,0.0295,0.7996,0.0005,0,0
1789855328.7436,28.0663,-49.0247,-1.1124,0.7768,-0.0054,82,0.0012,28.8950,-50.7008,1.8698,31.9142,-1.1116,0.0008,0.0443,0.7994,0.0008,0,0
1789855328.7933,28.0799,-49.0522,-1.1124,0.7680,-0.0005,82,0.0014,28.8950,-50.7008,1.8391,31.8835,-1.1116,0.0008,0.0464,0.7994,0.0008,0,0
1789855328.8459,28.0867,-49.0660,-1.1124,0.7678,0.0000,82,0.0015,28.8950,-50.7008,1.8237,31.8681,-1.1116,0.0008,0.0467,0.7994,0.0008,0,0
1789855328.8935,28.1003,-49.0935,-1.1124,0.7678,0.0000,82,0.0016,28.8950,-50.7008,1.7930,31.8374,-1.1116,0.0008,0.0474,0.7994,0.0008,0,0
1789855328.9435,28.1139,-49.1211,-1.1124,0.7678,0.0000,82,0.0017,28.8950,-50.7008,1.7623,31.8067,-1.1116,0.0008,0.0481,0.7994,0.0008,0,0
1789855328.9935,28.1275,-49.1486,-1.1124,0.7678,0.0000,82,0.0019,28.8950,-50.7008,1.7316,31.7760,-1.1116,0.0008,0.0486,0.7994,0.0008,0,0
1789855329.0436,28.1478,-49.1899,-1.1124,0.7678,0.0000,82,0.0021,28.8950,-50.7008,1.6855,31.7300,-1.1115,0.0009,0.0498,0.7994,0.0009,0,0
1789855329.0951,28.1546,-49.2037,-1.1124,0.7678,0.0000,82,0.0022,28.8950,-50.7008,1.6702,31.7146,-1.1115,0.0009,0.0503,0.7993,0.0009,0,0
1789855329.1435,28.1750,-49.2450,-1.1124,0.7678,0.0000,82,0.0024,28.8950,-50.7008,1.6241,31.6686,-1.1115,0.0009,0.0518,0.7993,0.0009,0,0
1789855329.1934,28.1818,-49.2588,-1.1124,0.7678,0.0000,82,0.0025,28.8950,-50.7008,1.6088,31.6532,-1.1115,0.0009,0.0523,0.7993,0.0009,0,0
1789855331.5865,28.2021,-49.3000,-1.1126,0.7634,-0.0037,82,0.0026,28.8950,-50.7008,1.5629,31.6073,-1.1114,0.0011,0.0637,0.7992,0.0011,0,0
1789855331.6388,28.2089,-49.3137,-1.1126,0.7621,-0.0037,82,0.0027,28.8950,-50.7008,1.5476,31.5920,-1.1114,0.0011,0.0649,0.7992,0.0011,0,0
1789855331.6868,28.2223,-49.3411,-1.1127,0.7639,-0.0042,83,0.0023,29.1792,-51.2493,2.1347,31.5615,-1.1060,0.0067,0.3846,0.7950,0.0067,0,0
1789855331.7364,28.2426,-49.3822,-1.1129,0.7638,-0.0046,83,0.0025,29.1792,-51.2493,2.0888,31.5156,-1.1058,0.0071,0.4053,0.7947,0.0071,0,0
1789855331.7902,28.2563,-49.4091,-1.1114,0.7537,0.0372,83,0.0031,29.1792,-51.2493,2.0587,31.4855,-1.1059,0.0055,0.3149,0.7959,0.0055,0,0
1789855331.8367,28.2700,-49.4359,-1.1098,0.7536,0.0416,83,0.0038,29.1792,-51.2493,2.0285,31.4553,-1.1061,0.0037,0.2118,0.7973,0.0037,0,0
1789855331.8868,28.2836,-49.4630,-1.1092,0.7572,0.0145,83,0.0042,29.1792,-51.2493,1.9982,31.4251,-1.1061,0.0031,0.1771,0.7977,0.0031,0,0
1789855331.9364,28.2971,-49.4900,-1.1092,0.7537,0.0000,83,0.0045,29.1792,-51.2493,1.9681,31.3949,-1.1060,0.0031,0.1800,0.7977,0.0031,0,0
1789855331.9921,28.3038,-49.5035,-1.1092,0.7537,0.0000,83,0.0046,29.1792,-51.2493,1.9530,31.3798,-1.1060,0.0032,0.1814,0.7976,0.0032,0,0
1789855332.0366,28.3239,-49.5440,-1.1092,0.7537,0.0000,83,0.0051,29.1792,-51.2493,1.9078,31.3346,-1.1059,0.0032,0.1857,0.7976,0.0032,0,0
1789855332.0870,28.3306,-49.5575,-1.1092,0.7537,0.0000,83,0.0052,29.1792,-51.2493,1.8927,31.3196,-1.1059,0.0033,0.1871,0.7976,0.0033,0,0
1789855332.1365,28.3508,-49.5979,-1.1092,0.7536,0.0000,83,0.0057,29.1792,-51.2493,1.8475,31.2743,-1.1058,0.0033,0.1913,0.7975,0.0033,0,0
1789855332.1870,28.3642,-49.6249,-1.1092,0.7536,0.0000,83,0.0060,29.1792,-51.2493,1.8174,31.2442,-1.1058,0.0034,0.1941,0.7975,0.0034,0,0
1789855332.2396,28.3843,-49.6654,-1.1092,0.7536,0.0000,83,0.0064,29.1792,-51.2493,1.7722,31.1990,-1.1057,0.0035,0.1985,0.7974,0.0035,0,0
1789855332.2865,28.3978,-49.6924,-1.1092,0.7536,0.0002,83,0.0067,29.1792,-51.2493,1.7420,31.1689,-1.1056,0.0035,0.2014,0.7974,0.0035,0,0
1789855332.3364,28.4045,-49.7059,-1.1091,0.7536,0.0003,83,0.0068,29.1792,-51.2493,1.7269,31.1538,-1.1056,0.0035,0.2027,0.7974,0.0035,0,0
1789855332.3865,28.4179,-49.7329,-1.1091,0.7534,0.0007,83,0.0071,29.1792,-51.2493,1.6968,31.1237,-1.1055,0.0036,0.2044,0.7974,0.0036,0,0
1789855332.4378,28.4313,-49.7599,-1.1093,0.7551,-0.0042,83,0.0074,29.1792,-51.2493,1.6666,31.0935,-1.1055,0.0038,0.2193,0.7972,0.0038,0,0
1789855332.5004,28.4516,-49.8007,-1.1093,0.7608,-0.0001,83,0.0078,29.1792,-51.2493,1.6211,31.0480,-1.1053,0.0040,0.2269,0.7971,0.0040,0,0
1789855332.5363,28.4650,-49.8277,-1.1093,0.7537,0.0000,83,0.0081,29.1792,-51.2493,1.5909,31.0178,-1.1053,0.0040,0.2313,0.7970,0.0040,0,0
1789855332.5870,28.4784,-49.8547,-1.1093,0.7537,0.0000,83,0.0084,29.1792,-51.2493,1.5608,30.9877,-1.1052,0.0041,0.2358,0.7969,0.0041,0,0
1789855332.6373,28.4985,-49.8952,-1.1093,0.7537,0.0000,84,0.0148,29.4741,-51.8095,2.1486,30.9425,-1.0995,0.0098,0.5620,0.7927,0.0098,0,0
1789855332.6865,28.5053,-49.9087,-1.1093,0.7537,0.0000,84,0.0146,29.4741,-51.8095,2.1335,30.9274,-1.0994,0.0099,0.5660,0.7927,0.0099,0,0
1789855332.7367,28.5187,-49.9354,-1.1087,0.7485,0.0148,84,0.0144,29.4741,-51.8095,2.1035,30.8974,-1.0994,0.0094,0.5360,0.7931,0.0094,0,0
1789855332.7865,28.5394,-49.9750,-1.1054,0.7437,0.0540,84,0.0148,29.4741,-51.8095,2.0589,30.8528,-1.0996,0.0058,0.3317,0.7957,0.0058,0,0
1789855332.8363,28.5463,-49.9881,-1.1046,0.7401,0.0436,84,0.0149,29.4741,-51.8095,2.0441,30.8380,-1.0997,0.0049,0.2805,0.7964,0.0049,0,0
1789855332.8874,28.5667,-50.0282,-1.1040,0.7529,0.0021,84,0.0147,29.4741,-51.8095,1.9991,30.7930,-1.0996,0.0043,0.2488,0.7968,0.0043,0,0
1789855332.9366,28.5801,-50.0550,-1.1042,0.7484,-0.0054,84,0.0144,29.4741,-51.8095,1.9692,30.7631,-1.0995,0.0047,0.2667,0.7965,0.0047,0,0
1789855332.9867,28.5934,-50.0816,-1.1044,0.7429,-0.0060,84,0.0141,29.4741,-51.8095,1.9394,30.7333,-1.0994,0.0050,0.2864,0.7963,0.0050,0,0
1789855333.0374,28.6133,-50.1212,-1.1044,0.7394,0.0000,84,0.0138,29.4741,-51.8095,1.8951,30.6890,-1.0993,0.0051,0.2926,0.7962,0.0051,0,0
1789855333.0865,28.6266,-50.1476,-1.1044,0.7393,0.0002,84,0.0136,29.4741,-51.8095,1.8655,30.6594,-1.0992,0.0052,0.2966,0.7962,0.0052,0,0
1789855333.1365,28.6399,-50.1740,-1.1044,0.7394,0.0000,84,0.0134,29.4741,-51.8095,1.8359,30.6298,-1.0991,0.0053,0.3009,0.7961,0.0053,0,0
1789855333.1871,28.6599,-50.2136,-1.1044,0.7393,0.0004,84,0.0130,29.4741,-51.8095,1.7916,30.5855,-1.0990,0.0054,0.3071,0.7960,0.0054,0,0
1789855333.2366,28.6734,-50.2405,-1.1044,0.7522,0.0001,84,0.0128,29.4741,-51.8095,1.7615,30.5554,-1.0989,0.0054,0.3122,0.7960,0.0054,0,0
1789855333.2864,28.6870,-50.2674,-1.1044,0.7536,0.0000,84,0.0126,29.4741,-51.8095,1.7313,30.5253,-1.0988,0.0055,0.3177,0.7959,0.0055,0,0
1789855333.3410,28.7005,-50.2944,-1.1044,0.7536,0.0000,84,0.0124,29.4741,-51.8095,1.7012,30.4951,-1.0987,0.0056,0.3234,0.7958,0.0056,0,0
1789855333.3866,28.7141,-50.3213,-1.1044,0.7537,0.0000,84,0.0121,29.4741,-51.8095,1.6711,30.4650,-1.0986,0.0057,0.3294,0.7957,0.0057,0,0
1789855333.4374,28.7276,-50.3482,-1.1044,0.7537,0.0000,84,0.0119,29.4741,-51.8095,1.6409,30.4348,-1.0985,0.0059,0.3355,0.7957,0.0059,0,0
1789855333.4870,28.7412,-50.3751,-1.1044,0.7537,0.0000,84,0.0117,29.4741,-51.8095,1.6108,30.4047,-1.0984,0.0060,0.3418,0.7956,0.0060,0,0
1789855333.5366,28.7616,-50.4156,-1.1040,0.7565,0.0083,84,0.0114,29.4741,-51.8095,1.5654,30.3594,-1.0983,0.0058,0.3297,0.7957,0.0058,0,0
1789855333.5864,28.7754,-50.4424,-1.1032,0.7536,0.0207,85,0.0126,29.7576,-52.3563,2.1512,30.3292,-1.0967,0.0066,0.3754,0.7951,0.0066,0,0
1789855333.6431,28.7891,-50.4690,-1.1024,0.7480,0.0207,85,0.0126,29.7576,-52.3563,2.1213,30.2993,-1.0967,0.0057,0.3271,0.7958,0.0057,0,0
1789855333.6864,28.8028,-50.4956,-1.1016,0.7466,0.0207,85,0.0125,29.7576,-52.3563,2.0914,30.2694,-1.0967,0.0049,0.2782,0.7964,0.0049,0,0
1789855333.7362,28.8232,-50.5359,-1.1015,0.7537,0.0000,85,0.0121,29.7576,-52.3563,2.0462,30.2242,-1.0966,0.0049,0.2790,0.7964,0.0049,0,0
1789855333.7867,28.8368,-50.5627,-1.1015,0.7537,0.0000,85,0.0119,29.7576,-52.3563,2.0161,30.1941,-1.0965,0.0049,0.2833,0.7963,0.0049,0,0
1789855333.8366,28.8505,-50.5896,-1.1015,0.7537,0.0000,85,0.0116,29.7576,-52.3563,1.9859,30.1640,-1.0965,0.0050,0.2877,0.7963,0.0050,0,0
1789855333.8912,28.8709,-50.6300,-1.1015,0.7537,0.0000,85,0.0112,29.7576,-52.3563,1.9407,30.1187,-1.0963,0.0051,0.2945,0.7962,0.0051,0,0
1789855333.9367,28.8777,-50.6434,-1.1015,0.7537,0.0000,85,0.0111,29.7576,-52.3563,1.9256,30.1037,-1.0963,0.0052,0.2968,0.7962,0.0052,0,0
1789855333.9865,28.8982,-50.6837,-1.1015,0.7537,0.0000,85,0.0107,29.7576,-52.3563,1.8804,30.0584,-1.0962,0.0053,0.3041,0.7961,0.0053,0,0
1789855334.0362,28.9118,-50.7106,-1.1015,0.7537,0.0000,85,0.0104,29.7576,-52.3563,1.8503,30.0283,-1.0961,0.0054,0.3092,0.7960,0.0054,0,0
1789855334.0864,28.9255,-50.7375,-1.1015,0.7537,0.0000,85,0.0101,29.7576,-52.3563,1.8201,29.9982,-1.0960,0.0055,0.3144,0.7959,0.0055,0,0
1789855334.1368,28.9391,-50.7644,-1.1015,0.7537,0.0000,85,0.0099,29.7576,-52.3563,1.7900,29.9680,-1.0959,0.0056,0.3198,0.7959,0.0056,0,0
1789855334.1866,28.9529,-50.7914,-1.1011,0.7572,0.0105,85,0.0097,29.7576,-52.3563,1.7597,29.9377,-1.0959,0.0052,0.2976,0.7961,0.0052,0,0
1789855334.2366,28.9665,-50.8182,-1.1011,0.7537,0.0000,85,0.0095,29.7576,-52.3563,1.7295,29.9076,-1.0958,0.0053,0.3029,0.7961,0.0053,0,0
1789855334.2864,28.9871,-50.8587,-1.1006,0.7572,0.0104,85,0.0092,29.7576,-52.3563,1.6842,29.8622,-1.0957,0.0050,0.2838,0.7963,0.0050,0,0
1789855334.3368,29.0011,-50.8857,-1.0999,0.7600,0.0187,85,0.0092,29.7576,-52.3563,1.6538,29.8318,-1.0957,0.0042,0.2397,0.7969,0.0042,0,0
1789855334.3866,29.0151,-50.9127,-1.0991,0.7607,0.0208,85,0.0092,29.7576,-52.3563,1.6233,29.8014,-1.0958,0.0033,0.1887,0.7976,0.0033,0,0
1789855334.4374,29.0290,-50.9398,-1.0990,0.7614,0.0021,85,0.0090,29.7576,-52.3563,1.5929,29.7709,-1.0957,0.0033,0.1868,0.7976,0.0033,0,0
1789855334.4862,29.0496,-50.9803,-1.0990,0.7593,-0.0000,86,0.0107,30.0393,-52.9017,2.1613,29.7255,-1.0951,0.0038,0.2201,0.7971,0.0038,0,0
1789855334.5365,29.0565,-50.9938,-1.0991,0.7623,-0.0044,86,0.0105,30.0393,-52.9017,2.1461,29.7103,-1.0951,0.0041,0.2329,0.7970,0.0041,0,0
1789855334.5867,29.0772,-51.0345,-1.0994,0.7627,-0.0056,86,0.0098,30.0393,-52.9017,2.1005,29.6647,-1.0950,0.0044,0.2516,0.7967,0.0044,0,0
1789855334.6395,29.0910,-51.0617,-1.0996,0.7627,-0.0056,86,0.0094,30.0393,-52.9017,2.0700,29.6342,-1.0949,0.0047,0.2694,0.7965,0.0047,0,0
1789855334.6866,29.1048,-51.0888,-1.0996,0.7609,-0.0004,86,0.0090,30.0393,-52.9017,2.0396,29.6038,-1.0948,0.0048,0.2745,0.7964,0.0048,0,0
1789855334.7364,29.1116,-51.1022,-1.0996,0.7550,-0.0000,86,0.0088,30.0393,-52.9017,2.0245,29.5887,-1.0948,0.0048,0.2766,0.7964,0.0048,0,0
1789855334.7880,29.1324,-51.1426,-1.0989,0.7572,0.0103,86,0.0084,30.0393,-52.9017,1.9790,29.5432,-1.0948,0.0041,0.2345,0.7970,0.0041,0,0
1789855334.8367,29.1465,-51.1696,-1.0980,0.7608,0.0206,86,0.0082,30.0393,-52.9017,1.9486,29.5128,-1.0948,0.0032,0.1844,0.7976,0.0032,0,0
1789855334.8864,29.1604,-51.1966,-1.0976,0.7579,0.0124,86,0.0080,30.0393,-52.9017,1.9183,29.4825,-1.0948,0.0027,0.1550,0.7980,0.0027,0,0
1789855334.9397,29.1742,-51.2238,-1.0978,0.7631,-0.0067,86,0.0076,30.0393,-52.9017,1.8878,29.4520,-1.0948,0.0031,0.1751,0.7977,0.0031,0,0
1789855334.9864,29.1879,-51.2508,-1.0982,0.7568,-0.0093,86,0.0071,30.0393,-52.9017,1.8575,29.4217,-1.0947,0.0035,0.2024,0.7974,0.0035,0,0
1789855335.0402,29.2018,-51.2779,-1.0984,0.7622,-0.0041,86,0.0067,30.0393,-52.9017,1.8270,29.3912,-1.0946,0.0038,0.2165,0.7972,0.0038,0,0
1789855335.0862,29.2157,-51.3052,-1.0984,0.7665,-0.0000,86,0.0063,30.0393,-52.9017,1.7964,29.3606,-1.0945,0.0038,0.2204,0.7971,0.0038,0,0
1789855335.1365,29.2297,-51.3326,-1.0984,0.7679,-0.0000,86,0.0059,30.0393,-52.9017,1.7656,29.3298,-1.0944,0.0039,0.2243,0.7971,0.0039,0,0
1789855335.1868,29.2437,-51.3598,-1.0979,0.7643,0.0104,86,0.0057,30.0393,-52.9017,1.7351,29.2993,-1.0944,0.0035,0.2008,0.7974,0.0035,0,0
1789855335.2368,29.2577,-51.3871,-1.0979,0.7679,-0.0000,86,0.0053,30.0393,-52.9017,1.7044,29.2686,-1.0944,0.0036,0.2045,0.7973,0.0036,0,0
1789855335.2864,29.2787,-51.4281,-1.0979,0.7679,-0.0000,86,0.0048,30.0393,-52.9017,1.6583,29.2225,-1.0943,0.0037,0.2103,0.7973,0.0037,0,0
1789855335.3366,29.2927,-51.4555,-1.0979,0.7679,-0.0000,86,0.0044,30.0393,-52.9017,1.6276,29.1918,-1.0942,0.0037,0.2144,0.7972,0.0037,0,0
1789855335.3868,29.3066,-51.4828,-1.0979,0.7679,0.0000,86,0.0040,30.0393,-52.9017,1.5968,29.1611,-1.0941,0.0038,0.2186,0.7972,0.0038,0,0
1789855335.4383,29.3206,-51.5102,-1.0979,0.7679,0.0000,86,0.0037,30.0393,-52.9017,1.5661,29.1303,-1.0940,0.0039,0.2230,0.7971,0.0039,0,0
1789855335.4866,29.3346,-51.5375,-1.0979,0.7679,0.0000,87,0.0014,30.3187,-53.4446,2.1460,29.0996,-1.0944,0.0035,0.2014,0.7974,0.0035,0,0
1789855335.5364,29.3486,-51.5649,-1.0979,0.7679,0.0000,87,0.0012,30.3187,-53.4446,2.1153,29.0689,-1.0944,0.0036,0.2044,0.7973,0.0036,0,0
1789855335.5865,29.3626,-51.5922,-1.0979,0.7679,0.0000,87,0.0010,30.3187,-53.4446,2.0846,29.0382,-1.0943,0.0036,0.2075,0.7973,0.0036,0,0
1789855335.6364,29.3837,-51.6333,-1.0975,0.7715,0.0104,87,0.0008,30.3187,-53.4446,2.0384,28.9920,-1.0943,0.0033,0.1866,0.7976,0.0033,0,0
1789855335.6863,29.3977,-51.6607,-1.0975,0.7679,0.0000,87,0.0007,30.3187,-53.4446,2.0077,28.9613,-1.0942,0.0033,0.1895,0.7975,0.0033,0,0
1789855335.7366,29.4117,-51.6880,-1.0975,0.7679,0.0000,87,0.0005,30.3187,-53.4446,1.9770,28.9305,-1.0942,0.0034,0.1925,0.7975,0.0034,0,0
1789855335.7864,29.4257,-51.7153,-1.0975,0.7679,0.0000,87,0.0004,30.3187,-53.4446,1.9462,28.8998,-1.0941,0.0034,0.1957,0.7975,0.0034,0,0
1789855335.8366,29.4398,-51.7427,-1.0972,0.7708,0.0082,87,0.0003,30.3187,-53.4446,1.9154,28.8690,-1.0941,0.0031,0.1775,0.7977,0.0031,0,0
1789855335.8865,29.4610,-51.7838,-1.0968,0.7707,0.0084,87,0.0002,30.3187,-53.4446,1.8692,28.8228,-1.0941,0.0027,0.1545,0.7980,0.0027,0,0
1789855335.9370,29.4822,-51.8249,-1.0963,0.7714,0.0104,87,0.0001,30.3187,-53.4446,1.8230,28.7765,-1.0941,0.0022,0.1255,0.7984,0.0022,0,0
1789855335.9872,29.4964,-51.8525,-1.0963,0.7750,0.0000,87,0.0000,30.3187,-53.4446,1.7920,28.7456,-1.0940,0.0022,0.1278,0.7983,0.0022,0,0
1789855336.0368,29.5105,-51.8800,-1.0963,0.7736,-0.0000,87,-0.0001,30.3187,-53.4446,1.7610,28.7146,-1.0940,0.0023,0.1302,0.7983,0.0023,0,0
1789855336.0866,29.5317,-51.9213,-1.0965,0.7737,-0.0004,87,-0.0004,30.3187,-53.4446,1.7146,28.6682,-1.0939,0.0026,0.1481,0.7981,0.0026,0,0
1789855336.1399,29.5458,-51.9490,-1.0967,0.7768,-0.0053,87,-0.0005,30.3187,-53.4446,1.6835,28.6371,-1.0938,0.0029,0.1651,0.7979,0.0029,0,0
1789855336.1867,29.5601,-51.9768,-1.0967,0.7821,0.0000,87,-0.0007,30.3187,-53.4446,1.6522,28.6058,-1.0938,0.0029,0.1684,0.7978,0.0029,0,0
1789855336.2392,29.5744,-52.0047,-1.0967,0.7821,0.0000,87,-0.0008,30.3187,-53.4446,1.6210,28.5745,-1.0937,0.0030,0.1717,0.7978,0.0030,0,0
1789855336.2866,29.5886,-52.0325,-1.0967,0.7821,0.0000,87,-0.0009,30.3187,-53.4446,1.5897,28.5433,-1.0936,0.0031,0.1752,0.7977,0.0031,0,0
1789855336.3369,29.6029,-52.0603,-1.0967,0.7821,0.0000,87,-0.0011,30.3187,-53.4446,1.5584,28.5120,-1.0936,0.0031,0.1789,0.7977,0.0031,0,0
1789855336.3866,29.6243,-52.1021,-1.0967,0.7821,-0.0000,88,-0.0017,30.5964,-53.9877,2.1214,28.4651,-1.0948,0.0019,0.1093,0.7986,0.0019,0,0
1789855336.4419,29.6386,-52.1299,-1.0967,0.7821,-0.0000,88,-0.0018,30.5964,-53.9877,2.0902,28.4338,-1.0948,0.0019,0.1111,0.7986,0.0019,0,0
1789855336.4898,29.6531,-52.1578,-1.0963,0.7856,0.0103,88,-0.0017,30.5964,-53.9877,2.0587,28.4024,-1.0948,0.0015,0.0861,0.7989,0.0015,0,0
1789855336.5366,29.6673,-52.1857,-1.0963,0.7821,-0.0000,88,-0.0018,30.5964,-53.9877,2.0274,28.3711,-1.0948,0.0015,0.0875,0.7989,0.0015,0,0
1789855336.5863,29.6816,-52.2135,-1.0963,0.7821,-0.0000,88,-0.0019,30.5964,-53.9877,1.9962,28.3398,-1.0947,0.0016,0.0890,0.7988,0.0016,0,0
1789855336.6376,29.7031,-52.2552,-1.0963,0.7821,-0.0000,88,-0.0020,30.5964,-53.9877,1.9492,28.2929,-1.0947,0.0016,0.0913,0.7988,0.0016,0,0
1789855336.6866,29.7174,-52.2831,-1.0963,0.7821,-0.0000,88,-0.0021,30.5964,-53.9877,1.9180,28.2616,-1.0947,0.0016,0.0928,0.7988,0.0016,0,0
1789855336.7373,29.7317,-52.3109,-1.0963,0.7821,-0.0000,88,-0.0022,30.5964,-53.9877,1.8867,28.2303,-1.0946,0.0016,0.0945,0.7988,0.0016,0,0
1789855336.7867,29.7459,-52.3387,-1.0963,0.7821,-0.0000,88,-0.0023,30.5964,-53.9877,1.8554,28.1990,-1.0946,0.0017,0.0962,0.7988,0.0017,0,0
1789855336.8365,29.7674,-52.3805,-1.0963,0.7821,-0.0000,88,-0.0024,30.5964,-53.9877,1.8085,28.1521,-1.0946,0.0017,0.0988,0.7987,0.0017,0,0
1789855336.8877,29.7745,-52.3944,-1.0963,0.7821,-0.0000,88,-0.0024,30.5964,-53.9877,1.7928,28.1364,-1.0945,0.0017,0.0997,0.7987,0.0017,0,0
1789855336.9363,29.7960,-52.4361,-1.0963,0.7821,-0.0000,88,-0.0025,30.5964,-53.9877,1.7459,28.0895,-1.0945,0.0018,0.1026,0.7987,0.0018,0,0
1789855336.9863,29.8104,-52.4640,-1.0959,0.7857,0.0104,88,-0.0025,30.5964,-53.9877,1.7145,28.0581,-1.0945,0.0013,0.0770,0.7990,0.0013,0,0
1789855337.0368,29.8249,-52.4921,-1.0959,0.7892,-0.0000,88,-0.0025,30.5964,-53.9877,1.6829,28.0265,-1.0945,0.0014,0.0785,0.7990,0.0014,0,0
1789855337.0864,29.8463,-52.5338,-1.0959,0.7821,0.0000,88,-0.0026,30.5964,-53.9877,1.6360,27.9796,-1.0945,0.0014,0.0810,0.7990,0.0014,0,0
1789855337.1364,29.8606,-52.5617,-1.0959,0.7821,0.0000,88,-0.0027,30.5964,-53.9877,1.6047,27.9483,-1.0944,0.0014,0.0827,0.7989,0.0014,0,0
1789855337.1890,29.8749,-52.5895,-1.0959,0.7821,0.0000,88,-0.0028,30.5964,-53.9877,1.5734,27.9170,-1.0944,0.0015,0.0843,0.7989,0.0015,0,0
1789855337.2379,29.8965,-52.6314,-1.0959,0.7878,0.0000,89,-0.0034,30.8728,-54.5282,2.1334,27.8699,-1.0954,0.0004,0.0253,0.7997,0.0004,0,0
1789855337.2862,29.9108,-52.6593,-1.0959,0.7835,0.0000,89,-0.0034,30.8728,-54.5282,2.1020,27.8385,-1.0954,0.0004,0.0257,0.7997,0.0004,0,0
1789855337.3366,29.9251,-52.6871,-1.0959,0.7821,0.0000,89,-0.0034,30.8728,-54.5282,2.0707,27.8073,-1.0954,0.0005,0.0262,0.7997,0.0005,0,0
1789855337.3865,29.9394,-52.7149,-1.0959,0.7821,0.0000,89,-0.0034,30.8728,-54.5282,2.0395,27.7760,-1.0954,0.0005,0.0267,0.7997,0.0005,0,0
1789855337.4366,29.9537,-52.7428,-1.0959,0.7821,0.0000,89,-0.0034,30.8728,-54.5282,2.0082,27.7447,-1.0954,0.0005,0.0272,0.7996,0.0005,0,0
1789855337.4876,29.9680,-52.7706,-1.0959,0.7821,0.0000,89,-0.0034,30.8728,-54.5282,1.9769,27.7134,-1.0954,0.0005,0.0277,0.7996,0.0005,0,0
1789855337.5378,29.9823,-52.7984,-1.0959,0.7821,0.0000,89,-0.0034,30.8728,-54.5282,1.9456,27.6821,-1.0954,0.0005,0.0283,0.7996,0.0005,0,0
1789855337.5866,29.9966,-52.8262,-1.0959,0.7821,0.0000,89,-0.0035,30.8728,-54.5282,1.9143,27.6508,-1.0954,0.0005,0.0288,0.7996,0.0005,0,0
1789855337.6376,30.0181,-52.8680,-1.0959,0.7821,0.0000,89,-0.0035,30.8728,-54.5282,1.8674,27.6039,-1.0954,0.0005,0.0297,0.7996,0.0005,0,0
1789855337.6976,30.0252,-52.8819,-1.0959,0.7821,0.0000,89,-0.0035,30.8728,-54.5282,1.8518,27.5883,-1.0953,0.0005,0.0300,0.7996,0.0005,0,0
1789855337.7625,30.0395,-52.9097,-1.0959,0.7821,0.0000,89,-0.0035,30.8728,-54.5282,1.8205,27.5570,-1.0953,0.0005,0.0306,0.7996,0.0005,0,0
1789855337.7867,30.0467,-52.9236,-1.0959,0.7821,0.0000,89,-0.0035,30.8728,-54.5282,1.8048,27.5413,-1.0953,0.0005,0.0309,0.7996,0.0005,0,0
1789855337.8365,30.0681,-52.9653,-1.0959,0.7821,0.0000,89,-0.0035,30.8728,-54.5282,1.7579,27.4944,-1.0953,0.0006,0.0319,0.7996,0.0006,0,0
1789855337.8867,30.0824,-52.9932,-1.0959,0.7821,0.0000,89,-0.0035,30.8728,-54.5282,1.7266,27.4631,-1.0953,0.0006,0.0326,0.7996,0.0006,0,0
1789855337.9366,30.0967,-53.0210,-1.0959,0.7821,0.0000,89,-0.0035,30.8728,-54.5282,1.6953,27.4319,-1.0953,0.0006,0.0333,0.7996,0.0006,0,0
1789855337.9865,30.1182,-53.0627,-1.0959,0.7821,0.0000,89,-0.0036,30.8728,-54.5282,1.6484,27.3849,-1.0953,0.0006,0.0344,0.7996,0.0006,0,0
1789855338.0366,30.1254,-53.0768,-1.0959,0.7878,0.0000,89,-0.0036,30.8728,-54.5282,1.6326,27.3691,-1.0953,0.0006,0.0348,0.7995,0.0006,0,0
1789855338.0882,30.1398,-53.1047,-1.0959,0.7835,-0.0000,89,-0.0036,30.8728,-54.5282,1.6012,27.3377,-1.0952,0.0006,0.0355,0.7995,0.0006,0,0
1789855338.1365,30.1613,-53.1467,-1.0959,0.7892,-0.0000,89,-0.0036,30.8728,-54.5282,1.5540,27.2905,-1.0952,0.0006,0.0368,0.7995,0.0006,0,0
1789855338.1863,30.1685,-53.1606,-1.0959,0.7835,-0.0000,89,-0.0036,30.8728,-54.5282,1.5384,27.2749,-1.0952,0.0006,0.0372,0.7995,0.0006,0,0
1789855338.2429,30.1902,-53.2028,-1.0959,0.7892,-0.0000,90,-0.0043,31.1490,-55.0651,2.0946,27.2274,-1.0953,0.0006,0.0316,0.7996,0.0006,0,0
1789855338.2864,30.2047,-53.2311,-1.0959,0.7963,-0.0000,90,-0.0042,31.1490,-55.0651,2.0628,27.1956,-1.0953,0.0006,0.0321,0.7996,0.0006,0,0
1789855338.3372,30.2193,-53.2594,-1.0959,0.7963,-0.0000,90,-0.0042,31.1490,-55.0651,2.0309,27.1637,-1.0953,0.0006,0.0327,0.7996,0.0006,0,0
1789855338.3863,30.2411,-53.3019,-1.0959,0.7963,-0.0000,90,-0.0041,31.1490,-55.0651,1.9832,27.1160,-1.0953,0.0006,0.0337,0.7996,0.0006,0,0
1789855338.4366,30.2557,-53.3303,-1.0959,0.7963,-0.0000,90,-0.0040,31.1490,-55.0651,1.9513,27.0841,-1.0953,0.0006,0.0343,0.7996,0.0006,0,0
1789855338.4909,30.2703,-53.3586,-1.0959,0.7963,-0.0000,90,-0.0039,31.1490,-55.0651,1.9195,27.0523,-1.0953,0.0006,0.0350,0.7995,0.0006,0,0
1789855338.5366,30.2848,-53.3869,-1.0959,0.7963,-0.0000,90,-0.0039,31.1490,-55.0651,1.8876,27.0204,-1.0952,0.0006,0.0357,0.7995,0.0006,0,0
1789855338.5863,30.2994,-53.4152,-1.0959,0.7963,-0.0000,90,-0.0038,31.1490,-55.0651,1.8558,26.9886,-1.0952,0.0006,0.0364,0.7995,0.0006,0,0
1789855338.6366,30.3140,-53.4436,-1.0959,0.7963,-0.0000,90,-0.0037,31.1490,-55.0651,1.8239,26.9567,-1.0952,0.0006,0.0371,0.7995,0.0006,0,0
1789855338.6865,30.3358,-53.4861,-1.0959,0.7963,0.0000,90,-0.0036,31.1490,-55.0651,1.7761,26.9089,-1.0952,0.0007,0.0383,0.7995,0.0007,0,0
1789855338.7367,30.3431,-53.5002,-1.0959,0.7964,0.0000,90,-0.0036,31.1490,-55.0651,1.7602,26.8930,-1.0952,0.0007,0.0387,0.7995,0.0007,0,0
1789855338.7867,30.3649,-53.5427,-1.0959,0.7964,0.0000,90,-0.0035,31.1490,-55.0651,1.7124,26.8452,-1.0952,0.0007,0.0400,0.7995,0.0007,0,0
1789855338.8374,30.3722,-53.5569,-1.0959,0.7964,0.0000,90,-0.0035,31.1490,-55.0651,1.6965,26.8293,-1.0952,0.0007,0.0404,0.7995,0.0007,0,0
1789855338.8868,30.3868,-53.5852,-1.0959,0.7964,0.0000,90,-0.0034,31.1490,-55.0651,1.6646,26.7974,-1.0951,0.0007,0.0413,0.7995,0.0007,0,0
1789855338.9363,30.4088,-53.6278,-1.0955,0.7971,0.0021,90,-0.0032,31.1490,-55.0651,1.6167,26.7495,-1.0952,0.0003,0.0147,0.7998,0.0003,0,0
1789855338.9869,30.4235,-53.6564,-1.0955,0.8034,0.0000,90,-0.0031,31.1490,-55.0651,1.5846,26.7174,-1.0952,0.0003,0.0151,0.7998,0.0003,0,0
1789855339.0368,30.4382,-53.6849,-1.0955,0.8020,0.0000,90,-0.0030,31.1490,-55.0651,1.5525,26.6853,-1.0952,0.0003,0.0154,0.7998,0.0003,0,0
1789855339.0862,30.4602,-53.7276,-1.0954,0.8019,0.0003,91,-0.0029,31.4251,-55.6005,2.1068,26.6372,-1.0950,0.0004,0.0235,0.7997,0.0004,0,0
1789855339.1395,30.4748,-53.7561,-1.0956,0.7993,-0.0046,91,-0.0029,31.4251,-55.6005,2.0749,26.6053,-1.0950,0.0006,0.0358,0.7995,0.0006,0,0
1789855339.1866,30.4895,-53.7847,-1.0956,0.8034,-0.0000,91,-0.0028,31.4251,-55.6005,2.0427,26.5731,-1.0950,0.0006,0.0365,0.7995,0.0006,0,0
1789855339.2368,30.5040,-53.8130,-1.0956,0.7963,0.0000,91,-0.0028,31.4251,-55.6005,2.0109,26.5413,-1.0950,0.0006,0.0372,0.7995,0.0006,0,0
1789855339.2863,30.5259,-53.8555,-1.0956,0.7963,0.0000,91,-0.0026,31.4251,-55.6005,1.9631,26.4935,-1.0950,0.0007,0.0382,0.7995,0.0007,0,0
1789855339.3366,30.5332,-53.8696,-1.0956,0.7963,0.0000,91,-0.0026,31.4251,-55.6005,1.9472,26.4776,-1.0950,0.0007,0.0386,0.7995,0.0007,0,0
1789855339.3865,30.5550,-53.9121,-1.0956,0.7963,0.0000,91,-0.0025,31.4251,-55.6005,1.8994,26.4298,-1.0949,0.0007,0.0397,0.7995,0.0007,0,0
1789855339.4364,30.5696,-53.9404,-1.0956,0.7963,0.0000,91,-0.0024,31.4251,-55.6005,1.8675,26.3979,-1.0949,0.0007,0.0405,0.7995,0.0007,0,0
1789855339.4913,30.5841,-53.9688,-1.0956,0.7963,0.0000,91,-0.0023,31.4251,-55.6005,1.8357,26.3661,-1.0949,0.0007,0.0413,0.7995,0.0007,0,0
1789855339.5367,30.5987,-53.9971,-1.0956,0.7963,0.0000,91,-0.0023,31.4251,-55.6005,1.8038,26.3342,-1.0949,0.0007,0.0421,0.7995,0.0007,0,0
1789855339.5863,30.6133,-54.0254,-1.0956,0.7963,0.0000,91,-0.0022,31.4251,-55.6005,1.7720,26.3024,-1.0949,0.0007,0.0430,0.7994,0.0007,0,0
1789855339.6364,30.6279,-54.0537,-1.0956,0.7963,0.0000,91,-0.0021,31.4251,-55.6005,1.7401,26.2705,-1.0949,0.0008,0.0439,0.7994,0.0008,0,0
1789855339.6865,30.6497,-54.0962,-1.0956,0.7963,-0.0000,91,-0.0020,31.4251,-55.6005,1.6924,26.2228,-1.0948,0.0008,0.0453,0.7994,0.0008,0,0
1789855339.7365,30.6570,-54.1104,-1.0956,0.7963,-0.0000,91,-0.0019,31.4251,-55.6005,1.6764,26.2068,-1.0948,0.0008,0.0457,0.7994,0.0008,0,0
1789855339.7871,30.6716,-54.1387,-1.0956,0.7963,-0.0000,91,-0.0019,31.4251,-55.6005,1.6446,26.1750,-1.0948,0.0008,0.0467,0.7994,0.0008,0,0
1789855339.8362,30.6861,-54.1670,-1.0956,0.7963,-0.0000,91,-0.0018,31.4251,-55.6005,1.6127,26.1431,-1.0948,0.0008,0.0478,0.7994,0.0008,0,0
1789855339.8864,30.7007,-54.1954,-1.0956,0.7963,-0.0000,91,-0.0017,31.4251,-55.6005,1.5809,26.1113,-1.0948,0.0009,0.0488,0.7994,0.0009,0,0
1789855339.9376,30.7154,-54.2238,-1.0952,0.7999,0.0103,91,-0.0015,31.4251,-55.6005,1.5489,26.0793,-1.0948,0.0004,0.0223,0.7997,0.0004,0,0
1789855339.9863,30.7373,-54.2662,-1.0952,0.7963,-0.0000,92,-0.0006,31.7006,-56.1397,2.1066,26.0315,-1.0959,-0.0006,-0.0371,0.7995,-0.0006,0,0
1789855340.0363,30.7519,-54.2946,-1.0952,0.7963,-0.0000,92,-0.0006,31.7006,-56.1397,2.0747,25.9997,-1.0959,-0.0007,-0.0376,0.7995,-0.0007,0,0
1789855340.0871,30.7665,-54.3229,-1.0952,0.7963,-0.0000,92,-0.0006,31.7006,-56.1397,2.0429,25.9678,-1.0959,-0.0007,-0.0381,0.7995,-0.0007,0,0
1789855340.1366,30.7883,-54.3654,-1.0952,0.7963,-0.0000,92,-0.0006,31.7006,-56.1397,1.9951,25.9200,-1.0959,-0.0007,-0.0388,0.7995,-0.0007,0,0
1789855340.1866,30.8029,-54.3937,-1.0952,0.7963,-0.0000,92,-0.0006,31.7006,-56.1397,1.9632,25.8882,-1.0959,-0.0007,-0.0393,0.7995,-0.0007,0,0
1789855340.2367,30.8175,-54.4220,-1.0952,0.7963,-0.0000,92,-0.0006,31.7006,-56.1397,1.9314,25.8563,-1.0959,-0.0007,-0.0398,0.7995,-0.0007,0,0
1789855340.2868,30.8321,-54.4503,-1.0952,0.7963,-0.0000,92,-0.0006,31.7006,-56.1397,1.8995,25.8245,-1.0959,-0.0007,-0.0404,0.7995,-0.0007,0,0
1789855340.3376,30.8467,-54.4786,-1.0952,0.7963,-0.0000,92,-0.0006,31.7006,-56.1397,1.8677,25.7926,-1.0959,-0.0007,-0.0410,0.7995,-0.0007,0,0
1789855340.3864,30.8685,-54.5211,-1.0952,0.7964,0.0000,92,-0.0006,31.7006,-56.1397,1.8199,25.7448,-1.0959,-0.0007,-0.0419,0.7995,-0.0007,0,0
1789855340.4362,30.8831,-54.5494,-1.0952,0.7964,0.0000,92,-0.0006,31.7006,-56.1397,1.7880,25.7130,-1.0960,-0.0007,-0.0426,0.7994,-0.0007,0,0
1789855340.4864,30.8977,-54.5778,-1.0952,0.7964,0.0000,92,-0.0005,31.7006,-56.1397,1.7562,25.6811,-1.0960,-0.0008,-0.0432,0.7994,-0.0008,0,0
1789855340.5365,30.9050,-54.5919,-1.0952,0.7964,0.0000,92,-0.0005,31.7006,-56.1397,1.7403,25.6652,-1.0960,-0.0008,-0.0436,0.7994,-0.0008,0,0
1789855340.5864,30.9269,-54.6344,-1.0952,0.7964,0.0000,92,-0.0005,31.7006,-56.1397,1.6925,25.6174,-1.0960,-0.0008,-0.0447,0.7994,-0.0008,0,0
1789855340.6366,30.9416,-54.6630,-1.0952,0.8034,0.0000,92,-0.0005,31.7006,-56.1397,1.6604,25.5853,-1.0960,-0.0008,-0.0454,0.7994,-0.0008,0,0
1789855340.6866,30.9562,-54.6913,-1.0952,0.7963,0.0000,92,-0.0005,31.7006,-56.1397,1.6285,25.5534,-1.0960,-0.0008,-0.0463,0.7994,-0.0008,0,0
1789855340.7384,30.9782,-54.7340,-1.0952,0.7977,0.0000,92,-0.0005,31.7006,-56.1397,1.5804,25.5054,-1.0960,-0.0008,-0.0476,0.7994,-0.0008,0,0
1789855340.7865,30.9927,-54.7623,-1.0952,0.7963,0.0000,92,-0.0005,31.7006,-56.1397,1.5486,25.4735,-1.0961,-0.0008,-0.0484,0.7994,-0.0008,0,0
1789855340.8364,31.0000,-54.7765,-1.0952,0.7963,0.0000,92,-0.0005,31.7006,-56.1397,1.5327,25.4576,-1.0961,-0.0009,-0.0489,0.7994,-0.0009,0,0
1789855340.8917,31.0219,-54.8190,-1.0952,0.7963,0.0000,93,-0.0002,31.9759,-56.6675,2.0802,25.4098,-1.0944,0.0009,0.0490,0.7994,0.0009,0,0
1789855340.9396,31.0365,-54.8473,-1.0952,0.7963,0.0000,93,-0.0002,31.9759,-56.6675,2.0483,25.3780,-1.0943,0.0009,0.0499,0.7994,0.0009,0,0
1789855340.9864,31.0511,-54.8754,-1.0948,0.7929,0.0098,93,-0.0001,31.9759,-56.6675,2.0166,25.3463,-1.0944,0.0004,0.0253,0.7997,0.0004,0,0
1789855341.0362,31.0730,-54.9179,-1.0947,0.7963,-0.0000,93,-0.0001,31.9759,-56.6675,1.9689,25.2985,-1.0944,0.0003,0.0195,0.7997,0.0003,0,0
1789855341.0868,31.0876,-54.9462,-1.0947,0.7963,-0.0000,93,-0.0001,31.9759,-56.6675,1.9370,25.2667,-1.0944,0.0003,0.0199,0.7997,0.0003,0,0
1789855341.1371,31.1022,-54.9745,-1.0947,0.7963,0.0000,93,-0.0001,31.9759,-56.6675,1.9052,25.2348,-1.0944,0.0004,0.0202,0.7997,0.0004,0,0
1789855341.1866,31.1168,-55.0028,-1.0947,0.7963,0.0000,93,-0.0001,31.9759,-56.6675,1.8733,25.2030,-1.0944,0.0004,0.0206,0.7997,0.0004,0,0
1789855341.2365,31.1314,-55.0311,-1.0947,0.7963,0.0000,93,-0.0001,31.9759,-56.6675,1.8415,25.1711,-1.0944,0.0004,0.0209,0.7997,0.0004,0,0
1789855341.2887,31.1534,-55.0734,-1.0941,0.7927,0.0161,93,0.0000,31.9759,-56.6675,1.7938,25.1235,-1.0944,-0.0004,-0.0208,0.7997,-0.0004,0,0
1789855341.3365,31.1612,-55.0866,-1.0906,0.7782,0.1034,93,0.0010,31.9759,-56.6675,1.7785,25.1081,-1.0950,-0.0044,-0.2503,0.7968,-0.0044,0,0
1789855341.3866,31.1776,-55.1119,-1.0801,0.7507,0.2624,93,0.0039,31.9759,-56.6675,1.7485,25.0781,-1.0966,-0.0166,-0.9487,0.7877,-0.0166,0,0
1789855341.4433,31.1941,-55.1373,-1.0706,0.7554,0.2372,93,0.0069,31.9759,-56.6675,1.7183,25.0479,-1.0984,-0.0278,-1.5943,0.7793,-0.0278,0,0
1789855341.4867,31.2181,-55.1761,-1.0616,0.7590,0.1311,93,0.0105,31.9759,-56.6675,1.6729,25.0025,-1.1007,-0.0391,-2.2384,0.7710,-0.0391,0,0
1789855341.5368,31.2335,-55.2024,-1.0593,0.7629,0.0576,93,0.0122,31.9759,-56.6675,1.6425,24.9720,-1.1018,-0.0425,-2.4339,0.7684,-0.0425,0,0
1789855341.5877,31.2475,-55.2288,-1.0622,0.7477,-0.0725,93,0.0125,31.9759,-56.6675,1.6126,24.9421,-1.1021,-0.0399,-2.2858,0.7704,-0.0399,0,0
1789855341.6365,31.2602,-55.2557,-1.0694,0.7403,-0.1808,93,0.0115,31.9759,-56.6675,1.5829,24.9124,-1.1016,-0.0322,-1.8441,0.7761,-0.0322,0,0
1789855341.6903,31.2728,-55.2828,-1.0771,0.7469,-0.1918,93,0.0102,31.9759,-56.6675,1.5530,24.8825,-1.1009,-0.0238,-1.3638,0.7823,-0.0238,0,0
1789855341.7368,31.2931,-55.3239,-1.0826,0.7623,-0.0679,93,0.0094,31.9759,-56.6675,1.5072,24.8368,-1.1006,-0.0180,-1.0328,0.7866,-0.0180,0,0
1789855341.7862,31.3053,-55.3502,-1.0884,0.7238,-0.1452,94,0.0072,32.2526,-57.1823,2.0625,24.8078,-1.0936,-0.0052,-0.2980,0.7961,-0.0052,0,0
1789855341.8369,31.3183,-55.3766,-1.0910,0.7358,-0.0639,94,0.0068,32.2526,-57.1823,2.0331,24.7784,-1.0933,-0.0024,-0.1362,0.7982,-0.0024,0,0
1789855341.8863,31.3327,-55.4032,-1.0893,0.7562,0.0421,94,0.0074,32.2526,-57.1823,2.0028,24.7481,-1.0936,-0.0043,-0.2473,0.7968,-0.0043,0,0
1789855341.9367,31.3480,-55.4286,-1.0825,0.7400,0.1695,94,0.0095,32.2526,-57.1823,1.9732,24.7185,-1.0946,-0.0121,-0.6920,0.7910,-0.0121,0,0
1789855341.9865,31.3723,-55.4650,-1.0665,0.7267,0.2610,94,0.0146,32.2526,-57.1823,1.9297,24.6750,-1.0971,-0.0306,-1.7552,0.7772,-0.0306,0,0
1789855342.0366,31.3882,-55.4895,-1.0592,0.7287,0.1830,94,0.0175,32.2526,-57.1823,1.9007,24.6459,-1.0986,-0.0395,-2.2611,0.7707,-0.0395,0,0
1789855342.0866,31.3958,-55.5020,-1.0572,0.7311,0.1313,94,0.0186,32.2526,-57.1823,1.8861,24.6313,-1.0992,-0.0421,-2.4101,0.7688,-0.0421,0,0
1789855342.1398,31.4171,-55.5411,-1.0593,0.7445,-0.0584,94,0.0199,32.2526,-57.1823,1.8416,24.5868,-1.0999,-0.0406,-2.3272,0.7698,-0.0406,0,0
1789855342.1866,31.4301,-55.5676,-1.0656,0.7378,-0.1565,94,0.0194,32.2526,-57.1823,1.8120,24.5573,-1.0997,-0.0341,-1.9535,0.7747,-0.0341,0,0
1789855342.2371,31.4419,-55.5947,-1.0760,0.7356,-0.2596,94,0.0176,32.2526,-57.1823,1.7826,24.5278,-1.0987,-0.0227,-1.3012,0.7831,-0.0227,0,0
1789855342.2864,31.4585,-55.6351,-1.0926,0.7254,-0.2572,94,0.0139,32.2526,-57.1823,1.7390,24.4843,-1.0966,-0.0040,-0.2291,0.7970,-0.0040,0,0
1789855342.3366,31.4711,-55.6617,-1.0964,0.7334,-0.0943,94,0.0131,32.2526,-57.1823,1.7097,24.4550,-1.0961,0.0003,0.0175,0.7998,0.0003,0,0
1789855342.3877,31.4853,-55.6895,-1.0966,0.7816,-0.0050,94,0.0131,32.2526,-57.1823,1.6784,24.4237,-1.0960,0.0005,0.0312,0.7996,0.0005,0,0
1789855342.4368,31.5081,-55.7320,-1.0931,0.7973,0.0855,94,0.0141,32.2526,-57.1823,1.6302,24.3754,-1.0966,-0.0034,-0.1955,0.7975,-0.0034,0,0
1789855342.4871,31.5246,-55.7566,-1.0808,0.7356,0.3092,94,0.0175,32.2526,-57.1823,1.6008,24.3460,-1.0987,-0.0179,-1.0261,0.7867,-0.0179,0,0
1789855342.5399,31.5421,-55.7807,-1.0657,0.7392,0.3766,94,0.0221,32.2526,-57.1823,1.5713,24.3165,-1.1016,-0.0359,-2.0563,0.7733,-0.0359,0,0
1789855342.5868,31.5686,-55.8187,-1.0485,0.7740,0.2564,94,0.0285,32.2526,-57.1823,1.5255,24.2706,-1.1058,-0.0574,-3.2869,0.7574,-0.0574,0,0
1789855342.6367,31.5846,-55.8450,-1.0459,0.7700,0.0652,94,0.0307,32.2526,-57.1823,1.4948,24.2399,-1.1075,-0.0616,-3.5316,0.7542,-0.0616,0,0
1789855342.6876,31.5982,-55.8715,-1.0515,0.7439,-0.1414,95,0.0332,32.5371,-57.6878,2.0446,24.2101,-1.0937,-0.0422,-2.4154,0.7687,-0.0422,0,0
1789855342.7366,31.6090,-55.8986,-1.0669,0.7227,-0.3836,95,0.0302,32.5371,-57.6878,2.0156,24.1811,-1.0922,-0.0254,-1.4538,0.7812,-0.0254,0,0
1789855342.7869,31.6206,-55.9267,-1.0793,0.7556,-0.3101,95,0.0275,32.5371,-57.6878,1.9853,24.1508,-1.0909,-0.0117,-0.6683,0.7913,-0.0117,0,0
1789855342.8363,31.6342,-55.9549,-1.0840,0.7811,-0.1191,95,0.0266,32.5371,-57.6878,1.9540,24.1195,-1.0905,-0.0064,-0.3678,0.7952,-0.0064,0,0
1789855342.8915,31.6487,-55.9824,-1.0841,0.7787,-0.0018,95,0.0267,32.5371,-57.6878,1.9229,24.0884,-1.0906,-0.0064,-0.3689,0.7952,-0.0064,0,0
1789855342.9366,31.6631,-56.0092,-1.0835,0.7605,0.0157,95,0.0271,32.5371,-57.6878,1.8925,24.0580,-1.0907,-0.0073,-0.4159,0.7946,-0.0073,0,0
1789855342.9863,31.6861,-56.0491,-1.0775,0.7676,0.1188,95,0.0290,32.5371,-57.6878,1.8465,24.0120,-1.0918,-0.0143,-0.8221,0.7893,-0.0143,0,0
1789855343.0365,31.7018,-56.0755,-1.0725,0.7679,0.1245,95,0.0308,32.5371,-57.6878,1.8158,23.9813,-1.0928,-0.0203,-1.1638,0.7849,-0.0203,0,0
1789855343.0881,31.7168,-56.1027,-1.0719,0.7756,0.0140,95,0.0315,32.5371,-57.6878,1.7848,23.9503,-1.0933,-0.0213,-1.2216,0.7842,-0.0213,0,0
1789855343.1470,31.7375,-56.1433,-1.0765,0.7587,-0.0843,95,0.0310,32.5371,-57.6878,1.7392,23.9047,-1.0931,-0.0166,-0.9488,0.7877,-0.0166,0,0
1789855343.1866,31.7510,-56.1706,-1.0805,0.7619,-0.0984,95,0.0304,32.5371,-57.6878,1.7087,23.8742,-1.0928,-0.0123,-0.7047,0.7909,-0.0123,0,0
1789855343.2366,31.7645,-56.1983,-1.0846,0.7691,-0.1025,95,0.0296,32.5371,-57.6878,1.6779,23.8434,-1.0923,-0.0078,-0.4450,0.7942,-0.0078,0,0
1789855343.2918,31.7854,-56.2406,-1.0892,0.7869,-0.0766,95,0.0285,32.5371,-57.6878,1.6307,23.7963,-1.0918,-0.0026,-0.1490,0.7981,-0.0026,0,0
1789855343.3364,31.7999,-56.2693,-1.0910,0.8048,-0.0456,95,0.0281,32.5371,-57.6878,1.5986,23.7641,-1.0915,-0.0005,-0.0296,0.7996,-0.0005,0,0
1789855343.3871,31.8147,-56.2984,-1.0922,0.8155,-0.0313,95,0.0277,32.5371,-57.6878,1.5659,23.7315,-1.0913,0.0009,0.0540,0.7993,0.0009,0,0
1789855343.4367,31.8378,-56.3417,-1.0899,0.8128,0.0602,95,0.0282,32.5371,-57.6878,1.5169,23.6824,-1.0917,-0.0017,-0.0996,0.7987,-0.0017,0,0
1789855343.4866,31.8458,-56.3556,-1.0873,0.8052,0.1084,95,0.0289,32.5371,-57.6878,1.5009,23.6664,-1.0921,-0.0048,-0.2771,0.7964,-0.0048,0,0
1789855343.5363,31.8620,-56.3820,-1.0797,0.7732,0.1903,95,0.0310,32.5371,-57.6878,1.4700,23.6355,-1.0936,-0.0139,-0.7986,0.7896,-0.0139,0,0
1789855343.5865,31.8784,-56.4078,-1.0714,0.7629,0.2077,96,0.0370,32.8279,-58.1889,2.0184,23.6050,-1.0810,-0.0096,-0.5496,0.7929,-0.0096,0,0
1789855343.6365,31.8937,-56.4342,-1.0681,0.7623,0.0810,96,0.0381,32.8279,-58.1889,1.9879,23.5746,-1.0816,-0.0134,-0.7694,0.7900,-0.0134,0,0
1789855343.6861,31.9162,-56.4749,-1.0680,0.7807,0.0000,96,0.0386,32.8279,-58.1889,1.9413,23.5280,-1.0819,-0.0139,-0.7944,0.7897,-0.0139,0,0
1789855343.7364,31.9315,-56.5028,-1.0680,0.7949,0.0000,96,0.0389,32.8279,-58.1889,1.9095,23.4962,-1.0821,-0.0141,-0.8076,0.7895,-0.0141,0,0
1789855343.7866,31.9469,-56.5307,-1.0680,0.7964,0.0000,96,0.0392,32.8279,-58.1889,1.8777,23.4644,-1.0824,-0.0143,-0.8213,0.7894,-0.0143,0,0
1789855343.8366,31.9623,-56.5588,-1.0680,0.8020,0.0000,96,0.0395,32.8279,-58.1889,1.8456,23.4323,-1.0826,-0.0146,-0.8356,0.7892,-0.0146,0,0
1789855343.8872,31.9846,-56.6012,-1.0715,0.7930,-0.0770,96,0.0390,32.8279,-58.1889,1.7977,23.3845,-1.0825,-0.0111,-0.6333,0.7918,-0.0111,0,0
1789855343.9388,31.9979,-56.6292,-1.0777,0.7749,-0.1561,96,0.0375,32.8279,-58.1889,1.7667,23.3534,-1.0818,-0.0041,-0.2323,0.7970,-0.0041,0,0
1789855343.9863,32.0196,-56.6715,-1.0809,0.8031,0.0097,96,0.0366,32.8279,-58.1889,1.7192,23.3059,-1.0813,-0.0004,-0.0236,0.7997,-0.0004,0,0
1789855344.0376,32.0351,-56.6991,-1.0783,0.7911,0.0639,96,0.0371,32.8279,-58.1889,1.6876,23.2743,-1.0817,-0.0034,-0.1937,0.7975,-0.0034,0,0
1789855344.0868,32.0508,-56.7263,-1.0745,0.7840,0.0958,96,0.0381,32.8279,-58.1889,1.6562,23.2429,-1.0824,-0.0079,-0.4524,0.7941,-0.0079,0,0
1789855344.1364,32.0668,-56.7531,-1.0699,0.7800,0.1151,96,0.0395,32.8279,-58.1889,1.6250,23.2118,-1.0833,-0.0134,-0.7686,0.7900,-0.0134,0,0
1789855344.1866,32.0830,-56.7803,-1.0655,0.7917,0.1100,96,0.0409,32.8279,-58.1889,1.5934,23.1801,-1.0843,-0.0188,-1.0789,0.7860,-0.0188,0,0
1789855344.2364,32.0995,-56.8075,-1.0607,0.7956,0.1206,96,0.0426,32.8279,-58.1889,1.5616,23.1484,-1.0855,-0.0249,-1.4250,0.7815,-0.0249,0,0
1789855344.2865,32.1244,-56.8490,-1.0554,0.8050,0.0743,96,0.0449,32.8279,-58.1889,1.5134,23.1001,-1.0873,-0.0319,-1.8277,0.7763,-0.0319,0,0
1789855344.3364,32.1401,-56.8768,-1.0557,0.7982,-0.0069,96,0.0456,32.8279,-58.1889,1.4814,23.0682,-1.0880,-0.0323,-1.8488,0.7760,-0.0323,0,0
1789855344.3865,32.1548,-56.9046,-1.0592,0.7862,-0.0877,97,0.0510,33.1263,-58.6909,2.0334,23.0368,-1.0727,-0.0135,-0.7715,0.7900,-0.0135,0,0
1789855344.4395,32.1765,-56.9472,-1.0659,0.8005,-0.0959,97,0.0490,33.1263,-58.6909,1.9856,22.9890,-1.0720,-0.0062,-0.3546,0.7954,-0.0062,0,0
1789855344.4864,32.1923,-56.9756,-1.0656,0.8138,0.0053,97,0.0488,33.1263,-58.6909,1.9531,22.9564,-1.0722,-0.0065,-0.3742,0.7951,-0.0065,0,0
1789855344.5396,32.2071,-57.0032,-1.0672,0.7833,-0.0395,97,0.0482,33.1263,-58.6909,1.9218,22.9251,-1.0721,-0.0048,-0.2776,0.7964,-0.0048,0,0
1789855344.5873,32.2205,-57.0307,-1.0730,0.7622,-0.1440,97,0.0464,33.1263,-58.6909,1.8913,22.8946,-1.0713,0.0017,0.0950,0.7988,0.0017,0,0
1789855344.6366,32.2411,-57.0731,-1.0806,0.7884,-0.1270,97,0.0435,33.1263,-58.6909,1.8441,22.8474,-1.0701,0.0105,0.6013,0.7922,0.0105,0,0
1789855344.6863,32.2554,-57.1022,-1.0848,0.8104,-0.1051,97,0.0417,33.1263,-58.6909,1.8117,22.8150,-1.0693,0.0155,0.8891,0.7885,0.0155,0,0
1789855344.7364,32.2701,-57.1318,-1.0878,0.8260,-0.0734,97,0.0400,33.1263,-58.6909,1.7787,22.7820,-1.0686,0.0192,1.0998,0.7857,0.0192,0,0
1789855344.7865,32.2856,-57.1608,-1.0866,0.8223,0.0297,97,0.0393,33.1263,-58.6909,1.7458,22.7491,-1.0684,0.0182,1.0422,0.7865,0.0182,0,0
1789855344.8367,32.3105,-57.2028,-1.0775,0.8119,0.1750,97,0.0404,33.1263,-58.6909,1.6970,22.7003,-1.0693,0.0082,0.4703,0.7939,0.0082,0,0
1789855344.8865,32.3280,-57.2296,-1.0676,0.7963,0.2492,97,0.0425,33.1263,-58.6909,1.6652,22.6685,-1.0708,-0.0032,-0.1843,0.7976,-0.0032,0,0
1789855344.9363,32.3456,-57.2554,-1.0567,0.7775,0.2726,97,0.0452,33.1263,-58.6909,1.6341,22.6375,-1.0727,-0.0160,-0.9160,0.7881,-0.0160,0,0
1789855344.9868,32.3621,-57.2821,-1.0520,0.7833,0.1155,97,0.0465,33.1263,-58.6909,1.6028,22.6063,-1.0738,-0.0217,-1.2439,0.7839,-0.0217,0,0
1789855345.0402,32.3768,-57.3090,-1.0541,0.7682,-0.0515,97,0.0461,33.1263,-58.6909,1.5720,22.5755,-1.0738,-0.0197,-1.1305,0.7853,-0.0197,0,0
1789855345.0868,32.3898,-57.3360,-1.0619,0.7473,-0.1939,97,0.0442,33.1263,-58.6909,1.5421,22.5456,-1.0729,-0.0110,-0.6311,0.7918,-0.0110,0,0
1789855345.1365,32.4013,-57.3638,-1.0747,0.7466,-0.3201,97,0.0406,33.1263,-58.6909,1.5123,22.5157,-1.0708,0.0038,0.2205,0.7971,0.0038,0,0
1789855345.1867,32.4129,-57.3925,-1.0877,0.7700,-0.3249,97,0.0366,33.1263,-58.6909,1.4815,22.4848,-1.0684,0.0193,1.1057,0.7857,0.0193,0,0
1789855345.2368,32.4339,-57.4348,-1.0913,0.7856,-0.0247,98,0.0377,33.4293,-59.1878,2.0159,22.4377,-1.0544,0.0369,2.1155,0.7726,0.0369,0,0
1789855345.2863,32.4487,-57.4632,-1.0913,0.8020,0.0000,98,0.0362,33.4293,-59.1878,1.9839,22.4056,-1.0538,0.0375,2.1496,0.7721,0.0375,0,0
1789855345.3366,32.4641,-57.4903,-1.0868,0.7787,0.1114,98,0.0360,33.4293,-59.1878,1.9527,22.3744,-1.0538,0.0331,1.8941,0.7754,0.0331,0,0
1789855345.3868,32.4806,-57.5151,-1.0751,0.7409,0.2932,98,0.0379,33.4293,-59.1878,1.9230,22.3448,-1.0549,0.0202,1.1580,0.7850,0.0202,0,0
1789855345.4378,32.4983,-57.5378,-1.0576,0.7098,0.4385,98,0.0417,33.4293,-59.1878,1.8946,22.3166,-1.0571,0.0005,0.0279,0.7996,0.0005,0,0
1789855345.4879,32.5253,-57.5761,-1.0410,0.7913,0.2157,98,0.0458,33.4293,-59.1878,1.8479,22.2701,-1.0596,-0.0186,-1.0657,0.7862,-0.0186,0,0
1789855345.5373,32.5483,-57.6184,-1.0466,0.7935,-0.1204,98,0.0445,33.4293,-59.1878,1.7997,22.2219,-1.0593,-0.0127,-0.7269,0.7906,-0.0127,0,0
1789855345.5862,32.5612,-57.6476,-1.0595,0.7941,-0.3228,98,0.0410,33.4293,-59.1878,1.7679,22.1901,-1.0575,0.0020,0.1119,0.7985,0.0020,0,0
1789855345.6393,32.5732,-57.6773,-1.0747,0.7955,-0.3790,98,0.0364,33.4293,-59.1878,1.7362,22.1582,-1.0552,0.0195,1.1178,0.7855,0.0195,0,0
1789855345.6866,32.5860,-57.7072,-1.0854,0.8087,-0.2680,98,0.0326,33.4293,-59.1878,1.7039,22.1258,-1.0531,0.0323,1.8507,0.7760,0.0323,0,0
1789855345.7365,32.5993,-57.7367,-1.0929,0.8089,-0.1881,98,0.0292,33.4293,-59.1878,1.6716,22.0934,-1.0512,0.0417,2.3877,0.7690,0.0417,0,0
1789855345.7867,32.6134,-57.7659,-1.0960,0.8098,-0.0770,98,0.0268,33.4293,-59.1878,1.6393,22.0610,-1.0499,0.0461,2.6415,0.7658,0.0461,0,0
1789855345.8367,32.6376,-57.8086,-1.0889,0.8202,0.1510,98,0.0262,33.4293,-59.1878,1.5903,22.0120,-1.0497,0.0392,2.2471,0.7709,0.0392,0,0
1789855345.8867,32.6550,-57.8363,-1.0791,0.8176,0.2436,98,0.0274,33.4293,-59.1878,1.5575,21.9794,-1.0505,0.0286,1.6393,0.7787,0.0286,0,0
1789855345.9384,32.6730,-57.8630,-1.0671,0.8000,0.3024,98,0.0296,33.4293,-59.1878,1.5255,21.9474,-1.0521,0.0150,0.8582,0.7889,0.0150,0,0
1789855345.9865,32.6997,-57.9027,-1.0522,0.7960,0.2072,98,0.0327,33.4293,-59.1878,1.4777,21.8999,-1.0544,-0.0022,-0.1252,0.7984,-0.0022,0,0
1789855346.0364,32.7078,-57.9167,-1.0519,0.8053,0.0727,98,0.0327,33.4293,-59.1878,1.4615,21.8837,-1.0545,-0.0026,-0.1469,0.7981,-0.0026,0,0
1789855346.0914,32.7228,-57.9442,-1.0541,0.7831,-0.0549,99,0.0346,33.7348,-59.7149,2.0395,21.8524,-1.0516,0.0026,0.1469,0.7981,0.0026,0,0
1789855346.1397,32.7377,-57.9714,-1.0558,0.7754,-0.0418,99,0.0336,33.7348,-59.7149,2.0084,21.8214,-1.0513,0.0045,0.2583,0.7967,0.0045,0,0
1789855346.1865,32.7613,-58.0130,-1.0558,0.7963,0.0000,99,0.0325,33.7348,-59.7149,1.9607,21.7736,-1.0512,0.0046,0.2646,0.7966,0.0046,0,0
1789855346.2369,32.7768,-58.0405,-1.0558,0.7897,0.0000,99,0.0319,33.7348,-59.7149,1.9291,21.7421,-1.0511,0.0047,0.2689,0.7965,0.0047,0,0
1789855346.2868,32.7925,-58.0682,-1.0558,0.7964,0.0000,99,0.0312,33.7348,-59.7149,1.8972,21.7102,-1.0510,0.0048,0.2734,0.7965,0.0048,0,0
1789855346.3367,32.8081,-58.0957,-1.0558,0.7897,0.0000,99,0.0305,33.7348,-59.7149,1.8656,21.6787,-1.0510,0.0049,0.2780,0.7964,0.0049,0,0
1789855346.3863,32.8235,-58.1230,-1.0558,0.7840,0.0000,99,0.0298,33.7348,-59.7149,1.8343,21.6473,-1.0509,0.0049,0.2828,0.7963,0.0049,0,0
1789855346.4371,32.8453,-58.1633,-1.0590,0.7604,-0.0635,99,0.0280,33.7348,-59.7149,1.7884,21.6015,-1.0503,0.0087,0.5005,0.7935,0.0087,0,0
1789855346.4864,32.8600,-58.1903,-1.0606,0.7685,-0.0398,99,0.0268,33.7348,-59.7149,1.7577,21.5708,-1.0499,0.0107,0.6146,0.7920,0.0107,0,0
1789855346.5366,32.8750,-58.2172,-1.0607,0.7687,-0.0033,99,0.0260,33.7348,-59.7149,1.7270,21.5400,-1.0496,0.0111,0.6343,0.7918,0.0111,0,0
1789855346.5866,32.8979,-58.2581,-1.0607,0.7821,0.0000,99,0.0248,33.7348,-59.7149,1.6801,21.4932,-1.0493,0.0114,0.6520,0.7915,0.0114,0,0
1789855346.6364,32.9209,-58.2993,-1.0607,0.7897,-0.0005,99,0.0235,33.7348,-59.7149,1.6329,21.4460,-1.0490,0.0117,0.6721,0.7913,0.0117,0,0
1789855346.6878,32.9287,-58.3132,-1.0607,0.7897,-0.0005,99,0.0231,33.7348,-59.7149,1.6170,21.4301,-1.0489,0.0118,0.6787,0.7912,0.0118,0,0
1789855346.7374,32.9520,-58.3548,-1.0607,0.7963,0.0000,99,0.0218,33.7348,-59.7149,1.5692,21.3824,-1.0485,0.0122,0.6994,0.7909,0.0122,0,0
1789855346.7864,32.9598,-58.3687,-1.0607,0.7963,0.0000,99,0.0214,33.7348,-59.7149,1.5533,21.3665,-1.0484,0.0123,0.7066,0.7908,0.0123,0,0
1789855346.8369,32.9753,-58.3965,-1.0607,0.7963,0.0000,99,0.0206,33.7348,-59.7149,1.5214,21.3346,-1.0481,0.0126,0.7214,0.7906,0.0126,0,0
1789855346.8877,32.9909,-58.4243,-1.0607,0.7963,0.0000,99,0.0198,33.7348,-59.7149,1.4896,21.3028,-1.0479,0.0129,0.7369,0.7904,0.0129,0,0
1789855346.9370,33.0065,-58.4519,-1.0602,0.7913,0.0145,100,0.0221,34.0068,-60.2458,2.0540,21.2712,-1.0621,-0.0019,-0.1110,0.7986,-0.0019,0,0
1789855346.9865,33.0307,-58.4902,-1.0513,0.7590,0.1521,100,0.0229,34.0068,-60.2458,2.0088,21.2260,-1.0634,-0.0121,-0.6935,0.7910,-0.0121,0,0
1789855347.0370,33.0459,-58.5177,-1.0531,0.7855,-0.0448,100,0.0215,34.0068,-60.2458,1.9773,21.1946,-1.0633,-0.0103,-0.5881,0.7924,-0.0103,0,0
1789855347.0863,33.0600,-58.5442,-1.0562,0.7503,-0.0779,100,0.0198,34.0068,-60.2458,1.9473,21.1646,-1.0631,-0.0069,-0.3939,0.7949,-0.0069,0,0
1789855347.1366,33.0741,-58.5707,-1.0592,0.7494,-0.0749,100,0.0180,34.0068,-60.2458,1.9173,21.1346,-1.0627,-0.0036,-0.2044,0.7974,-0.0036,0,0
1789855347.1887,33.0886,-58.5974,-1.0606,0.7595,-0.0368,100,0.0165,34.0068,-60.2458,1.8870,21.1042,-1.0626,-0.0019,-0.1109,0.7986,-0.0019,0,0
1789855347.2365,33.1110,-58.6369,-1.0598,0.7583,0.0201,100,0.0150,34.0068,-60.2458,1.8415,21.0588,-1.0627,-0.0029,-0.1664,0.7978,-0.0029,0,0
1789855347.2865,33.1261,-58.6632,-1.0585,0.7566,0.0329,100,0.0143,34.0068,-60.2458,1.8112,21.0285,-1.0630,-0.0045,-0.2558,0.7967,-0.0045,0,0
1789855347.3365,33.1414,-58.6894,-1.0566,0.7582,0.0481,100,0.0137,34.0068,-60.2458,1.7809,20.9982,-1.0634,-0.0068,-0.3871,0.7950,-0.0068,0,0
1789855347.3862,33.1642,-58.7288,-1.0550,0.7595,0.0254,100,0.0126,34.0068,-60.2458,1.7354,20.9528,-1.0638,-0.0088,-0.5046,0.7935,-0.0088,0,0
1789855347.4364,33.1791,-58.7550,-1.0549,0.7544,0.0034,100,0.0117,34.0068,-60.2458,1.7052,20.9226,-1.0640,-0.0091,-0.5225,0.7932,-0.0091,0,0
1789855347.4866,33.1941,-58.7814,-1.0549,0.7593,0.0000,100,0.0108,34.0068,-60.2458,1.6748,20.8923,-1.0641,-0.0093,-0.5319,0.7931,-0.0093,0,0
1789855347.5397,33.2165,-58.8214,-1.0560,0.7612,-0.0279,100,0.0090,34.0068,-60.2458,1.6290,20.8465,-1.0642,-0.0082,-0.4726,0.7939,-0.0082,0,0
1789855347.5864,33.2309,-58.8480,-1.0580,0.7558,-0.0501,100,0.0075,34.0068,-60.2458,1.5988,20.8163,-1.0640,-0.0061,-0.3475,0.7955,-0.0061,0,0
1789855347.6392,33.2456,-58.8747,-1.0591,0.7611,-0.0281,100,0.0061,34.0068,-60.2458,1.5683,20.7858,-1.0640,-0.0049,-0.2786,0.7964,-0.0049,0,0
1789855347.6867,33.2678,-58.9148,-1.0598,0.7672,-0.0030,100,0.0043,34.0068,-60.2458,1.5224,20.7400,-1.0640,-0.0041,-0.2375,0.7969,-0.0041,0,0
1789855347.7364,33.2829,-58.9416,-1.0598,0.7679,0.0000,101,-0.0032,34.2783,-60.7613,2.0742,20.7093,-1.0703,-0.0104,-0.5981,0.7922,-0.0104,0,0
1789855347.7865,33.2980,-58.9686,-1.0599,0.7756,-0.0009,101,-0.0037,34.2783,-60.7613,2.0432,20.6782,-1.0704,-0.0106,-0.6050,0.7922,-0.0106,0,0
1789855347.8371,33.3128,-58.9950,-1.0599,0.7557,-0.0007,101,-0.0041,34.2783,-60.7613,2.0130,20.6480,-1.0706,-0.0107,-0.6122,0.7921,-0.0107,0,0
1789855347.8867,33.3352,-59.0349,-1.0599,0.7614,-0.0012,101,-0.0048,34.2783,-60.7613,1.9672,20.6023,-1.0708,-0.0109,-0.6233,0.7919,-0.0109,0,0
1789855347.9366,33.3499,-59.0613,-1.0599,0.7555,-0.0000,101,-0.0052,34.2783,-60.7613,1.9370,20.5721,-1.0710,-0.0110,-0.6330,0.7918,-0.0110,0,0
1789855347.9864,33.3646,-59.0877,-1.0604,0.7562,-0.0108,101,-0.0058,34.2783,-60.7613,1.9068,20.5419,-1.0711,-0.0107,-0.6146,0.7920,-0.0107,0,0
1789855348.0367,33.3793,-59.1143,-1.0612,0.7583,-0.0200,101,-0.0064,34.2783,-60.7613,1.8764,20.5116,-1.0712,-0.0100,-0.5721,0.7926,-0.0100,0,0
1789855348.0863,33.3938,-59.1410,-1.0622,0.7594,-0.0249,101,-0.0072,34.2783,-60.7613,1.8460,20.4812,-1.0712,-0.0090,-0.5162,0.7933,-0.0090,0,0
1789855348.1378,33.4089,-59.1675,-1.0613,0.7628,0.0224,101,-0.0075,34.2783,-60.7613,1.8155,20.4507,-1.0715,-0.0102,-0.5838,0.7924,-0.0102,0,0
1789855348.1873,33.4316,-59.2072,-1.0598,0.7622,0.0249,101,-0.0078,34.2783,-60.7613,1.7698,20.4050,-1.0720,-0.0122,-0.6979,0.7910,-0.0122,0,0
1789855348.2437,33.4466,-59.2340,-1.0597,0.7674,0.0026,101,-0.0082,34.2783,-60.7613,1.7391,20.3743,-1.0722,-0.0125,-0.7172,0.7907,-0.0125,0,0
1789855348.2866,33.4616,-59.2608,-1.0597,0.7679,0.0000,101,-0.0086,34.2783,-60.7613,1.7084,20.3437,-1.0724,-0.0127,-0.7300,0.7905,-0.0127,0,0
1789855348.3381,33.4767,-59.2875,-1.0597,0.7679,0.0000,101,-0.0090,34.2783,-60.7613,1.6777,20.3130,-1.0726,-0.0130,-0.7434,0.7904,-0.0130,0,0
1789855348.3865,33.4992,-59.3277,-1.0597,0.7679,0.0000,101,-0.0097,34.2783,-60.7613,1.6316,20.2669,-1.0730,-0.0133,-0.7644,0.7901,-0.0133,0,0
1789855348.4364,33.5135,-59.3544,-1.0618,0.7559,-0.0527,101,-0.0107,34.2783,-60.7613,1.6014,20.2367,-1.0729,-0.0111,-0.6381,0.7917,-0.0111,0,0
1789855348.4862,33.5349,-59.3948,-1.0652,0.7628,-0.0514,101,-0.0124,34.2783,-60.7613,1.5557,20.1910,-1.0726,-0.0074,-0.4239,0.7945,-0.0074,0,0
1789855348.5394,33.5495,-59.4216,-1.0662,0.7622,-0.0249,101,-0.0133,34.2783,-60.7613,1.5252,20.1605,-1.0726,-0.0064,-0.3652,0.7953,-0.0064,0,0
1789855348.5864,33.5643,-59.4484,-1.0663,0.7674,-0.0026,101,-0.0139,34.2783,-60.7613,1.4945,20.1298,-1.0727,-0.0064,-0.3657,0.7953,-0.0064,0,0
1789855348.6366,33.5792,-59.4755,-1.0663,0.7736,0.0000,102,-0.0293,34.5535,-61.2734,2.0449,20.0989,-1.0742,-0.0079,-0.4507,0.7942,-0.0079,0,0
1789855348.6906,33.5942,-59.5028,-1.0665,0.7769,-0.0054,102,-0.0284,34.5535,-61.2734,2.0139,20.0678,-1.0743,-0.0077,-0.4437,0.7942,-0.0077,0,0
1789855348.7386,33.6090,-59.5298,-1.0668,0.7712,-0.0054,102,-0.0275,34.5535,-61.2734,1.9830,20.0370,-1.0744,-0.0076,-0.4365,0.7943,-0.0076,0,0
1789855348.7865,33.6241,-59.5564,-1.0656,0.7629,0.0289,102,-0.0263,34.5535,-61.2734,1.9525,20.0065,-1.0746,-0.0091,-0.5185,0.7933,-0.0091,0,0
1789855348.8371,33.6393,-59.5829,-1.0636,0.7651,0.0498,102,-0.0248,34.5535,-61.2734,1.9219,19.9759,-1.0751,-0.0115,-0.6568,0.7915,-0.0115,0,0
1789855348.8919,33.6618,-59.6227,-1.0624,0.7628,0.0149,102,-0.0229,34.5535,-61.2734,1.8762,19.9302,-1.0755,-0.0132,-0.7536,0.7902,-0.0132,0,0
1789855348.9366,33.6768,-59.6495,-1.0624,0.7679,0.0000,102,-0.0218,34.5535,-61.2734,1.8455,19.8995,-1.0758,-0.0134,-0.7662,0.7901,-0.0134,0,0
1789855348.9862,33.6992,-59.6898,-1.0624,0.7679,0.0000,102,-0.0202,34.5535,-61.2734,1.7994,19.8535,-1.0761,-0.0137,-0.7858,0.7898,-0.0137,0,0
1789855349.0368,33.7143,-59.7168,-1.0624,0.7736,0.0000,102,-0.0191,34.5535,-61.2734,1.7685,19.8226,-1.0763,-0.0140,-0.7996,0.7896,-0.0140,0,0
1789855349.0865,33.7294,-59.7439,-1.0624,0.7755,0.0005,102,-0.0180,34.5535,-61.2734,1.7374,19.7916,-1.0766,-0.0142,-0.8150,0.7894,-0.0142,0,0
1789855349.1366,33.7445,-59.7710,-1.0624,0.7755,-0.0000,102,-0.0169,34.5535,-61.2734,1.7064,19.7606,-1.0768,-0.0145,-0.8299,0.7892,-0.0145,0,0
1789855349.1866,33.7598,-59.7979,-1.0614,0.7748,0.0241,102,-0.0156,34.5535,-61.2734,1.6754,19.7296,-1.0773,-0.0159,-0.9093,0.7882,-0.0159,0,0
1789855349.2366,33.7746,-59.8251,-1.0626,0.7731,-0.0309,102,-0.0148,34.5535,-61.2734,1.6445,19.6987,-1.0774,-0.0147,-0.8443,0.7891,-0.0147,0,0
1789855349.2863,33.7882,-59.8521,-1.0672,0.7558,-0.1150,102,-0.0150,34.5535,-61.2734,1.6143,19.6684,-1.0769,-0.0096,-0.5528,0.7928,-0.0096,0,0
1789855349.3367,33.8016,-59.8791,-1.0722,0.7531,-0.1231,102,-0.0154,34.5535,-61.2734,1.5841,19.6383,-1.0762,-0.0041,-0.2332,0.7970,-0.0041,0,0
1789855349.3864,33.8230,-59.9196,-1.0741,0.7635,-0.0182,102,-0.0148,34.5535,-61.2734,1.5384,19.5925,-1.0760,-0.0019,-0.1094,0.7986,-0.0019,0,0
1789855349.4366,33.8386,-59.9470,-1.0715,0.7879,0.0649,102,-0.0135,34.5535,-61.2734,1.5069,19.5610,-1.0764,-0.0050,-0.2837,0.7963,-0.0050,0,0
1789855349.4866,33.8546,-59.9741,-1.0676,0.7870,0.0971,102,-0.0116,34.5535,-61.2734,1.4754,19.5296,-1.0773,-0.0097,-0.5531,0.7928,-0.0097,0,0
1789855349.5363,33.8701,-60.0024,-1.0679,0.8063,-0.0063,103,-0.0076,34.8300,-61.7837,2.0235,19.4973,-1.0765,-0.0087,-0.4973,0.7936,-0.0087,0,0
1789855349.5865,33.8846,-60.0304,-1.0708,0.7890,-0.0736,103,-0.0078,34.8300,-61.7837,1.9919,19.4658,-1.0763,-0.0055,-0.3137,0.7959,-0.0055,0,0
1789855349.6363,33.8988,-60.0586,-1.0745,0.7893,-0.0936,103,-0.0084,34.8300,-61.7837,1.9603,19.4342,-1.0758,-0.0013,-0.0746,0.7990,-0.0013,0,0
1789855349.6896,33.9132,-60.0873,-1.0782,0.8014,-0.0907,103,-0.0090,34.8300,-61.7837,1.9283,19.4021,-1.0754,0.0028,0.1611,0.7979,0.0028,0,0
1789855349.7365,33.9354,-60.1314,-1.0829,0.8226,-0.0836,103,-0.0099,34.8300,-61.7837,1.8790,19.3528,-1.0746,0.0083,0.4771,0.7938,0.0083,0,0
1789855349.7865,33.9503,-60.1607,-1.0850,0.8233,-0.0527,103,-0.0104,34.8300,-61.7837,1.8460,19.3199,-1.0741,0.0109,0.6245,0.7919,0.0109,0,0
1789855349.8375,33.9662,-60.1890,-1.0818,0.8105,0.0811,103,-0.0095,34.8300,-61.7837,1.8136,19.2874,-1.0744,0.0074,0.4225,0.7945,0.0074,0,0
1789855349.8866,33.9826,-60.2159,-1.0749,0.7861,0.1716,103,-0.0075,34.8300,-61.7837,1.7822,19.2560,-1.0753,-0.0004,-0.0225,0.7997,-0.0004,0,0
1789855349.9365,34.0079,-60.2554,-1.0627,0.7829,0.1897,103,-0.0035,34.8300,-61.7837,1.7354,19.2093,-1.0773,-0.0146,-0.8344,0.7892,-0.0146,0,0
1789855349.9868,34.0162,-60.2689,-1.0599,0.7884,0.1531,103,-0.0024,34.8300,-61.7837,1.7196,19.1936,-1.0778,-0.0179,-1.0249,0.7867,-0.0179,0,0
1789855350.0369,34.0402,-60.3102,-1.0574,0.7968,0.0129,103,-0.0005,34.8300,-61.7837,1.6718,19.1459,-1.0788,-0.0213,-1.2232,0.7841,-0.0213,0,0
1789855350.0863,34.0645,-60.3534,-1.0577,0.8284,-0.0069,103,0.0009,34.8300,-61.7837,1.6223,19.0963,-1.0794,-0.0217,-1.2422,0.7839,-0.0217,0,0
1789855350.1376,34.0723,-60.3679,-1.0589,0.8265,-0.0376,103,0.0010,34.8300,-61.7837,1.6058,19.0799,-1.0794,-0.0205,-1.1733,0.7848,-0.0205,0,0
1789855350.1895,34.0867,-60.3968,-1.0651,0.8085,-0.1528,103,0.0003,34.8300,-61.7837,1.5735,19.0475,-1.0788,-0.0137,-0.7875,0.7898,-0.0137,0,0
1789855350.2363,34.1061,-60.4406,-1.0802,0.7932,-0.2629,103,-0.0029,34.8300,-61.7837,1.5257,18.9997,-1.0765,0.0037,0.2138,0.7972,0.0037,0,0
1789855350.2868,34.1194,-60.4697,-1.0876,0.7987,-0.1855,103,-0.0047,34.8300,-61.7837,1.4938,18.9677,-1.0750,0.0126,0.7208,0.7907,0.0126,0,0
1789855350.3376,34.1343,-60.4989,-1.0886,0.8188,-0.0253,103,-0.0051,34.8300,-61.7837,1.4611,18.9350,-1.0746,0.0141,0.8061,0.7895,0.0141,0,0
1789855350.3864,34.1500,-60.5288,-1.0886,0.8432,0.0000,104,-0.0029,35.1084,-62.2979,2.0121,18.9013,-1.0743,0.0143,0.8196,0.7894,0.0143,0,0
1789855350.4365,34.1660,-60.5585,-1.0871,0.8435,0.0380,104,-0.0028,35.1084,-62.2979,1.9784,18.8675,-1.0743,0.0128,0.7347,0.7905,0.0128,0,0
1789855350.4873,34.1914,-60.5990,-1.0737,0.7793,0.2802,104,0.0003,35.1084,-62.2979,1.9306,18.8198,-1.0759,-0.0021,-0.1222,0.7984,-0.0021,0,0
1789855350.5368,34.2098,-60.6245,-1.0589,0.7804,0.3709,104,0.0045,35.1084,-62.2979,1.8994,18.7887,-1.0780,-0.0191,-1.0949,0.7858,-0.0191,0,0
1789855350.5865,34.2283,-60.6514,-1.0479,0.8115,0.2753,104,0.0081,35.1084,-62.2979,1.8670,18.7564,-1.0799,-0.0321,-1.8367,0.7762,-0.0321,0,0
1789855350.6364,34.2552,-60.6928,-1.0388,0.8223,0.1009,104,0.0121,35.1084,-62.2979,1.8178,18.7073,-1.0822,-0.0435,-2.4902,0.7677,-0.0435,0,0
1789855350.6877,34.2709,-60.7215,-1.0426,0.8183,-0.0960,104,0.0124,35.1084,-62.2979,1.7851,18.6746,-1.0825,-0.0398,-2.2828,0.7704,-0.0398,0,0
1789855350.7367,34.2856,-60.7511,-1.0510,0.8235,-0.2101,104,0.0113,35.1084,-62.2979,1.7521,18.6416,-1.0819,-0.0309,-1.7701,0.7770,-0.0309,0,0
1789855350.7864,34.2990,-60.7809,-1.0628,0.8146,-0.2936,104,0.0090,35.1084,-62.2979,1.7194,18.6089,-1.0807,-0.0179,-1.0253,0.7867,-0.0179,0,0
1789855350.8395,34.3183,-60.8254,-1.0797,0.8058,-0.2506,104,0.0049,35.1084,-62.2979,1.6711,18.5605,-1.0783,0.0014,0.0817,0.7989,0.0014,0,0
1789855350.8864,34.3332,-60.8543,-1.0813,0.8130,-0.0389,104,0.0044,35.1084,-62.2979,1.6386,18.5280,-1.0780,0.0033,0.1876,0.7976,0.0033,0,0
1789855350.9366,34.3486,-60.8820,-1.0792,0.7923,0.0519,104,0.0048,35.1084,-62.2979,1.6069,18.4963,-1.0783,0.0009,0.0526,0.7993,0.0009,0,0
1789855350.9910,34.3643,-60.9090,-1.0753,0.7795,0.0984,104,0.0058,35.1084,-62.2979,1.5757,18.4652,-1.0790,-0.0037,-0.2103,0.7973,-0.0037,0,0
1789855351.0368,34.3891,-60.9496,-1.0660,0.7941,0.1594,104,0.0085,35.1084,-62.2979,1.5282,18.4177,-1.0808,-0.0147,-0.8431,0.7891,-0.0147,0,0
1789855351.0864,34.4051,-60.9775,-1.0643,0.8021,0.0440,104,0.0094,35.1084,-62.2979,1.4961,18.3856,-1.0814,-0.0171,-0.9813,0.7873,-0.0171,0,0
1789855351.1363,34.4195,-61.0053,-1.0677,0.7823,-0.0853,104,0.0089,35.1084,-62.2979,1.4648,18.3543,-1.0811,-0.0135,-0.7711,0.7900,-0.0135,0,0
1789855351.1871,34.4331,-61.0330,-1.0729,0.7707,-0.1303,105,0.0087,35.3945,-62.8165,2.0262,18.3235,-1.0764,-0.0035,-0.2012,0.7974,-0.0035,0,0
1789855351.2441,34.4536,-61.0752,-1.0807,0.7839,-0.1321,105,0.0066,35.3945,-62.8165,1.9793,18.2765,-1.0754,0.0053,0.3036,0.7961,0.0053,0,0
1789855351.2876,34.4677,-61.1042,-1.0851,0.8047,-0.1112,105,0.0052,35.3945,-62.8165,1.9471,18.2443,-1.0747,0.0105,0.5990,0.7922,0.0105,0,0
1789855351.3374,34.4823,-61.1339,-1.0887,0.8280,-0.0889,105,0.0038,35.3945,-62.8165,1.9140,18.2111,-1.0740,0.0147,0.8421,0.7891,0.0147,0,0
1789855351.3955,34.5049,-61.1779,-1.0898,0.8230,0.0010,105,0.0028,35.3945,-62.8165,1.8646,18.1617,-1.0734,0.0164,0.9397,0.7878,0.0164,0,0
1789855351.4368,34.5206,-61.2065,-1.0875,0.8170,0.0586,105,0.0029,35.3945,-62.8165,1.8319,18.1291,-1.0735,0.0140,0.8025,0.7896,0.0140,0,0
1789855351.4864,34.5368,-61.2346,-1.0826,0.8109,0.1232,105,0.0038,35.3945,-62.8165,1.7995,18.0967,-1.0740,0.0086,0.4925,0.7936,0.0086,0,0
1789855351.5366,34.5536,-61.2618,-1.0750,0.7954,0.1896,105,0.0056,35.3945,-62.8165,1.7676,18.0649,-1.0750,0.0000,0.0006,0.8000,0.0000,0,0
1789855351.5867,34.5707,-61.2878,-1.0649,0.7759,0.2513,105,0.0083,35.3945,-62.8165,1.7366,18.0339,-1.0765,-0.0116,-0.6649,0.7914,-0.0116,0,0
1789855351.6364,34.5871,-61.3141,-1.0590,0.7748,0.1481,105,0.0102,35.3945,-62.8165,1.7056,18.0030,-1.0777,-0.0187,-1.0705,0.7861,-0.0187,0,0
1789855351.6867,34.6025,-61.3411,-1.0582,0.7771,0.0196,105,0.0109,35.3945,-62.8165,1.6746,17.9720,-1.0782,-0.0199,-1.1428,0.7852,-0.0199,0,0
1789855351.7371,34.6259,-61.3830,-1.0591,0.8021,-0.0217,105,0.0114,35.3945,-62.8165,1.6266,17.9241,-1.0786,-0.0195,-1.1189,0.7855,-0.0195,0,0
1789855351.7864,34.6398,-61.4109,-1.0646,0.7802,-0.1388,105,0.0104,35.3945,-62.8165,1.5954,17.8928,-1.0781,-0.0134,-0.7693,0.7900,-0.0134,0,0
1789855351.8363,34.6520,-61.4392,-1.0759,0.7658,-0.2810,105,0.0077,35.3945,-62.8165,1.5648,17.8621,-1.0764,-0.0005,-0.0300,0.7996,-0.0005,0,0
1789855351.8864,34.6704,-61.4825,-1.0919,0.7837,-0.2339,105,0.0031,35.3945,-62.8165,1.5179,17.8152,-1.0735,0.0184,1.0544,0.7863,0.0184,0,0
1789855351.9365,34.6772,-61.4968,-1.0935,0.7903,-0.1329,105,0.0024,35.3945,-62.8165,1.5021,17.7993,-1.0730,0.0206,1.1789,0.7847,0.0206,0,0
1789855351.9867,34.6990,-61.5391,-1.0938,0.7978,0.0000,106,0.0013,35.6857,-63.3388,2.0524,17.7518,-1.0693,0.0245,1.4028,0.7818,0.0245,0,0
1789855352.0364,34.7065,-61.5534,-1.0934,0.8060,0.0106,106,0.0011,35.6857,-63.3388,2.0362,17.7356,-1.0692,0.0242,1.3867,0.7820,0.0242,0,0
1789855352.0912,34.7305,-61.5942,-1.0843,0.7820,0.1888,106,0.0027,35.6857,-63.3388,1.9889,17.6884,-1.0698,0.0144,0.8264,0.7893,0.0144,0,0
1789855352.1364,34.7476,-61.6180,-1.0692,0.7255,0.3756,106,0.0065,35.6857,-63.3388,1.9599,17.6594,-1.0717,-0.0024,-0.1397,0.7982,-0.0024,0,0
1789855352.1867,34.7656,-61.6428,-1.0548,0.7612,0.3612,106,0.0105,35.6857,-63.3388,1.9295,17.6292,-1.0737,-0.0190,-1.0863,0.7859,-0.0190,0,0
1789855352.2379,34.7926,-61.6826,-1.0412,0.8040,0.2129,106,0.0153,35.6857,-63.3388,1.8816,17.5814,-1.0763,-0.0351,-2.0110,0.7739,-0.0351,0,0
1789855352.2865,34.8003,-61.6962,-1.0421,0.7928,0.0676,106,0.0156,35.6857,-63.3388,1.8660,17.5658,-1.0764,-0.0343,-1.9637,0.7745,-0.0343,0,0
1789855352.3382,34.8129,-61.7239,-1.0537,0.7575,-0.2878,106,0.0135,35.6857,-63.3388,1.8356,17.5354,-1.0753,-0.0217,-1.2408,0.7839,-0.0217,0,0
1789855352.3865,34.8225,-61.7526,-1.0757,0.7433,-0.5500,106,0.0082,35.6857,-63.3388,1.8058,17.5055,-1.0724,0.0033,0.1871,0.7976,0.0033,0,0
1789855352.4364,34.8322,-61.7821,-1.0957,0.7649,-0.5011,106,0.0027,35.6857,-63.3388,1.7753,17.4748,-1.0693,0.0264,1.5136,0.7804,0.0264,0,0
1789855352.4866,34.8432,-61.8118,-1.1097,0.7869,-0.3507,106,-0.0017,35.6857,-63.3388,1.7440,17.4434,-1.0666,0.0431,2.4696,0.7680,0.0431,0,0
1789855352.5370,34.8563,-61.8401,-1.1126,0.7801,-0.0726,106,-0.0037,35.6857,-63.3388,1.7128,17.4122,-1.0653,0.0473,2.7093,0.7649,0.0473,0,0
1789855352.5865,34.8714,-61.8669,-1.1063,0.7679,0.1576,106,-0.0032,35.6857,-63.3388,1.6821,17.3814,-1.0655,0.0408,2.3403,0.7697,0.0408,0,0
1789855352.6364,34.8882,-61.8926,-1.0934,0.7638,0.3229,106,-0.0007,35.6857,-63.3388,1.6514,17.3509,-1.0668,0.0266,1.5234,0.7802,0.0266,0,0
1789855352.6866,34.9061,-61.9169,-1.0756,0.7461,0.4446,106,0.0036,35.6857,-63.3388,1.6215,17.3211,-1.0693,0.0063,0.3635,0.7953,0.0063,0,0
1789855352.7372,34.9246,-61.9415,-1.0587,0.7633,0.4228,106,0.0081,35.6857,-63.3388,1.5910,17.2908,-1.0720,-0.0133,-0.7635,0.7901,-0.0133,0,0
1789855352.7866,34.9418,-61.9664,-1.0486,0.7522,0.2524,106,0.0113,35.6857,-63.3388,1.5610,17.2608,-1.0741,-0.0254,-1.4571,0.7811,-0.0254,0,0
1789855352.8365,34.9569,-61.9915,-1.0465,0.7314,0.0543,106,0.0127,35.6857,-63.3388,1.5318,17.2316,-1.0749,-0.0285,-1.6318,0.7788,-0.0285,0,0
1789855352.8874,34.9719,-62.0181,-1.0477,0.7638,-0.0303,106,0.0132,35.6857,-63.3388,1.5012,17.2011,-1.0753,-0.0276,-1.5834,0.7795,-0.0276,0,0
1789855352.9371,34.9850,-62.0447,-1.0549,0.7415,-0.1819,107,0.0143,35.9670,-63.8441,2.0499,17.1714,-1.0713,-0.0163,-0.9352,0.7879,-0.0163,0,0
1789855352.9864,34.9968,-62.0720,-1.0669,0.7381,-0.2992,107,0.0114,35.9670,-63.8441,2.0203,17.1418,-1.0699,-0.0030,-0.1720,0.7978,-0.0030,0,0
1789855353.0363,35.0069,-62.0989,-1.0822,0.7115,-0.3811,107,0.0074,35.9670,-63.8441,1.9919,17.1132,-1.0679,0.0143,0.8166,0.7894,0.0143,0,0
1789855353.0918,35.0177,-62.1260,-1.0941,0.7250,-0.2989,107,0.0037,35.9670,-63.8441,1.9630,17.0842,-1.0661,0.0281,1.6078,0.7792,0.0281,0,0
1789855353.1369,35.0303,-62.1531,-1.0987,0.7471,-0.1141,107,0.0016,35.9670,-63.8441,1.9331,17.0543,-1.0650,0.0337,1.9310,0.7750,0.0337,0,0
1789855353.1863,35.0442,-62.1804,-1.0987,0.7660,0.0005,107,0.0006,35.9670,-63.8441,1.9025,17.0237,-1.0644,0.0342,1.9610,0.7746,0.0342,0,0
1789855353.2368,35.0593,-62.2075,-1.0945,0.7750,0.1046,107,0.0007,35.9670,-63.8441,1.8715,16.9927,-1.0645,0.0300,1.7195,0.7777,0.0300,0,0
1789855353.2868,35.0840,-62.2469,-1.0805,0.7709,0.2528,107,0.0033,35.9670,-63.8441,1.8250,16.9463,-1.0658,0.0147,0.8409,0.7891,0.0147,0,0
1789855353.3367,35.1012,-62.2720,-1.0678,0.7555,0.3162,107,0.0063,35.9670,-63.8441,1.7948,16.9162,-1.0674,0.0004,0.0217,0.7997,0.0004,0,0
1789855353.3868,35.1180,-62.2974,-1.0589,0.7583,0.2224,107,0.0087,35.9670,-63.8441,1.7644,16.8859,-1.0688,-0.0099,-0.5664,0.7927,-0.0099,0,0
1789855353.4365,35.1332,-62.3238,-1.0578,0.7618,0.0273,107,0.0092,35.9670,-63.8441,1.7340,16.8555,-1.0692,-0.0113,-0.6488,0.7916,-0.0113,0,0
1789855353.4866,35.1470,-62.3488,-1.0587,0.7136,-0.0210,107,0.0092,35.9670,-63.8441,1.7054,16.8270,-1.0692,-0.0105,-0.6042,0.7922,-0.0105,0,0
1789855353.5367,35.1655,-62.3868,-1.0679,0.7067,-0.1784,107,0.0071,35.9670,-63.8441,1.6631,16.7847,-1.0680,-0.0001,-0.0080,0.7999,-0.0001,0,0
1789855353.5864,35.1794,-62.4136,-1.0706,0.7544,-0.0676,107,0.0063,35.9670,-63.8441,1.6330,16.7545,-1.0675,0.0030,0.1738,0.7977,0.0030,0,0
1789855353.6375,35.1943,-62.4398,-1.0686,0.7532,0.0500,107,0.0067,35.9670,-63.8441,1.6028,16.7244,-1.0678,0.0008,0.0432,0.7994,0.0008,0,0
1789855353.6955,35.2090,-62.4654,-1.0665,0.7365,0.0513,107,0.0072,35.9670,-63.8441,1.5734,16.6950,-1.0681,-0.0016,-0.0937,0.7988,-0.0016,0,0
1789855353.7364,35.2305,-62.5035,-1.0650,0.7300,0.0183,107,0.0076,35.9670,-63.8441,1.5296,16.6512,-1.0685,-0.0034,-0.1952,0.7975,-0.0034,0,0
1789855353.7864,35.2377,-62.5163,-1.0645,0.7305,0.0228,107,0.0078,35.9670,-63.8441,1.5150,16.6366,-1.0686,-0.0041,-0.2328,0.7970,-0.0041,0,0
1789855353.8398,35.2597,-62.5545,-1.0621,0.7354,0.0444,108,0.0098,36.2451,-64.3834,2.0775,16.5926,-1.0766,-0.0145,-0.8319,0.7892,-0.0145,0,0
1789855353.8864,35.2746,-62.5800,-1.0597,0.7386,0.0583,108,0.0105,36.2451,-64.3834,2.0480,16.5631,-1.0771,-0.0174,-0.9951,0.7871,-0.0174,0,0
1789855353.9371,35.2898,-62.6055,-1.0568,0.7418,0.0725,108,0.0113,36.2451,-64.3834,2.0183,16.5334,-1.0777,-0.0209,-1.1981,0.7845,-0.0209,0,0
1789855353.9866,35.3124,-62.6437,-1.0537,0.7386,0.0398,108,0.0124,36.2451,-64.3834,1.9740,16.4891,-1.0787,-0.0250,-1.4302,0.7815,-0.0250,0,0
1789855354.0365,35.3266,-62.6693,-1.0550,0.7319,-0.0334,108,0.0123,36.2451,-64.3834,1.9447,16.4599,-1.0789,-0.0238,-1.3650,0.7823,-0.0238,0,0
1789855354.0867,35.3379,-62.6949,-1.0653,0.6966,-0.2557,108,0.0098,36.2451,-64.3834,1.9168,16.4319,-1.0778,-0.0125,-0.7174,0.7907,-0.0125,0,0
1789855354.1365,35.3486,-62.7209,-1.0773,0.6978,-0.3016,108,0.0065,36.2451,-64.3834,1.8889,16.4039,-1.0762,0.0011,0.0615,0.7992,0.0011,0,0
1789855354.1867,35.3615,-62.7470,-1.0812,0.7285,-0.0968,108,0.0050,36.2451,-64.3834,1.8597,16.3748,-1.0757,0.0055,0.3175,0.7959,0.0055,0,0
1789855354.2382,35.3752,-62.7718,-1.0794,0.7082,0.0440,108,0.0049,36.2451,-64.3834,1.8314,16.3465,-1.0758,0.0036,0.2071,0.7973,0.0036,0,0
1789855354.2867,35.3976,-62.8076,-1.0689,0.7017,0.2033,108,0.0070,36.2451,-64.3834,1.7893,16.3044,-1.0773,-0.0084,-0.4805,0.7938,-0.0084,0,0
1789855354.3367,35.4133,-62.8312,-1.0599,0.7057,0.2254,108,0.0093,36.2451,-64.3834,1.7611,16.2763,-1.0788,-0.0189,-1.0837,0.7860,-0.0189,0,0
1789855354.3876,35.4211,-62.8431,-1.0563,0.7093,0.2038,108,0.0102,36.2451,-64.3834,1.7468,16.2621,-1.0795,-0.0233,-1.3325,0.7827,-0.0233,0,0
1789855354.4393,35.4425,-62.8801,-1.0548,0.7127,0.0012,108,0.0109,36.2451,-64.3834,1.7042,16.2195,-1.0804,-0.0256,-1.4658,0.7810,-0.0256,0,0
1789855354.4868,35.4566,-62.9056,-1.0559,0.7305,-0.0266,108,0.0109,36.2451,-64.3834,1.6750,16.1903,-1.0807,-0.0248,-1.4208,0.7816,-0.0248,0,0
1789855354.5393,35.4698,-62.9314,-1.0606,0.7234,-0.1194,108,0.0098,36.2451,-64.3834,1.6460,16.1614,-1.0803,-0.0197,-1.1277,0.7854,-0.0197,0,0
1789855354.5865,35.4873,-62.9706,-1.0745,0.7106,-0.2500,108,0.0060,36.2451,-64.3834,1.6032,16.1185,-1.0785,-0.0040,-0.2281,0.7970,-0.0040,0,0
1789855354.6364,35.4928,-62.9836,-1.0798,0.7041,-0.2628,108,0.0045,36.2451,-64.3834,1.5892,16.1044,-1.0776,0.0021,0.1217,0.7984,0.0021,0,0
1789855354.6867,35.5120,-63.0226,-1.0847,0.7269,-0.0322,108,0.0023,36.2451,-64.3834,1.5458,16.0610,-1.0767,0.0080,0.4596,0.7940,0.0080,0,0
1789855354.7397,35.5259,-63.0489,-1.0847,0.7438,0.0000,108,0.0016,36.2451,-64.3834,1.5160,16.0312,-1.0765,0.0082,0.4688,0.7939,0.0082,0,0
1789855354.7865,35.5400,-63.0755,-1.0847,0.7537,0.0000,108,0.0010,36.2451,-64.3834,1.4859,16.0011,-1.0763,0.0083,0.4784,0.7938,0.0083,0,0
1789855354.8437,35.5545,-63.1020,-1.0832,0.7552,0.0383,109,0.0005,36.5087,-64.9065,2.0412,15.9709,-1.0844,-0.0012,-0.0680,0.7991,-0.0012,0,0
1789855354.8870,35.5693,-63.1282,-1.0802,0.7512,0.0731,109,0.0007,36.5087,-64.9065,2.0112,15.9409,-1.0848,-0.0045,-0.2588,0.7966,-0.0045,0,0
1789855354.9363,35.5836,-63.1547,-1.0797,0.7537,0.0124,109,0.0003,36.5087,-64.9065,1.9810,15.9107,-1.0849,-0.0052,-0.2953,0.7962,-0.0052,0,0
1789855354.9872,35.5976,-63.1809,-1.0797,0.7428,-0.0000,109,-0.0002,36.5087,-64.9065,1.9513,15.8810,-1.0850,-0.0052,-0.2997,0.7961,-0.0052,0,0
1789855355.0365,35.6182,-63.2194,-1.0797,0.7253,0.0000,109,-0.0010,36.5087,-64.9065,1.9077,15.8374,-1.0851,-0.0053,-0.3065,0.7960,-0.0053,0,0
1789855355.0867,35.6318,-63.2450,-1.0797,0.7253,0.0000,109,-0.0015,36.5087,-64.9065,1.8787,15.8084,-1.0852,-0.0054,-0.3112,0.7960,-0.0054,0,0
1789855355.1393,35.6455,-63.2706,-1.0797,0.7253,0.0000,109,-0.0019,36.5087,-64.9065,1.8497,15.7794,-1.0853,-0.0055,-0.3161,0.7959,-0.0055,0,0
1789855355.1867,35.6657,-63.3084,-1.0800,0.7114,-0.0018,109,-0.0027,36.5087,-64.9065,1.8068,15.7366,-1.0854,-0.0054,-0.3086,0.7960,-0.0054,0,0
1789855355.2365,35.6791,-63.3335,-1.0800,0.7110,0.0000,109,-0.0032,36.5087,-64.9065,1.7784,15.7081,-1.0854,-0.0055,-0.3136,0.7959,-0.0055,0,0
1789855355.2868,35.6925,-63.3586,-1.0800,0.7110,0.0000,109,-0.0037,36.5087,-64.9065,1.7500,15.6797,-1.0855,-0.0056,-0.3187,0.7959,-0.0056,0,0
1789855355.3365,35.7059,-63.3837,-1.0800,0.7114,-0.0017,109,-0.0042,36.5087,-64.9065,1.7215,15.6512,-1.0856,-0.0056,-0.3194,0.7959,-0.0056,0,0
1789855355.3867,35.7258,-63.4217,-1.0813,0.7168,-0.0250,109,-0.0053,36.5087,-64.9065,1.6785,15.6083,-1.0856,-0.0043,-0.2450,0.7968,-0.0043,0,0
1789855355.4367,35.7390,-63.4473,-1.0829,0.7204,-0.0410,109,-0.0062,36.5087,-64.9065,1.6497,15.5795,-1.0854,-0.0024,-0.1400,0.7982,-0.0024,0,0
1789855355.4880,35.7522,-63.4733,-1.0848,0.7269,-0.0476,109,-0.0073,36.5087,-64.9065,1.6207,15.5504,-1.0851,-0.0003,-0.0152,0.7998,-0.0003,0,0
1789855355.5363,35.7657,-63.4991,-1.0852,0.7285,-0.0095,109,-0.0081,36.5087,-64.9065,1.5915,15.5213,-1.0850,0.0002,0.0100,0.7999,0.0002,0,0
1789855355.5877,35.7863,-63.5382,-1.0852,0.7395,0.0000,109,-0.0091,36.5087,-64.9065,1.5473,15.4770,-1.0850,0.0002,0.0103,0.7999,0.0002,0,0
1789855355.6367,35.8001,-63.5644,-1.0852,0.7395,0.0000,109,-0.0097,36.5087,-64.9065,1.5177,15.4474,-1.0850,0.0002,0.0106,0.7999,0.0002,0,0
1789855355.6865,35.8209,-63.6038,-1.0852,0.7437,0.0000,110,-0.0196,36.7695,-65.4195,2.0486,15.4029,-1.0894,-0.0042,-0.2386,0.7969,-0.0042,0,0
1789855355.7365,35.8279,-63.6170,-1.0854,0.7481,-0.0044,110,-0.0195,36.7695,-65.4195,2.0337,15.3880,-1.0894,-0.0040,-0.2290,0.7970,-0.0040,0,0
1789855355.7965,35.8415,-63.6431,-1.0857,0.7353,-0.0084,110,-0.0193,36.7695,-65.4195,2.0043,15.3585,-1.0894,-0.0037,-0.2103,0.7973,-0.0037,0,0
1789855355.8363,35.8622,-63.6823,-1.0857,0.7395,0.0000,110,-0.0189,36.7695,-65.4195,1.9599,15.3142,-1.0895,-0.0038,-0.2151,0.7972,-0.0038,0,0
1789855355.8866,35.8691,-63.6954,-1.0857,0.7395,0.0000,110,-0.0188,36.7695,-65.4195,1.9451,15.2994,-1.0895,-0.0038,-0.2167,0.7972,-0.0038,0,0
1789855355.9376,35.8900,-63.7332,-1.0824,0.7151,0.0712,110,-0.0175,36.7695,-65.4195,1.9019,15.2562,-1.0901,-0.0076,-0.4357,0.7944,-0.0076,0,0
1789855355.9866,35.9041,-63.7584,-1.0803,0.7207,0.0548,110,-0.0166,36.7695,-65.4195,1.8730,15.2274,-1.0905,-0.0102,-0.5860,0.7924,-0.0102,0,0
1789855356.0388,35.9179,-63.7837,-1.0793,0.7206,0.0232,110,-0.0159,36.7695,-65.4195,1.8442,15.1986,-1.0908,-0.0115,-0.6562,0.7915,-0.0115,0,0
1789855356.0864,35.9384,-63.8221,-1.0793,0.7253,0.0000,110,-0.0153,36.7695,-65.4195,1.8007,15.1551,-1.0911,-0.0117,-0.6720,0.7913,-0.0117,0,0
1789855356.1363,35.9523,-63.8481,-1.0793,0.7366,0.0000,110,-0.0148,36.7695,-65.4195,1.7712,15.1256,-1.0913,-0.0119,-0.6832,0.7911,-0.0119,0,0
1789855356.1868,35.9661,-63.8741,-1.0798,0.7367,-0.0123,110,-0.0145,36.7695,-65.4195,1.7418,15.0961,-1.0914,-0.0116,-0.6625,0.7914,-0.0116,0,0
1789855356.2394,35.9789,-63.8999,-1.0831,0.7209,-0.0809,110,-0.0149,36.7695,-65.4195,1.7129,15.0673,-1.0911,-0.0080,-0.4592,0.7940,-0.0080,0,0
1789855356.2867,35.9926,-63.9263,-1.0840,0.7414,-0.0225,110,-0.0148,36.7695,-65.4195,1.6833,15.0376,-1.0911,-0.0071,-0.4070,0.7947,-0.0071,0,0
1789855356.3394,35.9998,-63.9393,-1.0830,0.7453,0.0318,110,-0.0144,36.7695,-65.4195,1.6685,15.0228,-1.0913,-0.0082,-0.4721,0.7939,-0.0082,0,0
1789855356.3866,36.0216,-63.9780,-1.0790,0.7412,0.0697,110,-0.0128,36.7695,-65.4195,1.6240,14.9784,-1.0922,-0.0131,-0.7528,0.7902,-0.0131,0,0
1789855356.4363,36.0355,-64.0036,-1.0785,0.7278,0.0136,110,-0.0122,36.7695,-65.4195,1.5949,14.9493,-1.0925,-0.0140,-0.8035,0.7896,-0.0140,0,0
1789855356.4872,36.0484,-64.0291,-1.0808,0.7143,-0.0588,110,-0.0124,36.7695,-65.4195,1.5663,14.9207,-1.0924,-0.0115,-0.6606,0.7914,-0.0115,0,0
1789855356.5373,36.0611,-64.0546,-1.0838,0.7139,-0.0747,110,-0.0128,36.7695,-65.4195,1.5378,14.8922,-1.0921,-0.0082,-0.4718,0.7939,-0.0082,0,0
1789855356.5863,36.0741,-64.0804,-1.0860,0.7207,-0.0547,110,-0.0131,36.7695,-65.4195,1.5090,14.8634,-1.0918,-0.0058,-0.3329,0.7957,-0.0058,0,0
1789855356.6367,36.0872,-64.1062,-1.0877,0.7250,-0.0423,110,-0.0133,36.7695,-65.4195,1.4800,14.8344,-1.0916,-0.0039,-0.2248,0.7971,-0.0039,0,0
1789855356.6867,36.1009,-64.1324,-1.0879,0.7378,-0.0050,111,-0.0159,37.0325,-65.9336,2.0279,14.8048,-1.0935,-0.0056,-0.3185,0.7959,-0.0056,0,0
1789855356.7366,36.1150,-64.1584,-1.0861,0.7405,0.0454,111,-0.0149,37.0325,-65.9336,1.9983,14.7752,-1.0938,-0.0077,-0.4412,0.7943,-0.0077,0,0
1789855356.7874,36.1223,-64.1713,-1.0846,0.7366,0.0747,111,-0.0143,37.0325,-65.9336,1.9835,14.7605,-1.0940,-0.0094,-0.5414,0.7930,-0.0094,0,0
1789855356.8396,36.1438,-64.2097,-1.0806,0.7323,0.0622,111,-0.0123,37.0325,-65.9336,1.9395,14.7165,-1.0948,-0.0142,-0.8144,0.7894,-0.0142,0,0
1789855356.8867,36.1578,-64.2353,-1.0797,0.7300,0.0220,111,-0.0114,37.0325,-65.9336,1.9103,14.6873,-1.0952,-0.0154,-0.8846,0.7885,-0.0154,0,0
1789855356.9373,36.1709,-64.2610,-1.0816,0.7216,-0.0462,111,-0.0112,37.0325,-65.9336,1.8815,14.6585,-1.0951,-0.0136,-0.7773,0.7899,-0.0136,0,0
1789855356.9863,36.1774,-64.2739,-1.0831,0.7216,-0.0647,111,-0.0112,37.0325,-65.9336,1.8671,14.6441,-1.0950,-0.0120,-0.6859,0.7911,-0.0120,0,0
1789855357.0369,36.1902,-64.3000,-1.0864,0.7269,-0.0825,111,-0.0115,37.0325,-65.9336,1.8380,14.6150,-1.0948,-0.0084,-0.4801,0.7938,-0.0084,0,0
1789855357.0865,36.2030,-64.3264,-1.0901,0.7323,-0.0931,111,-0.0120,37.0325,-65.9336,1.8087,14.5857,-1.0943,-0.0042,-0.2429,0.7969,-0.0042,0,0
1789855357.1399,36.2159,-64.3533,-1.0936,0.7466,-0.0871,111,-0.0125,37.0325,-65.9336,1.7788,14.5558,-1.0939,-0.0003,-0.0169,0.7998,-0.0003,0,0
1789855357.1869,36.2360,-64.3948,-1.0980,0.7708,-0.0747,111,-0.0133,37.0325,-65.9336,1.7327,14.5097,-1.0932,0.0048,0.2748,0.7964,0.0048,0,0
1789855357.2368,36.2495,-64.4230,-1.1010,0.7822,-0.0749,111,-0.0139,37.0325,-65.9336,1.7014,14.4784,-1.0926,0.0084,0.4788,0.7938,0.0084,0,0
1789855357.2867,36.2634,-64.4515,-1.1029,0.7906,-0.0480,111,-0.0143,37.0325,-65.9336,1.6698,14.4468,-1.0921,0.0107,0.6159,0.7920,0.0107,0,0
1789855357.3399,36.2778,-64.4794,-1.1020,0.7852,0.0234,111,-0.0140,37.0325,-65.9336,1.6384,14.4154,-1.0921,0.0099,0.5655,0.7927,0.0099,0,0
1789855357.3865,36.3001,-64.5209,-1.0980,0.7857,0.0726,111,-0.0128,37.0325,-65.9336,1.5913,14.3682,-1.0925,0.0055,0.3144,0.7959,0.0055,0,0
1789855357.4363,36.3149,-64.5488,-1.0960,0.7892,0.0498,111,-0.0121,37.0325,-65.9336,1.5597,14.3367,-1.0927,0.0033,0.1867,0.7976,0.0033,0,0
1789855357.4865,36.3367,-64.5911,-1.0960,0.7935,-0.0040,111,-0.0117,37.0325,-65.9336,1.5121,14.2891,-1.0926,0.0034,0.1920,0.7975,0.0034,0,0
1789855357.5363,36.3438,-64.6051,-1.0960,0.7867,-0.0050,111,-0.0116,37.0325,-65.9336,1.4964,14.2734,-1.0926,0.0034,0.1965,0.7975,0.0034,0,0
1789855357.5868,36.3582,-64.6329,-1.0960,0.7821,0.0000,111,-0.0113,37.0325,-65.9336,1.4651,14.2421,-1.0925,0.0035,0.2008,0.7974,0.0035,0,0
1789855357.6385,36.3725,-64.6607,-1.0960,0.7821,0.0000,112,-0.0101,37.2965,-66.4489,2.0128,14.2108,-1.0938,0.0022,0.1259,0.7984,0.0022,0,0
1789855357.6872,36.3938,-64.7022,-1.0960,0.7793,0.0000,112,-0.0099,37.2965,-66.4489,1.9662,14.1642,-1.0938,0.0023,0.1290,0.7983,0.0023,0,0
1789855357.7385,36.4081,-64.7300,-1.0960,0.7821,0.0000,112,-0.0098,37.2965,-66.4489,1.9349,14.1329,-1.0937,0.0023,0.1311,0.7983,0.0023,0,0
1789855357.7868,36.4224,-64.7579,-1.0960,0.7821,0.0000,112,-0.0096,37.2965,-66.4489,1.9036,14.1016,-1.0937,0.0023,0.1332,0.7983,0.0023,0,0
1789855357.8366,36.4367,-64.7857,-1.0960,0.7821,0.0000,112,-0.0095,37.2965,-66.4489,1.8723,14.0703,-1.0937,0.0024,0.1354,0.7982,0.0024,0,0
1789855357.8862,36.4514,-64.8120,-1.0919,0.7535,0.1023,112,-0.0083,37.2965,-66.4489,1.8422,14.0402,-1.0942,-0.0023,-0.1306,0.7983,-0.0023,0,0
1789855357.9369,36.4668,-64.8383,-1.0863,0.7615,0.1396,112,-0.0065,37.2965,-66.4489,1.8117,14.0098,-1.0951,-0.0087,-0.5006,0.7935,-0.0087,0,0
1789855357.9863,36.4825,-64.8649,-1.0808,0.7710,0.1375,112,-0.0046,37.2965,-66.4489,1.7809,13.9790,-1.0961,-0.0152,-0.8721,0.7887,-0.0152,0,0
1789855358.0363,36.4985,-64.8920,-1.0757,0.7847,0.1290,112,-0.0026,37.2965,-66.4489,1.7495,13.9476,-1.0971,-0.0215,-1.2292,0.7841,-0.0215,0,0
1789855358.0865,36.5066,-64.9057,-1.0732,0.7931,0.1223,112,-0.0015,37.2965,-66.4489,1.7337,13.9317,-1.0977,-0.0245,-1.4009,0.7818,-0.0245,0,0
1789855358.1386,36.5221,-64.9333,-1.0718,0.7925,0.0365,112,-0.0003,37.2965,-66.4489,1.7020,13.9001,-1.0984,-0.0266,-1.5243,0.7802,-0.0266,0,0
1789855358.1869,36.5441,-64.9755,-1.0748,0.7918,-0.0697,112,0.0003,37.2965,-66.4489,1.6544,13.8525,-1.0987,-0.0239,-1.3704,0.7822,-0.0239,0,0
1789855358.2365,36.5579,-65.0040,-1.0803,0.7903,-0.1381,112,-0.0004,37.2965,-66.4489,1.6228,13.8209,-1.0982,-0.0179,-1.0280,0.7867,-0.0179,0,0
1789855358.2888,36.5717,-65.0326,-1.0852,0.7927,-0.1220,112,-0.0010,37.2965,-66.4489,1.5911,13.7891,-1.0978,-0.0126,-0.7214,0.7906,-0.0126,0,0
1789855358.3365,36.5937,-65.0750,-1.0862,0.7955,0.0016,112,-0.0006,37.2965,-66.4489,1.5433,13.7414,-1.0979,-0.0117,-0.6729,0.7913,-0.0117,0,0
1789855358.3868,36.6075,-65.1020,-1.0876,0.7603,-0.0343,112,-0.0005,37.2965,-66.4489,1.5129,13.7110,-1.0979,-0.0104,-0.5947,0.7923,-0.0104,0,0
1789855358.4366,36.6205,-65.1292,-1.0919,0.7514,-0.1084,112,-0.0013,37.2965,-66.4489,1.4828,13.6809,-1.0974,-0.0055,-0.3131,0.7959,-0.0055,0,0
1789855358.4868,36.6338,-65.1570,-1.0955,0.7715,-0.0906,112,-0.0020,37.2965,-66.4489,1.4519,13.6500,-1.0968,-0.0013,-0.0734,0.7990,-0.0013,0,0
1789855358.5364,36.6547,-65.2001,-1.0997,0.8016,-0.0666,113,-0.0023,37.5621,-66.9643,1.9839,13.6022,-1.0957,0.0040,0.2268,0.7971,0.0040,0,0
1789855358.5865,36.6688,-65.2294,-1.1023,0.8153,-0.0641,113,-0.0031,37.5621,-66.9643,1.9513,13.5696,-1.0953,0.0069,0.3979,0.7948,0.0069,0,0
1789855358.6365,36.6835,-65.2593,-1.1037,0.8304,-0.0360,113,-0.0036,37.5621,-66.9643,1.9181,13.5364,-1.0950,0.0087,0.4993,0.7935,0.0087,0,0
1789855358.6867,36.7063,-65.3032,-1.1016,0.8251,0.0486,113,-0.0033,37.5621,-66.9643,1.8686,13.4869,-1.0951,0.0065,0.3746,0.7951,0.0065,0,0
1789855358.7398,36.7219,-65.3322,-1.0983,0.8244,0.0813,113,-0.0026,37.5621,-66.9643,1.8357,13.4539,-1.0954,0.0029,0.1675,0.7978,0.0029,0,0
1789855358.7884,36.7380,-65.3607,-1.0933,0.8172,0.1253,113,-0.0012,37.5621,-66.9643,1.8030,13.4213,-1.0961,-0.0028,-0.1595,0.7979,-0.0028,0,0
1789855358.8363,36.7628,-65.4014,-1.0814,0.7873,0.2074,113,0.0023,37.5621,-66.9643,1.7555,13.3738,-1.0981,-0.0167,-0.9562,0.7876,-0.0167,0,0
1789855358.8868,36.7709,-65.4150,-1.0785,0.7882,0.1728,113,0.0033,37.5621,-66.9643,1.7396,13.3580,-1.0987,-0.0201,-1.1538,0.7850,-0.0201,0,0
1789855358.9427,36.7938,-65.4564,-1.0765,0.7854,0.0054,113,0.0048,37.5621,-66.9643,1.6924,13.3107,-1.0996,-0.0231,-1.3236,0.7828,-0.0231,0,0
1789855358.9864,36.8014,-65.4705,-1.0765,0.7978,0.0000,113,0.0052,37.5621,-66.9643,1.6763,13.2946,-1.0998,-0.0233,-1.3363,0.7827,-0.0233,0,0
1789855359.0394,36.8245,-65.5137,-1.0770,0.8180,-0.0120,113,0.0061,37.5621,-66.9643,1.6274,13.2457,-1.1004,-0.0235,-1.3447,0.7826,-0.0235,0,0
1789855359.0867,36.8394,-65.5426,-1.0794,0.8120,-0.0600,113,0.0061,37.5621,-66.9643,1.5949,13.2132,-1.1005,-0.0211,-1.2114,0.7843,-0.0211,0,0
1789855359.1364,36.8610,-65.5859,-1.0843,0.8067,-0.0845,113,0.0057,37.5621,-66.9643,1.5464,13.1648,-1.1003,-0.0160,-0.9186,0.7881,-0.0160,0,0
1789855359.1864,36.8740,-65.6143,-1.0910,0.7801,-0.1680,113,0.0043,37.5621,-66.9643,1.5152,13.1336,-1.0994,-0.0085,-0.4843,0.7937,-0.0085,0,0
1789855359.2401,36.8801,-65.6284,-1.0953,0.7697,-0.2080,113,0.0033,37.5621,-66.9643,1.4999,13.1182,-1.0988,-0.0034,-0.1954,0.7975,-0.0034,0,0
1789855359.2864,36.8996,-65.6712,-1.1029,0.7821,-0.0994,113,0.0012,37.5621,-66.9643,1.4529,13.0713,-1.0974,0.0055,0.3173,0.7959,0.0055,0,0
1789855359.3366,36.9140,-65.6999,-1.1033,0.8020,-0.0100,114,0.0012,37.8294,-67.4816,2.0032,13.0392,-1.0962,0.0071,0.4069,0.7947,0.0071,0,0
1789855359.3872,36.9290,-65.7295,-1.1033,0.8291,0.0000,114,0.0010,37.8294,-67.4816,1.9700,13.0060,-1.0961,0.0072,0.4137,0.7946,0.0072,0,0
1789855359.4362,36.9442,-65.7590,-1.1024,0.8308,0.0241,114,0.0010,37.8294,-67.4816,1.9368,12.9728,-1.0961,0.0063,0.3582,0.7954,0.0063,0,0
1789855359.4864,36.9602,-65.7854,-1.0935,0.7706,0.2221,114,0.0032,37.8294,-67.4816,1.9059,12.9420,-1.0972,-0.0038,-0.2166,0.7972,-0.0038,0,0
1789855359.5425,36.9773,-65.8115,-1.0815,0.7769,0.3004,114,0.0066,37.8294,-67.4816,1.8749,12.9110,-1.0990,-0.0176,-1.0077,0.7869,-0.0176,0,0
1789855359.5866,36.9942,-65.8386,-1.0736,0.7944,0.1964,114,0.0092,37.8294,-67.4816,1.8432,12.8793,-1.1005,-0.0269,-1.5418,0.7800,-0.0269,0,0
1789855359.6366,37.0097,-65.8663,-1.0719,0.7946,0.0427,114,0.0105,37.8294,-67.4816,1.8114,12.8475,-1.1012,-0.0294,-1.6817,0.7782,-0.0294,0,0
1789855359.6866,37.0332,-65.9094,-1.0722,0.8230,-0.0087,114,0.0116,37.8294,-67.4816,1.7623,12.7984,-1.1020,-0.0298,-1.7058,0.7779,-0.0298,0,0
1789855359.7364,37.0480,-65.9388,-1.0758,0.8214,-0.0901,114,0.0115,37.8294,-67.4816,1.7294,12.7655,-1.1020,-0.0262,-1.4996,0.7806,-0.0262,0,0
1789855359.7873,37.0617,-65.9684,-1.0833,0.8145,-0.1874,114,0.0102,37.8294,-67.4816,1.6968,12.7329,-1.1013,-0.0180,-1.0309,0.7866,-0.0180,0,0
1789855359.8379,37.0753,-65.9981,-1.0903,0.8162,-0.1745,114,0.0087,37.8294,-67.4816,1.6642,12.7003,-1.1005,-0.0102,-0.5859,0.7924,-0.0102,0,0
1789855359.8866,37.0979,-66.0424,-1.0919,0.8281,0.0000,114,0.0086,37.8294,-67.4816,1.6145,12.6506,-1.1006,-0.0087,-0.4985,0.7935,-0.0087,0,0
1789855359.9364,37.1123,-66.0709,-1.0934,0.8001,-0.0391,114,0.0084,37.8294,-67.4816,1.5825,12.6186,-1.1005,-0.0071,-0.4042,0.7948,-0.0071,0,0
1789855359.9884,37.1268,-66.0993,-1.0938,0.7964,-0.0079,114,0.0084,37.8294,-67.4816,1.5506,12.5867,-1.1006,-0.0068,-0.3910,0.7949,-0.0068,0,0
1789855360.0370,37.1415,-66.1274,-1.0931,0.7924,0.0173,114,0.0087,37.8294,-67.4816,1.5189,12.5550,-1.1008,-0.0078,-0.4457,0.7942,-0.0078,0,0
1789855360.0866,37.1566,-66.1555,-1.0913,0.7975,0.0448,114,0.0093,37.8294,-67.4816,1.4871,12.5232,-1.1013,-0.0101,-0.5766,0.7925,-0.0101,0,0
1789855360.1380,37.1719,-66.1836,-1.0893,0.7992,0.0498,114,0.0100,37.8294,-67.4816,1.4551,12.4912,-1.1019,-0.0126,-0.7246,0.7906,-0.0126,0,0
1789855360.1881,37.1868,-66.2115,-1.0880,0.7926,0.0307,115,0.0112,38.0959,-67.9981,2.0046,12.4595,-1.1001,-0.0121,-0.6910,0.7910,-0.0121,0,0
1789855360.2367,37.2089,-66.2535,-1.0878,0.7935,0.0000,115,0.0116,38.0959,-67.9981,1.9571,12.4121,-1.1004,-0.0126,-0.7231,0.7906,-0.0126,0,0
1789855360.2868,37.2237,-66.2817,-1.0878,0.7961,-0.0000,115,0.0118,38.0959,-67.9981,1.9253,12.3802,-1.1006,-0.0128,-0.7350,0.7905,-0.0128,0,0
1789855360.3366,37.2387,-66.3103,-1.0878,0.8074,-0.0000,115,0.0121,38.0959,-67.9981,1.8930,12.3479,-1.1009,-0.0130,-0.7475,0.7903,-0.0130,0,0
1789855360.3865,37.2613,-66.3534,-1.0878,0.8102,-0.0000,115,0.0124,38.0959,-67.9981,1.8444,12.2993,-1.1012,-0.0134,-0.7671,0.7901,-0.0134,0,0
1789855360.4378,37.2763,-66.3821,-1.0878,0.8102,-0.0000,115,0.0126,38.0959,-67.9981,1.8120,12.2669,-1.1014,-0.0136,-0.7807,0.7899,-0.0136,0,0
1789855360.4888,37.2916,-66.4111,-1.0877,0.8187,0.0040,115,0.0129,38.0959,-67.9981,1.7793,12.2342,-1.1017,-0.0141,-0.8057,0.7896,-0.0141,0,0
1789855360.5365,37.3145,-66.4546,-1.0874,0.8190,0.0050,115,0.0133,38.0959,-67.9981,1.7301,12.1850,-1.1022,-0.0147,-0.8442,0.7891,-0.0147,0,0
1789855360.5866,37.3298,-66.4835,-1.0872,0.8191,0.0054,115,0.0137,38.0959,-67.9981,1.6974,12.1523,-1.1025,-0.0153,-0.8748,0.7887,-0.0153,0,0
1789855360.6392,37.3451,-66.5127,-1.0872,0.8244,0.0000,115,0.0139,38.0959,-67.9981,1.6644,12.1193,-1.1028,-0.0156,-0.8922,0.7884,-0.0156,0,0
1789855360.6864,37.3604,-66.5419,-1.0872,0.8244,0.0000,115,0.0142,38.0959,-67.9981,1.6314,12.0864,-1.1031,-0.0159,-0.9102,0.7882,-0.0159,0,0
1789855360.7367,37.3834,-66.5857,-1.0872,0.8244,0.0000,115,0.0146,38.0959,-67.9981,1.5820,12.0369,-1.1036,-0.0164,-0.9387,0.7878,-0.0164,0,0
1789855360.7864,37.3988,-66.6149,-1.0872,0.8244,0.0000,115,0.0148,38.0959,-67.9981,1.5490,12.0039,-1.1039,-0.0167,-0.9587,0.7876,-0.0167,0,0
1789855360.8365,37.4218,-66.6586,-1.0867,0.8230,0.0120,115,0.0153,38.0959,-67.9981,1.4996,11.9545,-1.1046,-0.0178,-1.0226,0.7867,-0.0178,0,0
1789855360.8866,37.4296,-66.6731,-1.0862,0.8231,0.0254,115,0.0156,38.0959,-67.9981,1.4831,11.9380,-1.1049,-0.0187,-1.0722,0.7861,-0.0187,0,0
1789855360.9368,37.4534,-66.7167,-1.0834,0.8287,0.0497,116,0.0171,38.3464,-68.5368,2.0274,11.8884,-1.1147,-0.0313,-1.7915,0.7768,-0.0313,0,0
1789855360.9864,37.4747,-66.7600,-1.0892,0.7927,-0.1595,116,0.0161,38.3464,-68.5368,1.9791,11.8402,-1.1147,-0.0255,-1.4607,0.7811,-0.0255,0,0
1789855361.0366,37.4867,-66.7891,-1.0997,0.7836,-0.2616,116,0.0135,38.3464,-68.5368,1.9477,11.8088,-1.1137,-0.0140,-0.8017,0.7896,-0.0140,0,0
1789855361.0867,37.4985,-66.8184,-1.1098,0.7880,-0.2537,116,0.0105,38.3464,-68.5368,1.9162,11.7773,-1.1125,-0.0026,-0.1514,0.7980,-0.0026,0,0
1789855361.1364,37.5122,-66.8474,-1.1124,0.8012,-0.0638,116,0.0093,38.3464,-68.5368,1.8841,11.7452,-1.1121,0.0002,0.0142,0.7998,0.0002,0,0
1789855361.1866,37.5267,-66.8757,-1.1104,0.7943,0.0496,116,0.0092,38.3464,-68.5368,1.8524,11.7135,-1.1124,-0.0020,-0.1154,0.7985,-0.0020,0,0
1789855361.2365,37.5506,-66.9171,-1.0993,0.7973,0.2066,116,0.0115,38.3464,-68.5368,1.8046,11.6657,-1.1141,-0.0148,-0.8492,0.7890,-0.0148,0,0
1789855361.2864,37.5673,-66.9446,-1.0906,0.8008,0.2187,116,0.0137,38.3464,-68.5368,1.7727,11.6337,-1.1158,-0.0252,-1.4423,0.7813,-0.0252,0,0
1789855361.3366,37.5832,-66.9722,-1.0859,0.7967,0.1177,116,0.0151,38.3464,-68.5368,1.7408,11.6019,-1.1170,-0.0311,-1.7811,0.7769,-0.0311,0,0
1789855361.3865,37.6058,-67.0152,-1.0858,0.8183,-0.0027,116,0.0155,38.3464,-68.5368,1.6923,11.5533,-1.1179,-0.0321,-1.8383,0.7762,-0.0321,0,0
1789855361.4366,37.6132,-67.0298,-1.0869,0.8212,-0.0307,116,0.0153,38.3464,-68.5368,1.6759,11.5369,-1.1180,-0.0311,-1.7822,0.7769,-0.0311,0,0
1789855361.4870,37.6270,-67.0592,-1.0923,0.8093,-0.1345,116,0.0141,38.3464,-68.5368,1.6435,11.5045,-1.1177,-0.0255,-1.4587,0.7811,-0.0255,0,0
1789855361.5395,37.6394,-67.0886,-1.1018,0.7974,-0.2381,116,0.0116,38.3464,-68.5368,1.6116,11.4726,-1.1167,-0.0148,-0.8507,0.7890,-0.0148,0,0
1789855361.5863,37.6565,-67.1327,-1.1183,0.7840,-0.2648,116,0.0066,38.3464,-68.5368,1.5645,11.4256,-1.1142,0.0042,0.2396,0.7969,0.0042,0,0
1789855361.6373,37.6691,-67.1615,-1.1230,0.7860,-0.1165,116,0.0046,38.3464,-68.5368,1.5331,11.3941,-1.1132,0.0098,0.5592,0.7927,0.0098,0,0
1789855361.6867,37.6835,-67.1915,-1.1231,0.8319,-0.0035,116,0.0036,38.3464,-68.5368,1.4998,11.3609,-1.1130,0.0101,0.5813,0.7925,0.0101,0,0
1789855361.7364,37.6985,-67.2226,-1.1229,0.8635,0.0046,117,0.0025,38.6046,-69.0705,2.0581,11.3263,-1.1149,0.0081,0.4615,0.7940,0.0081,0,0
1789855361.7958,37.7141,-67.2534,-1.1202,0.8619,0.0693,117,0.0022,38.6046,-69.0705,2.0236,11.2918,-1.1151,0.0051,0.2896,0.7962,0.0051,0,0
1789855361.8377,37.7300,-67.2839,-1.1164,0.8603,0.0934,117,0.0023,38.6046,-69.0705,1.9892,11.2574,-1.1155,0.0009,0.0514,0.7993,0.0009,0,0
1789855361.8867,37.7457,-67.3147,-1.1141,0.8639,0.0591,117,0.0022,38.6046,-69.0705,1.9546,11.2229,-1.1159,-0.0018,-0.1023,0.7987,-0.0018,0,0
1789855361.9364,37.7691,-67.3596,-1.1095,0.8328,0.1075,117,0.0024,38.6046,-69.0705,1.9040,11.1723,-1.1165,-0.0070,-0.4020,0.7948,-0.0070,0,0
1789855361.9918,37.7853,-67.3878,-1.1024,0.8130,0.1773,117,0.0039,38.6046,-69.0705,1.8715,11.1397,-1.1177,-0.0153,-0.8743,0.7887,-0.0153,0,0
1789855362.0363,37.8013,-67.4164,-1.0975,0.8190,0.1243,117,0.0050,38.6046,-69.0705,1.8388,11.1070,-1.1187,-0.0212,-1.2169,0.7842,-0.0212,0,0
1789855362.0867,37.8167,-67.4456,-1.0960,0.8247,0.0372,117,0.0053,38.6046,-69.0705,1.8058,11.0740,-1.1193,-0.0233,-1.3375,0.7827,-0.0233,0,0
1789855362.1396,37.8320,-67.4754,-1.0960,0.8362,0.0000,117,0.0052,38.6046,-69.0705,1.7724,11.0406,-1.1198,-0.0238,-1.3627,0.7823,-0.0238,0,0
1789855362.1868,37.8546,-67.5204,-1.0980,0.8383,-0.0436,117,0.0046,38.6046,-69.0705,1.7220,10.9902,-1.1201,-0.0222,-1.2710,0.7835,-0.0222,0,0
1789855362.2366,37.8691,-67.5506,-1.1011,0.8375,-0.0788,117,0.0036,38.6046,-69.0705,1.6885,10.9567,-1.1201,-0.0190,-1.0868,0.7859,-0.0190,0,0
1789855362.2867,37.8837,-67.5808,-1.1033,0.8376,-0.0540,117,0.0028,38.6046,-69.0705,1.6550,10.9232,-1.1201,-0.0168,-0.9646,0.7875,-0.0168,0,0
1789855362.3364,37.8984,-67.6109,-1.1050,0.8377,-0.0443,117,0.0021,38.6046,-69.0705,1.6215,10.8896,-1.1202,-0.0151,-0.8663,0.7888,-0.0151,0,0
1789855362.3871,37.9102,-67.6398,-1.1142,0.7778,-0.2276,117,-0.0007,38.6046,-69.0705,1.5903,10.8585,-1.1189,-0.0048,-0.2741,0.7964,-0.0048,0,0
1789855362.4372,37.9215,-67.6698,-1.1256,0.7997,-0.2862,117,-0.0044,38.6046,-69.0705,1.5584,10.8266,-1.1170,0.0086,0.4903,0.7936,0.0086,0,0
1789855362.4867,37.9415,-67.7141,-1.1291,0.8042,0.0106,117,-0.0070,38.6046,-69.0705,1.5098,10.7780,-1.1161,0.0130,0.7451,0.7903,0.0130,0,0
1789855362.5364,37.9561,-67.7418,-1.1238,0.7813,0.1321,117,-0.0067,38.6046,-69.0705,1.4785,10.7468,-1.1168,0.0070,0.4034,0.7948,0.0070,0,0
1789855362.5864,37.9720,-67.7685,-1.1134,0.7748,0.2609,118,-0.0155,38.8604,-69.6008,2.0363,10.7157,-1.1194,-0.0060,-0.3435,0.7955,-0.0060,0,0
1789855362.6378,37.9889,-67.7954,-1.1013,0.7914,0.3019,118,-0.0116,38.8604,-69.6008,2.0047,10.6841,-1.1211,-0.0198,-1.1343,0.7853,-0.0198,0,0
1789855362.6873,38.0053,-67.8233,-1.0939,0.8058,0.1849,118,-0.0084,38.8604,-69.6008,1.9725,10.6519,-1.1224,-0.0285,-1.6354,0.7788,-0.0285,0,0
1789855362.7384,38.0206,-67.8521,-1.0928,0.8151,0.0260,118,-0.0068,38.8604,-69.6008,1.9399,10.6193,-1.1231,-0.0302,-1.7312,0.7776,-0.0302,0,0
1789855362.7868,38.0417,-67.8967,-1.0994,0.8232,-0.1373,118,-0.0064,38.8604,-69.6008,1.8905,10.5699,-1.1229,-0.0235,-1.3486,0.7825,-0.0235,0,0
1789855362.8368,38.0543,-67.9269,-1.1085,0.8152,-0.2291,118,-0.0077,38.8604,-69.6008,1.8579,10.5373,-1.1220,-0.0135,-0.7710,0.7900,-0.0135,0,0
1789855362.8913,38.0543,-67.9269,-1.1085,0.8152,-0.2291,118,-0.0077,38.8604,-69.6008,1.8579,10.5373,-1.1220,-0.0135,-0.7710,0.7900,-0.0135,0,0
1789855362.9369,38.0656,-67.9571,-1.1210,0.8039,-0.3107,118,-0.0102,38.8604,-69.6008,1.8257,10.5052,-1.1204,0.0006,0.0326,0.7996,0.0006,0,0
1789855362.9874,38.0713,-67.9723,-1.1265,0.8016,-0.3023,118,-0.0114,38.8604,-69.6008,1.8096,10.4891,-1.1196,0.0070,0.3990,0.7948,0.0070,0,0
1789855363.0365,38.0906,-68.0170,-1.1327,0.8146,-0.0449,118,-0.0128,38.8604,-69.6008,1.7609,10.4404,-1.1184,0.0143,0.8182,0.7894,0.0143,0,0
1789855363.0930,38.1049,-68.0475,-1.1327,0.8404,0.0000,118,-0.0127,38.8604,-69.6008,1.7273,10.4068,-1.1181,0.0146,0.8341,0.7892,0.0146,0,0
1789855363.1366,38.1197,-68.0784,-1.1313,0.8567,0.0326,118,-0.0122,38.8604,-69.6008,1.6930,10.3726,-1.1180,0.0133,0.7645,0.7901,0.0133,0,0
1789855363.2022,38.1352,-68.1087,-1.1272,0.8516,0.1041,118,-0.0110,38.8604,-69.6008,1.6590,10.3385,-1.1184,0.0088,0.5028,0.7935,0.0088,0,0
1789855363.2372,38.1432,-68.1238,-1.1246,0.8528,0.1225,118,-0.0101,38.8604,-69.6008,1.6419,10.3214,-1.1187,0.0059,0.3370,0.7956,0.0059,0,0
1789855363.2865,38.1588,-68.1542,-1.1209,0.8543,0.0933,118,-0.0087,38.8604,-69.6008,1.6077,10.2872,-1.1192,0.0016,0.0938,0.7988,0.0016,0,0
1789855363.3384,38.1665,-68.1698,-1.1205,0.8622,0.0470,118,-0.0084,38.8604,-69.6008,1.5904,10.2699,-1.1193,0.0012,0.0672,0.7991,0.0012,0,0
1789855363.3872,38.1887,-68.2159,-1.1205,0.8494,-0.0000,118,-0.0076,38.8604,-69.6008,1.5392,10.2187,-1.1192,0.0012,0.0715,0.7991,0.0012,0,0
1789855363.4363,38.2034,-68.2461,-1.1205,0.8390,0.0000,118,-0.0071,38.8604,-69.6008,1.5056,10.1851,-1.1192,0.0013,0.0731,0.7991,0.0013,0,0
1789855363.4865,38.2179,-68.2761,-1.1204,0.8346,0.0022,119,-0.0021,39.1173,-70.1294,2.0600,10.1518,-1.1190,0.0014,0.0821,0.7989,0.0014,0,0
1789855363.5399,38.2330,-68.3050,-1.1168,0.8142,0.0906,119,-0.0011,39.1173,-70.1294,2.0274,10.1192,-1.1194,-0.0027,-0.1519,0.7980,-0.0027,0,0
1789855363.5867,38.2552,-68.3485,-1.1135,0.8134,0.0498,119,-0.0000,39.1173,-70.1294,1.9786,10.0704,-1.1200,-0.0065,-0.3703,0.7952,-0.0065,0,0
1789855363.6397,38.2698,-68.3776,-1.1127,0.8148,0.0206,119,0.0004,39.1173,-70.1294,1.9460,10.0378,-1.1202,-0.0075,-0.4303,0.7944,-0.0075,0,0
1789855363.6864,38.2907,-68.4215,-1.1150,0.8073,-0.0591,119,0.0002,39.1173,-70.1294,1.8973,9.9891,-1.1201,-0.0050,-0.2872,0.7963,-0.0050,0,0
1789855363.7367,38.3035,-68.4508,-1.1202,0.7977,-0.1302,119,-0.0011,39.1173,-70.1294,1.8654,9.9572,-1.1194,0.0009,0.0495,0.7994,0.0009,0,0
1789855363.7867,38.3164,-68.4805,-1.1253,0.8084,-0.1273,119,-0.0025,39.1173,-70.1294,1.8331,9.9249,-1.1186,0.0067,0.3852,0.7950,0.0067,0,0
1789855366.2924,38.3294,-68.5108,-1.1300,0.8243,-0.1161,119,-0.0039,39.1173,-70.1294,1.8001,9.8920,-1.1178,0.0122,0.6985,0.7909,0.0122,0,0
1789855366.3419,38.3426,-68.5416,-1.1345,0.8366,-0.1138,119,-0.0055,39.1173,-70.1294,1.7667,9.8586,-1.1169,0.0177,1.0125,0.7869,0.0177,0,0
1789855366.3955,38.3559,-68.5727,-1.1386,0.8452,-0.1013,119,-0.0071,39.1173,-70.1294,1.7329,9.8248,-1.1159,0.0227,1.3012,0.7831,0.0227,0,0
1789855366.4422,38.3699,-68.6033,-1.1388,0.8414,-0.0049,119,-0.0077,39.1173,-70.1294,1.6993,9.7912,-1.1154,0.0234,1.3403,0.7826,0.0234,0,0
1789855366.4937,38.3846,-68.6334,-1.1362,0.8383,0.0653,119,-0.0077,39.1173,-70.1294,1.6657,9.7576,-1.1153,0.0208,1.1933,0.7845,0.0208,0,0
1789855366.5424,38.4076,-68.6773,-1.1274,0.8197,0.1612,119,-0.0060,39.1173,-70.1294,1.6162,9.7081,-1.1162,0.0112,0.6418,0.7917,0.0112,0,0
1789855366.5944,38.4153,-68.6916,-1.1243,0.8084,0.1598,119,-0.0053,39.1173,-70.1294,1.6000,9.6919,-1.1166,0.0077,0.4435,0.7943,0.0077,0,0
1789855366.6422,38.4378,-68.7355,-1.1198,0.8286,0.0482,119,-0.0042,39.1173,-70.1294,1.5506,9.6425,-1.1172,0.0025,0.1461,0.7981,0.0025,0,0
1789855366.6921,38.4520,-68.7649,-1.1199,0.8150,-0.0047,119,-0.0043,39.1173,-70.1294,1.5180,9.6099,-1.1171,0.0028,0.1619,0.7979,0.0028,0,0
1789855366.7464,38.4659,-68.7938,-1.1201,0.8007,-0.0045,119,-0.0043,39.1173,-70.1294,1.4860,9.5779,-1.1170,0.0031,0.1775,0.7977,0.0031,0,0
1789855366.7924,38.4799,-68.8220,-1.1191,0.7876,0.0256,120,-0.0044,39.3766,-70.6584,2.0436,9.5464,-1.1166,0.0025,0.1457,0.7981,0.0025,0,0
1789855366.8423,38.5007,-68.8645,-1.1185,0.7897,0.0000,120,-0.0041,39.3766,-70.6584,1.9963,9.4991,-1.1166,0.0019,0.1087,0.7986,0.0019,0,0
1789855366.8932,38.5076,-68.8788,-1.1185,0.7935,0.0000,120,-0.0041,39.3766,-70.6584,1.9804,9.4831,-1.1166,0.0019,0.1096,0.7986,0.0019,0,0
1789855366.9422,38.5281,-68.9217,-1.1197,0.7907,-0.0249,120,-0.0042,39.3766,-70.6584,1.9329,9.4356,-1.1164,0.0033,0.1904,0.7975,0.0033,0,0
1789855366.9920,38.5418,-68.9503,-1.1204,0.7924,-0.0174,120,-0.0044,39.3766,-70.6584,1.9012,9.4040,-1.1162,0.0042,0.2392,0.7969,0.0042,0,0
1789855367.0422,38.5555,-68.9787,-1.1204,0.7897,0.0000,120,-0.0043,39.3766,-70.6584,1.8696,9.3724,-1.1161,0.0042,0.2433,0.7968,0.0042,0,0
1789855367.0950,38.5624,-68.9931,-1.1204,0.7935,0.0000,120,-0.0043,39.3766,-70.6584,1.8537,9.3564,-1.1161,0.0043,0.2454,0.7968,0.0043,0,0
1789855367.1427,38.5836,-69.0352,-1.1179,0.7817,0.0605,120,-0.0036,39.3766,-70.6584,1.8065,9.3093,-1.1164,0.0015,0.0860,0.7989,0.0015,0,0
1789855367.1923,38.5980,-69.0631,-1.1149,0.7846,0.0731,120,-0.0027,39.3766,-70.6584,1.7751,9.2779,-1.1168,-0.0018,-0.1054,0.7986,-0.0018,0,0
1789855367.2420,38.6127,-69.0913,-1.1121,0.7953,0.0701,120,-0.0017,39.3766,-70.6584,1.7433,9.2461,-1.1172,-0.0051,-0.2928,0.7962,-0.0051,0,0
1789855367.2956,38.6276,-69.1196,-1.1090,0.8001,0.0788,120,-0.0006,39.3766,-70.6584,1.7113,9.2141,-1.1178,-0.0089,-0.5074,0.7934,-0.0089,0,0
1789855367.3425,38.6428,-69.1481,-1.1056,0.8060,0.0856,120,0.0007,39.3766,-70.6584,1.6791,9.1818,-1.1186,-0.0130,-0.7450,0.7903,-0.0130,0,0
1789855367.3955,38.6583,-69.1768,-1.1022,0.8158,0.0850,120,0.0022,39.3766,-70.6584,1.6465,9.1492,-1.1194,-0.0172,-0.9866,0.7872,-0.0172,0,0
1789855367.4427,38.6818,-69.2200,-1.0969,0.8199,0.0844,120,0.0046,39.3766,-70.6584,1.5974,9.1000,-1.1208,-0.0239,-1.3717,0.7822,-0.0239,0,0
1789855367.4934,38.6967,-69.2490,-1.0968,0.8151,0.0025,120,0.0054,39.3766,-70.6584,1.5648,9.0674,-1.1213,-0.0246,-1.4074,0.7818,-0.0246,0,0
1789855367.5421,38.7102,-69.2776,-1.1010,0.7899,-0.1046,120,0.0051,39.3766,-70.6584,1.5332,9.0358,-1.1211,-0.0202,-1.1551,0.7850,-0.0202,0,0
1789855367.5926,38.7208,-69.3046,-1.1113,0.7224,-0.2579,120,0.0029,39.3766,-70.6584,1.5042,9.0070,-1.1197,-0.0084,-0.4813,0.7938,-0.0084,0,0
1789855367.6427,38.7325,-69.3335,-1.1194,0.7776,-0.2041,120,0.0010,39.3766,-70.6584,1.4731,8.9759,-1.1183,0.0011,0.0639,0.7992,0.0011,0,0
1789855367.6923,38.7467,-69.3626,-1.1194,0.8084,0.0000,121,0.0018,39.6365,-71.1874,2.0302,8.9435,-1.1171,0.0024,0.1356,0.7982,0.0024,0,0
1789855367.7426,38.7602,-69.3904,-1.1191,0.7736,0.0075,121,0.0019,39.6365,-71.1874,1.9993,8.9126,-1.1171,0.0021,0.1184,0.7985,0.0021,0,0
1789855367.7922,38.7820,-69.4320,-1.1139,0.7826,0.1097,121,0.0033,39.6365,-71.1874,1.9524,8.8657,-1.1178,-0.0039,-0.2247,0.7971,-0.0039,0,0
1789855367.8440,38.7970,-69.4593,-1.1087,0.7778,0.1276,121,0.0048,39.6365,-71.1874,1.9213,8.8346,-1.1186,-0.0098,-0.5620,0.7927,-0.0098,0,0
1789855367.8922,38.8117,-69.4866,-1.1051,0.7753,0.0921,121,0.0061,39.6365,-71.1874,1.8903,8.8035,-1.1192,-0.0142,-0.8127,0.7895,-0.0142,0,0
1789855367.9420,38.8189,-69.5003,-1.1040,0.7747,0.0696,121,0.0066,39.6365,-71.1874,1.8748,8.7881,-1.1195,-0.0155,-0.8907,0.7885,-0.0155,0,0
1789855367.9922,38.8393,-69.5415,-1.1051,0.7678,-0.0331,121,0.0070,39.6365,-71.1874,1.8288,8.7421,-1.1197,-0.0147,-0.8397,0.7891,-0.0147,0,0
1789855368.0422,38.8518,-69.5688,-1.1093,0.7502,-0.1049,121,0.0062,39.6365,-71.1874,1.7988,8.7121,-1.1194,-0.0101,-0.5775,0.7925,-0.0101,0,0
1789855368.0952,38.8640,-69.5965,-1.1144,0.7546,-0.1271,121,0.0051,39.6365,-71.1874,1.7686,8.6819,-1.1188,-0.0044,-0.2517,0.7967,-0.0044,0,0
1789855368.1423,38.8764,-69.6242,-1.1184,0.7598,-0.1005,121,0.0042,39.6365,-71.1874,1.7382,8.6515,-1.1182,0.0002,0.0102,0.7999,0.0002,0,0
1789855368.1932,38.8896,-69.6520,-1.1196,0.7689,-0.0291,121,0.0038,39.6365,-71.1874,1.7075,8.6208,-1.1180,0.0015,0.0879,0.7989,0.0015,0,0
1789855368.2431,38.9034,-69.6802,-1.1191,0.7848,0.0126,121,0.0039,39.6365,-71.1874,1.6761,8.5894,-1.1181,0.0010,0.0560,0.7993,0.0010,0,0
1789855368.2948,38.9177,-69.7077,-1.1158,0.7738,0.0816,121,0.0048,39.6365,-71.1874,1.6451,8.5584,-1.1186,-0.0028,-0.1608,0.7979,-0.0028,0,0
1789855368.3424,38.9316,-69.7361,-1.1158,0.7925,0.0000,121,0.0049,39.6365,-71.1874,1.6134,8.5267,-1.1186,-0.0029,-0.1640,0.7979,-0.0029,0,0
1789855368.3921,38.9454,-69.7642,-1.1158,0.7821,0.0000,121,0.0050,39.6365,-71.1874,1.5821,8.4954,-1.1187,-0.0029,-0.1672,0.7978,-0.0029,0,0
1789855368.4451,38.9591,-69.7914,-1.1141,0.7607,0.0420,121,0.0055,39.6365,-71.1874,1.5517,8.4650,-1.1190,-0.0049,-0.2831,0.7963,-0.0049,0,0
1789855368.4924,38.9805,-69.8316,-1.1090,0.7596,0.0881,121,0.0071,39.6365,-71.1874,1.5062,8.4195,-1.1201,-0.0111,-0.6380,0.7917,-0.0111,0,0
1789855368.5428,38.9950,-69.8588,-1.1056,0.7703,0.0854,121,0.0083,39.6365,-71.1874,1.4754,8.3886,-1.1210,-0.0154,-0.8828,0.7886,-0.0154,0,0
1789855368.5924,39.0174,-69.9000,-1.1003,0.7849,0.0868,122,0.0112,39.8990,-71.7186,2.0210,8.3418,-1.1194,-0.0191,-1.0946,0.7858,-0.0191,0,0
1789855368.6424,39.0250,-69.9139,-1.0984,0.7884,0.0897,122,0.0119,39.8990,-71.7186,2.0052,8.3260,-1.1198,-0.0214,-1.2237,0.7841,-0.0214,0,0
1789855368.7020,39.0401,-69.9416,-1.0954,0.7898,0.0767,122,0.0133,39.8990,-71.7186,1.9737,8.2944,-1.1205,-0.0252,-1.4434,0.7813,-0.0252,0,0
1789855368.7422,39.0543,-69.9695,-1.0960,0.7825,-0.0162,122,0.0137,39.8990,-71.7186,1.9424,8.2631,-1.1209,-0.0249,-1.4245,0.7815,-0.0249,0,0
1789855368.7995,39.0675,-69.9979,-1.1004,0.7826,-0.1098,122,0.0132,39.8990,-71.7186,1.9111,8.2318,-1.1207,-0.0203,-1.1608,0.7849,-0.0203,0,0
1789855368.8427,39.0866,-70.0406,-1.1089,0.7760,-0.1510,122,0.0115,39.8990,-71.7186,1.8644,8.1851,-1.1199,-0.0110,-0.6289,0.7918,-0.0110,0,0
1789855368.8923,39.0996,-70.0691,-1.1128,0.7842,-0.0965,122,0.0106,39.8990,-71.7186,1.8330,8.1537,-1.1195,-0.0067,-0.3856,0.7950,-0.0067,0,0
1789855368.9427,39.1133,-70.0971,-1.1133,0.7782,-0.0125,122,0.0106,39.8990,-71.7186,1.8019,8.1226,-1.1195,-0.0063,-0.3593,0.7953,-0.0063,0,0
1789855368.9925,39.1268,-70.1245,-1.1131,0.7647,0.0032,122,0.0107,39.8990,-71.7186,1.7713,8.0920,-1.1197,-0.0065,-0.3739,0.7952,-0.0065,0,0
1789855369.0431,39.1467,-70.1650,-1.1131,0.7501,0.0012,122,0.0108,39.8990,-71.7186,1.7262,8.0470,-1.1199,-0.0068,-0.3870,0.7950,-0.0068,0,0
1789855369.0923,39.1599,-70.1915,-1.1129,0.7406,0.0052,122,0.0109,39.8990,-71.7186,1.6966,8.0173,-1.1200,-0.0071,-0.4073,0.7947,-0.0071,0,0
1789855369.1428,39.1733,-70.2181,-1.1119,0.7452,0.0251,122,0.0112,39.8990,-71.7186,1.6668,7.9875,-1.1203,-0.0084,-0.4815,0.7938,-0.0084,0,0
1789855369.1931,39.1867,-70.2447,-1.1109,0.7452,0.0251,122,0.0116,39.8990,-71.7186,1.6370,7.9577,-1.1206,-0.0097,-0.5572,0.7928,-0.0097,0,0
1789855369.2424,39.1999,-70.2713,-1.1107,0.7408,0.0058,122,0.0118,39.8990,-71.7186,1.6073,7.9281,-1.1208,-0.0102,-0.5831,0.7924,-0.0102,0,0
1789855369.2923,39.2199,-70.3114,-1.1106,0.7465,0.0008,122,0.0120,39.8990,-71.7186,1.5625,7.8833,-1.1211,-0.0105,-0.6026,0.7922,-0.0105,0,0
1789855369.3491,39.2199,-70.3114,-1.1106,0.7465,0.0008,122,0.0120,39.8990,-71.7186,1.5625,7.8833,-1.1211,-0.0105,-0.6026,0.7922,-0.0105,0,0
1789855369.3922,39.2400,-70.3519,-1.1106,0.7537,-0.0000,122,0.0122,39.8990,-71.7186,1.5173,7.8380,-1.1215,-0.0108,-0.6212,0.7919,-0.0108,0,0
1789855369.4423,39.2467,-70.3654,-1.1106,0.7537,-0.0000,122,0.0123,39.8990,-71.7186,1.5022,7.8230,-1.1216,-0.0110,-0.6276,0.7919,-0.0110,0,0
1789855369.4991,39.2601,-70.3924,-1.1106,0.7537,0.0000,123,0.0127,40.1650,-72.2514,2.0675,7.7928,-1.1178,-0.0071,-0.4089,0.7947,-0.0071,0,0
1789855369.5421,39.2803,-70.4332,-1.1106,0.7570,0.0005,123,0.0129,40.1650,-72.2514,2.0220,7.7473,-1.1179,-0.0073,-0.4197,0.7946,-0.0073,0,0
1789855369.5923,39.2871,-70.4469,-1.1106,0.7579,0.0001,123,0.0130,40.1650,-72.2514,2.0068,7.7321,-1.1180,-0.0074,-0.4231,0.7945,-0.0074,0,0
1789855369.6487,39.3006,-70.4741,-1.1106,0.7612,0.0001,123,0.0131,40.1650,-72.2514,1.9763,7.7016,-1.1181,-0.0075,-0.4303,0.7944,-0.0075,0,0
1789855369.6921,39.3209,-70.5150,-1.1106,0.7612,0.0006,123,0.0133,40.1650,-72.2514,1.9307,7.6560,-1.1183,-0.0077,-0.4427,0.7943,-0.0077,0,0
1789855369.7422,39.3277,-70.5287,-1.1106,0.7612,0.0007,123,0.0133,40.1650,-72.2514,1.9154,7.6407,-1.1184,-0.0078,-0.4468,0.7942,-0.0078,0,0
1789855369.7923,39.3479,-70.5693,-1.1105,0.7540,0.0014,123,0.0135,40.1650,-72.2514,1.8701,7.5954,-1.1186,-0.0081,-0.4626,0.7940,-0.0081,0,0
1789855369.8421,39.3614,-70.5964,-1.1100,0.7566,0.0130,123,0.0138,40.1650,-72.2514,1.8398,7.5651,-1.1188,-0.0088,-0.5047,0.7935,-0.0088,0,0
1789855369.8927,39.3817,-70.6371,-1.1100,0.7568,-0.0006,123,0.0140,40.1650,-72.2514,1.7943,7.5196,-1.1190,-0.0090,-0.5150,0.7933,-0.0090,0,0
1789855369.9425,39.3951,-70.6641,-1.1100,0.7536,-0.0004,123,0.0141,40.1650,-72.2514,1.7641,7.4894,-1.1192,-0.0091,-0.5232,0.7932,-0.0091,0,0
1789855369.9922,39.4152,-70.7046,-1.1100,0.7536,-0.0002,123,0.0143,40.1650,-72.2514,1.7189,7.4442,-1.1194,-0.0094,-0.5365,0.7930,-0.0094,0,0
1789855370.0425,39.4286,-70.7316,-1.1101,0.7536,-0.0002,123,0.0144,40.1650,-72.2514,1.6888,7.4141,-1.1196,-0.0095,-0.5459,0.7929,-0.0095,0,0
1789855370.0920,39.4420,-70.7586,-1.1101,0.7536,-0.0001,123,0.0145,40.1650,-72.2514,1.6586,7.3839,-1.1198,-0.0097,-0.5559,0.7928,-0.0097,0,0
1789855370.1424,39.4554,-70.7856,-1.1101,0.7537,-0.0000,123,0.0147,40.1650,-72.2514,1.6285,7.3538,-1.1199,-0.0099,-0.5664,0.7927,-0.0099,0,0
1789855370.1955,39.4688,-70.8126,-1.1101,0.7537,0.0000,123,0.0148,40.1650,-72.2514,1.5984,7.3236,-1.1201,-0.0101,-0.5775,0.7925,-0.0101,0,0
1789855370.2421,39.4890,-70.8531,-1.1101,0.7537,0.0001,123,0.0150,40.1650,-72.2514,1.5531,7.2784,-1.1204,-0.0104,-0.5952,0.7923,-0.0104,0,0
1789855370.2931,39.4957,-70.8666,-1.1101,0.7537,0.0001,123,0.0151,40.1650,-72.2514,1.5381,7.2633,-1.1205,-0.0105,-0.6014,0.7922,-0.0105,0,0
1789855370.3424,39.5158,-70.9071,-1.1100,0.7537,0.0003,123,0.0153,40.1650,-72.2514,1.4928,7.2181,-1.1209,-0.0108,-0.6211,0.7919,-0.0108,0,0
1789855370.3944,39.5225,-70.9206,-1.1100,0.7537,0.0003,124,0.0160,40.4334,-72.7851,2.0751,7.2030,-1.1163,-0.0063,-0.3611,0.7953,-0.0063,0,0
1789855370.4426,39.5426,-70.9611,-1.1100,0.7538,0.0006,124,0.0161,40.4334,-72.7851,2.0299,7.1578,-1.1165,-0.0065,-0.3718,0.7952,-0.0065,0,0
1789855370.4920,39.5561,-70.9881,-1.1099,0.7540,0.0014,124,0.0162,40.4334,-72.7851,1.9997,7.1277,-1.1166,-0.0067,-0.3814,0.7951,-0.0067,0,0
1789855370.5441,39.5695,-71.0149,-1.1095,0.7494,0.0110,124,0.0164,40.4334,-72.7851,1.9698,7.0977,-1.1168,-0.0073,-0.4159,0.7946,-0.0073,0,0
1789855370.5922,39.5896,-71.0552,-1.1093,0.7503,-0.0023,124,0.0166,40.4334,-72.7851,1.9247,7.0527,-1.1170,-0.0077,-0.4418,0.7943,-0.0077,0,0
1789855370.6426,39.6030,-71.0822,-1.1093,0.7534,-0.0011,124,0.0166,40.4334,-72.7851,1.8946,7.0225,-1.1171,-0.0078,-0.4463,0.7942,-0.0078,0,0
1789855370.6920,39.6165,-71.1091,-1.1093,0.7535,-0.0006,124,0.0167,40.4334,-72.7851,1.8645,6.9924,-1.1172,-0.0079,-0.4522,0.7941,-0.0079,0,0
1789855370.7426,39.6299,-71.1361,-1.1093,0.7536,-0.0004,124,0.0168,40.4334,-72.7851,1.8343,6.9623,-1.1174,-0.0080,-0.4589,0.7941,-0.0080,0,0
1789855370.7934,39.6433,-71.1631,-1.1094,0.7536,-0.0003,124,0.0169,40.4334,-72.7851,1.8042,6.9321,-1.1175,-0.0081,-0.4661,0.7940,-0.0081,0,0
1789855370.8487,39.6568,-71.1901,-1.1094,0.7536,-0.0002,124,0.0170,40.4334,-72.7851,1.7740,6.9020,-1.1176,-0.0083,-0.4739,0.7939,-0.0083,0,0
1789855370.8926,39.6769,-71.2306,-1.1094,0.7537,-0.0001,124,0.0171,40.4334,-72.7851,1.7288,6.8567,-1.1179,-0.0085,-0.4865,0.7937,-0.0085,0,0
1789855370.9421,39.6903,-71.2576,-1.1094,0.7537,0.0000,124,0.0172,40.4334,-72.7851,1.6987,6.8266,-1.1180,-0.0087,-0.4956,0.7936,-0.0087,0,0
1789855370.9924,39.6970,-71.2711,-1.1094,0.7537,0.0001,124,0.0172,40.4334,-72.7851,1.6836,6.8115,-1.1181,-0.0087,-0.5004,0.7935,-0.0087,0,0
1789855371.0421,39.7172,-71.3116,-1.1094,0.7537,0.0002,124,0.0173,40.4334,-72.7851,1.6384,6.7663,-1.1184,-0.0090,-0.5156,0.7933,-0.0090,0,0
1789855371.0923,39.7239,-71.3251,-1.1093,0.7537,0.0003,124,0.0174,40.4334,-72.7851,1.6233,6.7512,-1.1184,-0.0091,-0.5209,0.7932,-0.0091,0,0
1789855371.1423,39.7441,-71.3655,-1.1093,0.7538,0.0005,124,0.0175,40.4334,-72.7851,1.5781,6.7060,-1.1187,-0.0094,-0.5384,0.7930,-0.0094,0,0
1789855371.1922,39.7508,-71.3790,-1.1093,0.7538,0.0006,124,0.0176,40.4334,-72.7851,1.5630,6.6909,-1.1188,-0.0095,-0.5448,0.7929,-0.0095,0,0
1789855371.2422,39.7642,-71.4059,-1.1093,0.7500,0.0012,124,0.0177,40.4334,-72.7851,1.5330,6.6609,-1.1190,-0.0098,-0.5590,0.7928,-0.0098,0,0
1789855371.2923,39.7843,-71.4463,-1.1091,0.7544,0.0034,125,0.0190,40.7059,-73.3201,2.0881,6.6158,-1.1137,-0.0046,-0.2645,0.7966,-0.0046,0,0
1789855371.3423,39.7913,-71.4598,-1.1085,0.7578,0.0181,125,0.0192,40.7059,-73.3201,2.0729,6.6006,-1.1138,-0.0054,-0.3074,0.7960,-0.0054,0,0
1789855371.3930,39.8116,-71.5001,-1.1079,0.7503,-0.0024,125,0.0193,40.7059,-73.3201,2.0278,6.5555,-1.1140,-0.0062,-0.3535,0.7954,-0.0062,0,0
1789855371.4423,39.8183,-71.5136,-1.1079,0.7531,-0.0023,125,0.0193,40.7059,-73.3201,2.0128,6.5404,-1.1141,-0.0062,-0.3538,0.7954,-0.0062,0,0
1789855371.4922,39.8317,-71.5405,-1.1079,0.7534,-0.0012,125,0.0193,40.7059,-73.3201,1.9826,6.5103,-1.1142,-0.0062,-0.3564,0.7954,-0.0062,0,0
1789855371.5422,39.8521,-71.5813,-1.1080,0.7611,-0.0003,125,0.0193,40.7059,-73.3201,1.9371,6.4648,-1.1143,-0.0063,-0.3632,0.7953,-0.0063,0,0
1789855371.5920,39.8656,-71.6084,-1.1080,0.7578,-0.0004,125,0.0193,40.7059,-73.3201,1.9068,6.4345,-1.1144,-0.0064,-0.3682,0.7952,-0.0064,0,0
1789855371.6423,39.8791,-71.6355,-1.1080,0.7568,0.0001,125,0.0193,40.7059,-73.3201,1.8765,6.4042,-1.1145,-0.0065,-0.3747,0.7951,-0.0065,0,0
1789855371.6994,39.8859,-71.6491,-1.1080,0.7579,-0.0002,125,0.0193,40.7059,-73.3201,1.8613,6.3889,-1.1146,-0.0066,-0.3777,0.7951,-0.0066,0,0
1789855371.7451,39.9063,-71.6898,-1.1080,0.7579,-0.0000,125,0.0193,40.7059,-73.3201,1.8158,6.3434,-1.1148,-0.0068,-0.3876,0.7950,-0.0068,0,0
1789855371.7924,39.9131,-71.7034,-1.1080,0.7612,0.0003,125,0.0193,40.7059,-73.3201,1.8006,6.3282,-1.1148,-0.0068,-0.3917,0.7949,-0.0068,0,0
1789855371.8444,39.9267,-71.7307,-1.1080,0.7611,0.0004,125,0.0193,40.7059,-73.3201,1.7701,6.2978,-1.1149,-0.0070,-0.3997,0.7948,-0.0070,0,0
1789855371.8991,39.9471,-71.7715,-1.1079,0.7651,0.0004,125,0.0193,40.7059,-73.3201,1.7245,6.2521,-1.1151,-0.0072,-0.4124,0.7947,-0.0072,0,0
1789855371.9427,39.9608,-71.7990,-1.1079,0.7680,0.0006,125,0.0194,40.7059,-73.3201,1.6937,6.2214,-1.1153,-0.0074,-0.4219,0.7945,-0.0074,0,0
1789855371.9936,39.9745,-71.8265,-1.1079,0.7681,0.0010,125,0.0194,40.7059,-73.3201,1.6630,6.1906,-1.1154,-0.0076,-0.4326,0.7944,-0.0076,0,0
1789855372.0428,39.9883,-71.8540,-1.1078,0.7682,0.0015,125,0.0194,40.7059,-73.3201,1.6323,6.1599,-1.1156,-0.0078,-0.4452,0.7942,-0.0078,0,0
1789855372.0919,40.0090,-71.8952,-1.1075,0.7693,0.0060,125,0.0195,40.7059,-73.3201,1.5862,6.1138,-1.1159,-0.0083,-0.4780,0.7938,-0.0083,0,0
1789855372.1425,40.0232,-71.9228,-1.1062,0.7756,0.0337,125,0.0199,40.7059,-73.3201,1.5551,6.0828,-1.1163,-0.0101,-0.5787,0.7925,-0.0101,0,0
1789855372.1925,40.0369,-71.9502,-1.1063,0.7672,-0.0030,125,0.0199,40.7059,-73.3201,1.5245,6.0521,-1.1165,-0.0102,-0.5826,0.7924,-0.0102,0,0
1789855372.2420,40.0507,-71.9777,-1.1064,0.7676,-0.0014,126,0.0208,40.9772,-73.8529,2.0916,6.0214,-1.1119,-0.0055,-0.3150,0.7959,-0.0055,0,0
1789855372.2929,40.0714,-72.0191,-1.1064,0.7711,-0.0003,126,0.0207,40.9772,-73.8529,2.0452,5.9750,-1.1120,-0.0056,-0.3206,0.7958,-0.0056,0,0
1789855372.3421,40.0852,-72.0466,-1.1064,0.7678,-0.0006,126,0.0207,40.9772,-73.8529,2.0145,5.9443,-1.1121,-0.0057,-0.3242,0.7958,-0.0057,0,0
1789855372.3937,40.0921,-72.0603,-1.1064,0.7678,-0.0005,126,0.0207,40.9772,-73.8529,1.9992,5.9289,-1.1121,-0.0057,-0.3263,0.7958,-0.0057,0,0
1789855372.4425,40.1127,-72.1015,-1.1064,0.7679,-0.0002,126,0.0206,40.9772,-73.8529,1.9531,5.8829,-1.1123,-0.0058,-0.3334,0.7957,-0.0058,0,0
1789855372.4921,40.1265,-72.1290,-1.1064,0.7679,-0.0001,126,0.0206,40.9772,-73.8529,1.9224,5.8521,-1.1124,-0.0059,-0.3388,0.7956,-0.0059,0,0
1789855372.5425,40.1403,-72.1564,-1.1064,0.7679,0.0001,126,0.0205,40.9772,-73.8529,1.8917,5.8214,-1.1125,-0.0060,-0.3449,0.7955,-0.0060,0,0
1789855372.5955,40.1609,-72.1976,-1.1064,0.7680,0.0003,126,0.0205,40.9772,-73.8529,1.8456,5.7754,-1.1126,-0.0062,-0.3552,0.7954,-0.0062,0,0
1789855372.6423,40.1747,-72.2251,-1.1064,0.7680,0.0005,126,0.0204,40.9772,-73.8529,1.8149,5.7446,-1.1127,-0.0063,-0.3628,0.7953,-0.0063,0,0
1789855372.6923,40.1885,-72.2525,-1.1064,0.7681,0.0007,126,0.0204,40.9772,-73.8529,1.7842,5.7139,-1.1129,-0.0065,-0.3713,0.7952,-0.0065,0,0
1789855372.7442,40.2022,-72.2800,-1.1063,0.7681,0.0011,126,0.0204,40.9772,-73.8529,1.7534,5.6832,-1.1130,-0.0066,-0.3809,0.7951,-0.0066,0,0
1789855372.7922,40.2160,-72.3073,-1.1063,0.7644,0.0018,126,0.0204,40.9772,-73.8529,1.7229,5.6526,-1.1131,-0.0069,-0.3929,0.7949,-0.0069,0,0
1789855372.8420,40.2297,-72.3347,-1.1061,0.7659,0.0037,126,0.0204,40.9772,-73.8529,1.6922,5.6220,-1.1133,-0.0072,-0.4103,0.7947,-0.0072,0,0
1789855372.8971,40.2438,-72.3620,-1.1048,0.7685,0.0329,126,0.0207,40.9772,-73.8529,1.6615,5.5912,-1.1136,-0.0088,-0.5056,0.7934,-0.0088,0,0
1789855372.9422,40.2647,-72.4032,-1.1044,0.7671,-0.0033,126,0.0208,40.9772,-73.8529,1.6153,5.5451,-1.1140,-0.0096,-0.5475,0.7929,-0.0096,0,0
1789855372.9930,40.2716,-72.4169,-1.1044,0.7674,-0.0020,126,0.0208,40.9772,-73.8529,1.6000,5.5297,-1.1141,-0.0096,-0.5508,0.7929,-0.0096,0,0
1789855373.0422,40.2923,-72.4580,-1.1045,0.7677,-0.0009,126,0.0209,40.9772,-73.8529,1.5539,5.4837,-1.1143,-0.0098,-0.5635,0.7927,-0.0098,0,0
1789855373.0940,40.3061,-72.4855,-1.1045,0.7677,-0.0006,126,0.0209,40.9772,-73.8529,1.5232,5.4530,-1.1145,-0.0100,-0.5737,0.7926,-0.0100,0,0
1789855373.1424,40.3199,-72.5129,-1.1045,0.7678,-0.0003,127,0.0224,41.2481,-74.3889,2.0931,5.4222,-1.1113,-0.0068,-0.3897,0.7949,-0.0068,0,0
1789855373.1923,40.3406,-72.5541,-1.1045,0.7678,-0.0002,127,0.0222,41.2481,-74.3889,2.0470,5.3762,-1.1115,-0.0069,-0.3982,0.7948,-0.0069,0,0
1789855373.2428,40.3545,-72.5815,-1.1046,0.7678,-0.0001,127,0.0220,41.2481,-74.3889,2.0163,5.3455,-1.1116,-0.0071,-0.4043,0.7948,-0.0071,0,0
1789855373.2927,40.3683,-72.6089,-1.1046,0.7679,0.0000,127,0.0219,41.2481,-74.3889,1.9856,5.3147,-1.1117,-0.0072,-0.4110,0.7947,-0.0072,0,0
1789855373.3421,40.3821,-72.6363,-1.1045,0.7679,0.0002,127,0.0218,41.2481,-74.3889,1.9549,5.2840,-1.1118,-0.0073,-0.4182,0.7946,-0.0073,0,0
1789855373.3922,40.3959,-72.6638,-1.1045,0.7679,0.0003,127,0.0216,41.2481,-74.3889,1.9242,5.2533,-1.1120,-0.0074,-0.4261,0.7945,-0.0074,0,0
1789855373.4423,40.4167,-72.7049,-1.1045,0.7680,0.0006,127,0.0214,41.2481,-74.3889,1.8781,5.2072,-1.1122,-0.0077,-0.4392,0.7943,-0.0077,0,0
1789855373.4924,40.4305,-72.7324,-1.1045,0.7681,0.0009,127,0.0213,41.2481,-74.3889,1.8474,5.1765,-1.1123,-0.0078,-0.4492,0.7942,-0.0078,0,0
1789855373.5432,40.4443,-72.7598,-1.1044,0.7682,0.0014,127,0.0212,41.2481,-74.3889,1.8166,5.1458,-1.1124,-0.0080,-0.4608,0.7940,-0.0080,0,0
1789855373.5932,40.4582,-72.7872,-1.1043,0.7684,0.0024,127,0.0211,41.2481,-74.3889,1.7859,5.1150,-1.1126,-0.0083,-0.4753,0.7938,-0.0083,0,0
1789855373.6421,40.4721,-72.8147,-1.1040,0.7695,0.0073,127,0.0210,41.2481,-74.3889,1.7551,5.0843,-1.1128,-0.0088,-0.5032,0.7935,-0.0088,0,0
1789855373.6924,40.4933,-72.8557,-1.1025,0.7647,0.0140,127,0.0213,41.2481,-74.3889,1.7090,5.0381,-1.1133,-0.0108,-0.6178,0.7920,-0.0108,0,0
1789855373.7424,40.5071,-72.8831,-1.1026,0.7675,-0.0018,127,0.0212,41.2481,-74.3889,1.6783,5.0074,-1.1135,-0.0109,-0.6248,0.7919,-0.0109,0,0
1789855373.7921,40.5279,-72.9242,-1.1026,0.7678,-0.0006,127,0.0210,41.2481,-74.3889,1.6322,4.9613,-1.1138,-0.0112,-0.6402,0.7917,-0.0112,0,0
1789855373.8422,40.5348,-72.9379,-1.1026,0.7678,-0.0005,127,0.0210,41.2481,-74.3889,1.6169,4.9460,-1.1139,-0.0113,-0.6459,0.7916,-0.0113,0,0
1789855373.8922,40.5487,-72.9653,-1.1026,0.7679,-0.0002,127,0.0209,41.2481,-74.3889,1.5862,4.9153,-1.1141,-0.0115,-0.6582,0.7915,-0.0115,0,0
1789855373.9425,40.5625,-72.9927,-1.1029,0.7674,-0.0054,127,0.0208,41.2481,-74.3889,1.5555,4.8846,-1.1143,-0.0115,-0.6569,0.7915,-0.0115,0,0
1789855373.9922,40.5833,-73.0339,-1.1029,0.7681,0.0000,127,0.0206,41.2481,-74.3889,1.5094,4.8385,-1.1147,-0.0118,-0.6776,0.7912,-0.0118,0,0
1789855374.0421,40.5972,-73.0613,-1.1029,0.7681,0.0000,128,0.0205,41.5189,-74.9253,2.0795,4.8078,-1.1116,-0.0087,-0.4991,0.7935,-0.0087,0,0
1789855374.0926,40.6111,-73.0887,-1.1029,0.7681,0.0000,128,0.0204,41.5189,-74.9253,2.0487,4.7770,-1.1117,-0.0088,-0.5069,0.7934,-0.0088,0,0
1789855374.1434,40.6319,-73.1298,-1.1029,0.7681,-0.0000,128,0.0203,41.5189,-74.9253,2.0027,4.7310,-1.1119,-0.0091,-0.5190,0.7933,-0.0091,0,0
1789855374.1921,40.6388,-73.1435,-1.1029,0.7681,-0.0000,128,0.0203,41.5189,-74.9253,1.9873,4.7156,-1.1120,-0.0091,-0.5232,0.7932,-0.0091,0,0
1789855374.2443,40.6527,-73.1709,-1.1029,0.7681,-0.0000,128,0.0202,41.5189,-74.9253,1.9566,4.6849,-1.1121,-0.0093,-0.5317,0.7931,-0.0093,0,0
1789855374.2953,40.6735,-73.2121,-1.1029,0.7681,-0.0000,128,0.0201,41.5189,-74.9253,1.9105,4.6388,-1.1124,-0.0095,-0.5449,0.7929,-0.0095,0,0
1789855374.3422,40.6872,-73.2392,-1.1028,0.7617,0.0018,128,0.0200,41.5189,-74.9253,1.8800,4.6083,-1.1125,-0.0098,-0.5587,0.7928,-0.0098,0,0
1789855374.3959,40.7011,-73.2666,-1.1028,0.7681,-0.0000,128,0.0199,41.5189,-74.9253,1.8493,4.5776,-1.1127,-0.0099,-0.5683,0.7926,-0.0099,0,0
1789855374.4478,40.7148,-73.2938,-1.1028,0.7614,0.0000,128,0.0199,41.5189,-74.9253,1.8188,4.5471,-1.1129,-0.0101,-0.5782,0.7925,-0.0101,0,0
1789855374.4923,40.7357,-73.3349,-1.1028,0.7681,-0.0000,128,0.0197,41.5189,-74.9253,1.7728,4.5011,-1.1132,-0.0104,-0.5937,0.7923,-0.0104,0,0
1789855374.5421,40.7495,-73.3624,-1.1028,0.7681,-0.0000,128,0.0197,41.5189,-74.9253,1.7420,4.4703,-1.1134,-0.0106,-0.6045,0.7922,-0.0106,0,0
1789855374.5922,40.7634,-73.3898,-1.1028,0.7681,-0.0000,128,0.0196,41.5189,-74.9253,1.7113,4.4396,-1.1135,-0.0107,-0.6157,0.7920,-0.0107,0,0
1789855374.6420,40.7842,-73.4309,-1.1028,0.7681,-0.0000,128,0.0194,41.5189,-74.9253,1.6652,4.3935,-1.1139,-0.0111,-0.6331,0.7918,-0.0111,0,0
1789855374.6924,40.7980,-73.4583,-1.1028,0.7679,0.0000,128,0.0194,41.5189,-74.9253,1.6345,4.3628,-1.1141,-0.0113,-0.6450,0.7916,-0.0113,0,0
1789855374.7424,40.8119,-73.4857,-1.1028,0.7679,0.0000,128,0.0193,41.5189,-74.9253,1.6038,4.3321,-1.1143,-0.0115,-0.6574,0.7915,-0.0115,0,0
1789855374.7924,40.8258,-73.5131,-1.1028,0.7679,0.0000,128,0.0192,41.5189,-74.9253,1.5731,4.3014,-1.1145,-0.0117,-0.6702,0.7913,-0.0117,0,0
1789855374.8433,40.8465,-73.5543,-1.1028,0.7679,0.0000,128,0.0190,41.5189,-74.9253,1.5270,4.2553,-1.1149,-0.0121,-0.6904,0.7910,-0.0121,0,0
1789855374.8924,40.8604,-73.5817,-1.1028,0.7679,0.0000,129,0.0180,41.7873,-75.4579,2.0927,4.2246,-1.1119,-0.0091,-0.5224,0.7932,-0.0091,0,0
1789855374.9421,40.8743,-73.6091,-1.1028,0.7679,0.0000,129,0.0180,41.7873,-75.4579,2.0620,4.1939,-1.1121,-0.0093,-0.5302,0.7931,-0.0093,0,0
1789855374.9920,40.8881,-73.6365,-1.1028,0.7679,0.0000,129,0.0181,41.7873,-75.4579,2.0313,4.1632,-1.1122,-0.0094,-0.5382,0.7930,-0.0094,0,0
1789855375.0423,40.9020,-73.6639,-1.1028,0.7679,0.0000,129,0.0181,41.7873,-75.4579,2.0006,4.1324,-1.1123,-0.0095,-0.5465,0.7929,-0.0095,0,0
1789855375.0924,40.9227,-73.7050,-1.1029,0.7669,-0.0031,129,0.0180,41.7873,-75.4579,1.9545,4.0864,-1.1125,-0.0096,-0.5515,0.7929,-0.0096,0,0
1789855375.1421,40.9292,-73.7185,-1.1040,0.7582,-0.0287,129,0.0178,41.7873,-75.4579,1.9395,4.0714,-1.1125,-0.0085,-0.4890,0.7937,-0.0085,0,0
1789855375.1924,40.9410,-73.7453,-1.1095,0.7297,-0.1400,129,0.0162,41.7873,-75.4579,1.9103,4.0422,-1.1118,-0.0023,-0.1308,0.7983,-0.0023,0,0
1789855375.2422,40.9568,-73.7852,-1.1228,0.7165,-0.2231,129,0.0123,41.7873,-75.4579,1.8675,3.9994,-1.1099,0.0129,0.7400,0.7904,0.0129,0,0
1789855375.2920,40.9679,-73.8124,-1.1294,0.7330,-0.1647,129,0.0099,41.7873,-75.4579,1.8382,3.9701,-1.1087,0.0207,1.1852,0.7846,0.0207,0,0
1789855375.3426,40.9803,-73.8395,-1.1304,0.7438,-0.0252,129,0.0088,41.7873,-75.4579,1.8085,3.9404,-1.1082,0.0222,1.2713,0.7835,0.0222,0,0
1789855375.3921,40.9933,-73.8669,-1.1304,0.7580,0.0000,129,0.0080,41.7873,-75.4579,1.7782,3.9101,-1.1079,0.0226,1.2930,0.7832,0.0226,0,0
1789855375.4429,41.0065,-73.8943,-1.1293,0.7612,0.0292,129,0.0075,41.7873,-75.4579,1.7477,3.8797,-1.1077,0.0216,1.2384,0.7839,0.0216,0,0
1789855375.4924,41.0204,-73.9211,-1.1253,0.7540,0.0990,129,0.0077,41.7873,-75.4579,1.7175,3.8495,-1.1079,0.0174,0.9978,0.7871,0.0174,0,0
1789855375.5448,41.0345,-73.9478,-1.1207,0.7556,0.1163,129,0.0083,41.7873,-75.4579,1.6873,3.8192,-1.1083,0.0123,0.7068,0.7908,0.0123,0,0
1789855375.5957,41.0489,-73.9734,-1.1139,0.7317,0.1677,129,0.0096,41.7873,-75.4579,1.6580,3.7900,-1.1092,0.0048,0.2728,0.7965,0.0048,0,0
1789855375.6421,41.0636,-73.9983,-1.1055,0.7222,0.2102,129,0.0115,41.7873,-75.4579,1.6291,3.7611,-1.1105,-0.0050,-0.2839,0.7963,-0.0050,0,0
1789855375.6921,41.0776,-74.0245,-1.1028,0.7419,0.0676,129,0.0122,41.7873,-75.4579,1.5995,3.7314,-1.1111,-0.0082,-0.4707,0.7939,-0.0082,0,0
1789855375.7425,41.0898,-74.0515,-1.1079,0.7408,-0.1273,129,0.0108,41.7873,-75.4579,1.5698,3.7018,-1.1103,-0.0024,-0.1386,0.7982,-0.0024,0,0
1789855375.7929,41.1006,-74.0793,-1.1181,0.7424,-0.2542,129,0.0080,41.7873,-75.4579,1.5402,3.6721,-1.1086,0.0095,0.5428,0.7930,0.0095,0,0
1789855375.8422,41.1112,-74.1075,-1.1286,0.7505,-0.2637,129,0.0047,41.7873,-75.4579,1.5102,3.6421,-1.1065,0.0221,1.2658,0.7836,0.0221,0,0
1789855375.8923,41.1220,-74.1360,-1.1375,0.7583,-0.2204,130,0.0014,42.0350,-75.9431,2.0247,3.6119,-1.1030,0.0345,1.9759,0.7744,0.0345,0,0
1789855375.9421,41.1397,-74.1784,-1.1434,0.7653,-0.0743,130,-0.0019,42.0350,-75.9431,1.9788,3.5660,-1.1013,0.0421,2.4119,0.7687,0.0421,0,0
1789855375.9920,41.1462,-74.1921,-1.1428,0.7582,-0.0019,130,-0.0023,42.0350,-75.9431,1.9637,3.5509,-1.1011,0.0417,2.3878,0.7690,0.0417,0,0
1789855376.0420,41.1673,-74.2319,-1.1328,0.7458,0.1968,130,-0.0014,42.0350,-75.9431,1.9186,3.5059,-1.1015,0.0313,1.7942,0.7767,0.0313,0,0
1789855376.0928,41.1822,-74.2579,-1.1236,0.7471,0.2296,130,0.0002,42.0350,-75.9431,1.8887,3.4760,-1.1023,0.0213,1.2214,0.7842,0.0213,0,0
1789855376.1426,41.2041,-74.2989,-1.1166,0.7805,0.0837,130,0.0013,42.0350,-75.9431,1.8422,3.4295,-1.1029,0.0137,0.7866,0.7898,0.0137,0,0
1789855376.1923,41.2179,-74.3269,-1.1163,0.7808,0.0073,130,0.0009,42.0350,-75.9431,1.8110,3.3982,-1.1027,0.0136,0.7811,0.7899,0.0136,0,0
1789855376.2426,41.2316,-74.3533,-1.1134,0.7435,0.0722,130,0.0013,42.0350,-75.9431,1.7813,3.3685,-1.1029,0.0105,0.6035,0.7922,0.0105,0,0
1789855376.2933,41.2453,-74.3805,-1.1127,0.7615,0.0187,130,0.0012,42.0350,-75.9431,1.7508,3.3380,-1.1028,0.0099,0.5644,0.7927,0.0099,0,0
1789855376.3421,41.2658,-74.4225,-1.1133,0.7808,-0.0164,130,0.0006,42.0350,-75.9431,1.7040,3.2913,-1.1025,0.0109,0.6231,0.7919,0.0109,0,0
1789855376.3949,41.2721,-74.4365,-1.1151,0.7724,-0.0615,130,-0.0000,42.0350,-75.9431,1.6887,3.2760,-1.1021,0.0131,0.7482,0.7903,0.0131,0,0
1789855376.4438,41.2847,-74.4646,-1.1191,0.7702,-0.0978,130,-0.0014,42.0350,-75.9431,1.6580,3.2452,-1.1012,0.0179,1.0229,0.7867,0.0179,0,0
1789855376.4955,41.3039,-74.5067,-1.1231,0.7716,-0.0605,130,-0.0033,42.0350,-75.9431,1.6118,3.1990,-1.1000,0.0232,1.3267,0.7828,0.0232,0,0
1789855376.5419,41.3171,-74.5344,-1.1235,0.7680,-0.0087,130,-0.0040,42.0350,-75.9431,1.5811,3.1683,-1.0995,0.0240,1.3760,0.7822,0.0240,0,0
1789855376.5923,41.3306,-74.5625,-1.1235,0.7793,0.0000,130,-0.0046,42.0350,-75.9431,1.5499,3.1371,-1.0990,0.0245,1.4036,0.7818,0.0245,0,0
1789855376.6426,41.3512,-74.6055,-1.1235,0.7963,0.0000,130,-0.0056,42.0350,-75.9431,1.5022,3.0895,-1.0982,0.0253,1.4482,0.7812,0.0253,0,0
1789855376.6921,41.3653,-74.6333,-1.1209,0.7788,0.0647,130,-0.0056,42.0350,-75.9431,1.4711,3.0583,-1.0981,0.0228,1.3039,0.7831,0.0228,0,0
1789855376.7423,41.3801,-74.6599,-1.1144,0.7606,0.1616,131,-0.0045,42.2692,-76.3844,1.9402,3.0279,-1.0947,0.0197,1.1279,0.7854,0.0197,0,0
1789855376.7925,41.3875,-74.6733,-1.1113,0.7636,0.1617,131,-0.0039,42.2692,-76.3844,1.9249,3.0126,-1.0950,0.0163,0.9339,0.7879,0.0163,0,0
1789855376.8424,41.4099,-74.7140,-1.1043,0.7783,0.1091,131,-0.0023,42.2692,-76.3844,1.8784,2.9661,-1.0957,0.0086,0.4931,0.7936,0.0086,0,0
1789855376.8919,41.4242,-74.7417,-1.1031,0.7791,0.0286,131,-0.0020,42.2692,-76.3844,1.8473,2.9350,-1.0957,0.0074,0.4259,0.7945,0.0074,0,0
1789855376.9425,41.4386,-74.7703,-1.1031,0.8004,0.0000,131,-0.0019,42.2692,-76.3844,1.8153,2.9030,-1.0956,0.0076,0.4334,0.7944,0.0076,0,0
1789855376.9952,41.4531,-74.7991,-1.1032,0.8066,-0.0031,131,-0.0019,42.2692,-76.3844,1.7830,2.8707,-1.0954,0.0078,0.4494,0.7942,0.0078,0,0
1789855377.0424,41.4727,-74.8417,-1.1095,0.7749,-0.1307,131,-0.0036,42.2692,-76.3844,1.7362,2.8239,-1.0942,0.0153,0.8766,0.7886,0.0153,0,0
1789855377.0923,41.4850,-74.8702,-1.1158,0.7752,-0.1563,131,-0.0055,42.2692,-76.3844,1.7052,2.7929,-1.0929,0.0228,1.3075,0.7830,0.0228,0,0
1789855377.1423,41.4980,-74.8983,-1.1183,0.7747,-0.0630,131,-0.0065,42.2692,-76.3844,1.6742,2.7619,-1.0921,0.0262,1.4996,0.7806,0.0262,0,0
1789855377.1930,41.5113,-74.9265,-1.1199,0.7784,-0.0398,131,-0.0074,42.2692,-76.3844,1.6431,2.7308,-1.0913,0.0285,1.6344,0.7788,0.0285,0,0
1789855377.2454,41.5247,-74.9552,-1.1214,0.7906,-0.0372,131,-0.0083,42.2692,-76.3844,1.6115,2.6992,-1.0905,0.0308,1.7659,0.7771,0.0308,0,0
1789855377.2923,41.5453,-74.9985,-1.1221,0.8003,0.0005,131,-0.0094,42.2692,-76.3844,1.5636,2.6512,-1.0895,0.0326,1.8682,0.7758,0.0326,0,0
1789855377.3419,41.5597,-75.0271,-1.1202,0.8000,0.0465,131,-0.0094,42.2692,-76.3844,1.5316,2.6192,-1.0891,0.0311,1.7823,0.7769,0.0311,0,0
1789855377.3993,41.5744,-75.0552,-1.1163,0.7924,0.0974,131,-0.0089,42.2692,-76.3844,1.4998,2.5875,-1.0891,0.0272,1.5565,0.7798,0.0272,0,0
1789855377.4420,41.5967,-75.0970,-1.1101,0.7878,0.0996,131,-0.0078,42.2692,-76.3844,1.4525,2.5401,-1.0894,0.0207,1.1858,0.7846,0.0207,0,0
1789855377.4922,41.6111,-75.1250,-1.1088,0.7871,0.0335,131,-0.0076,42.2692,-76.3844,1.4210,2.5087,-1.0892,0.0196,1.1203,0.7855,0.0196,0,0
1789855377.5434,41.6255,-75.1509,-1.1035,0.7403,0.1317,131,-0.0063,42.2692,-76.3844,1.3914,2.4790,-1.0898,0.0137,0.7850,0.7898,0.0137,0,0
1789855377.5921,41.6482,-75.1898,-1.0935,0.7531,0.1655,131,-0.0036,42.2692,-76.3844,1.3463,2.4340,-1.0914,0.0021,0.1214,0.7984,0.0021,0,0
1789855377.6420,41.6638,-75.2171,-1.0887,0.7853,0.1219,132,-0.0005,42.4638,-76.7672,1.7443,2.4026,-1.0944,-0.0057,-0.3274,0.7958,-0.0057,0,0
1789855377.6950,41.6797,-75.2455,-1.0854,0.8129,0.0811,132,0.0007,42.4638,-76.7672,1.7118,2.3701,-1.0950,-0.0096,-0.5490,0.7929,-0.0096,0,0
1789855377.7424,41.7023,-75.2887,-1.0863,0.8131,-0.0383,132,0.0011,42.4638,-76.7672,1.6630,2.3213,-1.0952,-0.0089,-0.5077,0.7934,-0.0089,0,0
1789855377.7920,41.7163,-75.3180,-1.0908,0.8101,-0.1116,132,0.0003,42.4638,-76.7672,1.6306,2.2889,-1.0946,-0.0038,-0.2198,0.7972,-0.0038,0,0
1789855377.8422,41.7303,-75.3474,-1.0951,0.8136,-0.1092,132,-0.0006,42.4638,-76.7672,1.5981,2.2564,-1.0939,0.0012,0.0685,0.7991,0.0012,0,0
1789855377.8922,41.7445,-75.3765,-1.0978,0.8107,-0.0655,132,-0.0012,42.4638,-76.7672,1.5657,2.2239,-1.0935,0.0043,0.2460,0.7968,0.0043,0,0
1789855377.9422,41.7574,-75.4046,-1.1027,0.7711,-0.1239,132,-0.0025,42.4638,-76.7672,1.5348,2.1931,-1.0925,0.0102,0.5844,0.7924,0.0102,0,0
1789855377.9921,41.7762,-75.4459,-1.1092,0.7580,-0.0915,132,-0.0045,42.4638,-76.7672,1.4894,2.1477,-1.0910,0.0182,1.0446,0.7865,0.0182,0,0
1789855378.0427,41.7897,-75.4730,-1.1094,0.7565,-0.0041,132,-0.0048,42.4638,-76.7672,1.4592,2.1175,-1.0906,0.0188,1.0776,0.7860,0.0188,0,0
1789855378.0960,41.8033,-75.5005,-1.1094,0.7679,0.0000,132,-0.0052,42.4638,-76.7672,1.4285,2.0868,-1.0902,0.0192,1.1007,0.7857,0.0192,0,0
1789855378.1421,41.8172,-75.5284,-1.1094,0.7793,0.0000,132,-0.0055,42.4638,-76.7672,1.3973,2.0556,-1.0897,0.0196,1.1253,0.7854,0.0196,0,0
1789855378.1951,41.8313,-75.5567,-1.1093,0.7891,0.0018,132,-0.0058,42.4638,-76.7672,1.3658,2.0240,-1.0893,0.0200,1.1465,0.7851,0.0200,0,0
1789855378.2423,41.8457,-75.5836,-1.1057,0.7633,0.0894,132,-0.0052,42.4638,-76.7672,1.3352,1.9935,-1.0895,0.0162,0.9271,0.7880,0.0162,0,0
1789855378.2924,41.8610,-75.6089,-1.0972,0.7361,0.2125,132,-0.0031,42.4638,-76.7672,1.3058,1.9640,-1.0909,0.0063,0.3609,0.7953,0.0063,0,0
1789855378.3428,41.8764,-75.6341,-1.0890,0.7374,0.2054,132,-0.0008,42.4638,-76.7672,1.2763,1.9345,-1.0925,-0.0035,-0.2012,0.7974,-0.0035,0,0
1789855378.3922,41.8912,-75.6603,-1.0855,0.7514,0.0888,132,0.0005,42.4638,-76.7672,1.2462,1.9045,-1.0934,-0.0079,-0.4541,0.7941,-0.0079,0,0
1789855378.4421,41.9129,-75.7013,-1.0851,0.7793,0.0000,133,0.0055,42.7820,-77.3840,1.8938,1.8581,-1.0941,-0.0089,-0.5116,0.6953,-0.0089,0,0
1789855378.4994,41.9203,-75.7153,-1.0851,0.7864,0.0000,133,0.0055,42.7820,-77.3840,1.8780,1.8423,-1.0941,-0.0090,-0.5159,0.6952,-0.0090,0,0
1789855378.5422,41.9349,-75.7430,-1.0851,0.7838,-0.0000,133,0.0054,42.7820,-77.3840,1.8467,1.8109,-1.0943,-0.0092,-0.5249,0.6951,-0.0092,0,0
1789855378.5925,41.9418,-75.7560,-1.0852,0.7528,-0.0023,133,0.0054,42.7820,-77.3840,1.8320,1.7962,-1.0944,-0.0091,-0.5238,0.6951,-0.0091,0,0
1789855378.6427,41.9592,-75.7913,-1.0894,0.6367,-0.0826,133,0.0042,42.7820,-77.3840,1.7927,1.7569,-1.0940,-0.0045,-0.2605,0.6981,-0.0045,0,0
1789855378.6931,41.9700,-75.8138,-1.0926,0.6238,-0.0797,133,0.0032,42.7820,-77.3840,1.7677,1.7320,-1.0935,-0.0009,-0.0540,0.7005,-0.0009,0,0
1789855378.7421,41.9874,-75.8480,-1.0937,0.6411,-0.0050,133,0.0025,42.7820,-77.3840,1.7293,1.6936,-1.0934,0.0003,0.0195,0.7009,0.0003,0,0
1789855378.7924,41.9985,-75.8701,-1.0948,0.6190,-0.0258,133,0.0020,42.7820,-77.3840,1.7046,1.6688,-1.0932,0.0015,0.0878,0.7001,0.0015,0,0
1789855378.8419,42.0136,-75.9034,-1.1013,0.6116,-0.1043,133,-0.0003,42.7820,-77.3840,1.6681,1.6324,-1.0921,0.0092,0.5293,0.6951,0.0092,0,0
1789855378.8923,42.0248,-75.9250,-1.1005,0.6080,0.0219,133,-0.0005,42.7820,-77.3840,1.6438,1.6080,-1.0921,0.0084,0.4790,0.6957,0.0084,0,0
1789855378.9424,42.0366,-75.9456,-1.0962,0.5933,0.1075,133,0.0002,42.7820,-77.3840,1.6200,1.5843,-1.0927,0.0035,0.1994,0.6988,0.0035,0,0
1789855378.9952,42.0551,-75.9767,-1.0879,0.6049,0.1395,133,0.0020,42.7820,-77.3840,1.5839,1.5481,-1.0940,-0.0061,-0.3504,0.6971,-0.0061,0,0
1789855379.0420,42.0679,-75.9980,-1.0825,0.6184,0.1362,133,0.0033,42.7820,-77.3840,1.5591,1.5234,-1.0951,-0.0126,-0.7215,0.6929,-0.0126,0,0
1789855379.0928,42.0810,-76.0198,-1.0774,0.6350,0.1278,133,0.0047,42.7820,-77.3840,1.5338,1.4980,-1.0962,-0.0188,-1.0775,0.6889,-0.0188,0,0
1789855379.1425,42.0939,-76.0421,-1.0747,0.6453,0.0672,133,0.0056,42.7820,-77.3840,1.5080,1.4723,-1.0970,-0.0223,-1.2775,0.6866,-0.0223,0,0
1789855379.1920,42.1060,-76.0651,-1.0756,0.6501,-0.0231,133,0.0056,42.7820,-77.3840,1.4820,1.4463,-1.0972,-0.0216,-1.2379,0.6870,-0.0216,0,0
1789855379.2420,42.1172,-76.0886,-1.0808,0.6501,-0.1294,133,0.0044,42.7820,-77.3840,1.4560,1.4202,-1.0966,-0.0159,-0.9093,0.6908,-0.0159,0,0
1789855379.2993,42.1273,-76.1125,-1.0892,0.6455,-0.2118,133,0.0022,42.7820,-77.3840,1.4301,1.3944,-1.0953,-0.0061,-0.3497,0.6971,-0.0061,0,0
1789855379.3421,42.1379,-76.1363,-1.0955,0.6496,-0.1569,133,0.0003,42.7820,-77.3840,1.4041,1.3684,-1.0942,0.0013,0.0723,0.7003,0.0013,0,0
1789855379.3926,42.1436,-76.1480,-1.0965,0.6530,-0.0923,133,-0.0001,42.7820,-77.3840,1.3910,1.3553,-1.0940,0.0025,0.1415,0.6995,0.0025,0,0
1789855379.4418,42.1605,-76.1820,-1.0985,0.6250,-0.0477,134,-0.0052,42.9026,-77.6315,1.6284,1.3174,-1.0976,0.0009,0.0520,0.5994,0.0009,0,0
1789855379.4925,42.1713,-76.2040,-1.0998,0.6121,-0.0323,134,-0.0055,42.9026,-77.6315,1.6039,1.2929,-1.0973,0.0024,0.1393,0.6002,0.0024,0,0
1789855379.5423,42.1814,-76.2239,-1.0998,0.5582,0.0000,134,-0.0055,42.9026,-77.6315,1.5816,1.2706,-1.0973,0.0025,0.1413,0.6002,0.0025,0,0
1789855379.5921,42.1905,-76.2417,-1.0998,0.5012,0.0000,134,-0.0055,42.9026,-77.6315,1.5616,1.2505,-1.0973,0.0025,0.1431,0.6002,0.0025,0,0
1789855379.6443,42.1993,-76.2590,-1.0998,0.4849,0.0000,134,-0.0055,42.9026,-77.6315,1.5422,1.2311,-1.0972,0.0025,0.1449,0.6002,0.0025,0,0
1789855379.6985,42.2084,-76.2768,-1.0998,0.4977,0.0000,134,-0.0055,42.9026,-77.6315,1.5222,1.2112,-1.0972,0.0026,0.1468,0.6002,0.0026,0,0
1789855379.7420,42.2174,-76.2945,-1.0998,0.4977,0.0000,134,-0.0054,42.9026,-77.6315,1.5023,1.1913,-1.0972,0.0026,0.1488,0.6002,0.0026,0,0
1789855379.7920,42.2264,-76.3122,-1.0998,0.4977,0.0000,134,-0.0054,42.9026,-77.6315,1.4824,1.1714,-1.0971,0.0026,0.1508,0.6002,0.0026,0,0
1789855379.8424,42.2355,-76.3300,-1.0998,0.4977,0.0000,134,-0.0054,42.9026,-77.6315,1.4625,1.1515,-1.0971,0.0027,0.1528,0.6002,0.0027,0,0
1789855379.8928,42.2445,-76.3477,-1.0998,0.4977,0.0000,134,-0.0054,42.9026,-77.6315,1.4426,1.1316,-1.0971,0.0027,0.1549,0.6002,0.0027,0,0
1789855379.9421,42.2535,-76.3655,-1.0998,0.4977,0.0000,134,-0.0054,42.9026,-77.6315,1.4227,1.1117,-1.0970,0.0027,0.1571,0.6001,0.0027,0,0
1789855379.9923,42.2625,-76.3830,-1.0998,0.4910,0.0000,134,-0.0054,42.9026,-77.6315,1.4031,1.0921,-1.0970,0.0028,0.1592,0.6001,0.0028,0,0
1789855380.0424,42.2715,-76.4007,-1.0998,0.4977,0.0000,134,-0.0053,42.9026,-77.6315,1.3832,1.0721,-1.0969,0.0028,0.1615,0.6001,0.0028,0,0
1789855380.0923,42.2851,-76.4275,-1.0998,0.5020,0.0000,134,-0.0053,42.9026,-77.6315,1.3531,1.0421,-1.0969,0.0029,0.1651,0.6001,0.0029,0,0
1789855380.1420,42.2897,-76.4365,-1.0998,0.5053,0.0000,134,-0.0053,42.9026,-77.6315,1.3430,1.0320,-1.0969,0.0029,0.1663,0.6001,0.0029,0,0
1789855380.1922,42.2988,-76.4543,-1.0998,0.5020,0.0000,134,-0.0053,42.9026,-77.6315,1.3230,1.0119,-1.0968,0.0029,0.1689,0.6001,0.0029,0,0
1789855380.2422,42.3126,-76.4813,-1.0998,0.5053,0.0000,134,-0.0053,42.9026,-77.6315,1.2927,0.9816,-1.0968,0.0030,0.1728,0.6001,0.0030,0,0
1789855380.2919,42.3265,-76.5082,-1.0987,0.5048,0.0208,134,-0.0050,42.9026,-77.6315,1.2624,0.9514,-1.0969,0.0018,0.1020,0.5993,0.0018,0,0
1789855380.3458,42.3312,-76.5172,-1.0985,0.5070,0.0145,134,-0.0049,42.9026,-77.6315,1.2522,0.9412,-1.0969,0.0016,0.0913,0.5992,0.0016,0,0
1789855380.3927,42.3452,-76.5446,-1.0985,0.5119,0.0000,134,-0.0048,42.9026,-77.6315,1.2215,0.9105,-1.0969,0.0016,0.0936,0.5992,0.0016,0,0
1789855380.4423,42.3545,-76.5628,-1.0985,0.5119,0.0000,134,-0.0048,42.9026,-77.6315,1.2011,0.8900,-1.0969,0.0017,0.0952,0.5991,0.0017,0,0
1789855380.4955,42.3638,-76.5810,-1.0985,0.5119,0.0000,135,-0.0032,43.1314,-78.1137,1.7142,0.8696,-1.1065,-0.0080,-0.4582,0.5115,-0.0080,0,0
1789855380.5422,42.3778,-76.6085,-1.0985,0.5101,0.0000,135,-0.0034,43.1314,-78.1137,1.6834,0.8387,-1.1067,-0.0081,-0.4666,0.5114,-0.0081,0,0
1789855380.5920,42.3821,-76.6169,-1.0985,0.4872,0.0000,135,-0.0034,43.1314,-78.1137,1.6739,0.8293,-1.1067,-0.0082,-0.4692,0.5114,-0.0082,0,0
1789855380.6453,42.3899,-76.6322,-1.0985,0.4294,0.0002,135,-0.0035,43.1314,-78.1137,1.6567,0.8121,-1.1068,-0.0083,-0.4744,0.5113,-0.0083,0,0
1789855380.6923,42.3968,-76.6456,-1.0985,0.3775,0.0000,135,-0.0036,43.1314,-78.1137,1.6416,0.7970,-1.1069,-0.0084,-0.4788,0.5113,-0.0084,0,0
1789855380.7435,42.4038,-76.6593,-1.0985,0.3840,0.0000,135,-0.0037,43.1314,-78.1137,1.6263,0.7817,-1.1070,-0.0084,-0.4833,0.5113,-0.0084,0,0
1789855380.7926,42.4108,-76.6730,-1.0985,0.3840,0.0000,135,-0.0038,43.1314,-78.1137,1.6109,0.7663,-1.1070,-0.0085,-0.4879,0.5112,-0.0085,0,0
1789855380.8424,42.4213,-76.6937,-1.0985,0.3882,0.0000,135,-0.0039,43.1314,-78.1137,1.5877,0.7431,-1.1072,-0.0086,-0.4949,0.5112,-0.0086,0,0
1789855380.8923,42.4285,-76.7076,-1.0983,0.3931,0.0059,135,-0.0039,43.1314,-78.1137,1.5720,0.7274,-1.1073,-0.0090,-0.5157,0.5110,-0.0090,0,0
1789855380.9512,42.4393,-76.7284,-1.0980,0.3887,0.0015,135,-0.0040,43.1314,-78.1137,1.5486,0.7040,-1.1075,-0.0094,-0.5397,0.5108,-0.0094,0,0
1789855380.9919,42.4465,-76.7426,-1.0980,0.3982,0.0000,135,-0.0040,43.1314,-78.1137,1.5326,0.6880,-1.1076,-0.0095,-0.5453,0.5107,-0.0095,0,0
1789855381.0420,42.4538,-76.7568,-1.0980,0.3982,0.0000,135,-0.0041,43.1314,-78.1137,1.5167,0.6721,-1.1077,-0.0096,-0.5510,0.5107,-0.0096,0,0
1789855381.0922,42.4610,-76.7710,-1.0980,0.3982,0.0000,135,-0.0042,43.1314,-78.1137,1.5008,0.6562,-1.1078,-0.0097,-0.5569,0.5106,-0.0097,0,0
1789855381.1475,42.4683,-76.7852,-1.0980,0.3982,0.0000,135,-0.0043,43.1314,-78.1137,1.4849,0.6403,-1.1079,-0.0098,-0.5629,0.5106,-0.0098,0,0
1789855381.1930,42.4755,-76.7993,-1.0980,0.3982,0.0000,135,-0.0044,43.1314,-78.1137,1.4689,0.6243,-1.1080,-0.0099,-0.5690,0.5105,-0.0099,0,0
1789855381.2427,42.4828,-76.8135,-1.0980,0.3982,0.0000,135,-0.0044,43.1314,-78.1137,1.4530,0.6084,-1.1081,-0.0100,-0.5753,0.5105,-0.0100,0,0
1789855381.2923,42.4901,-76.8278,-1.0980,0.4024,0.0000,135,-0.0045,43.1314,-78.1137,1.4369,0.5923,-1.1082,-0.0102,-0.5818,0.5104,-0.0102,0,0
1789855381.3424,42.5012,-76.8494,-1.0978,0.4029,0.0015,135,-0.0046,43.1314,-78.1137,1.4127,0.5680,-1.1084,-0.0106,-0.6080,0.5102,-0.0106,0,0
1789855381.3923,42.5050,-76.8566,-1.0976,0.4068,0.0044,135,-0.0046,43.1314,-78.1137,1.4045,0.5599,-1.1085,-0.0109,-0.6235,0.5101,-0.0109,0,0
1789855381.4426,42.5124,-76.8711,-1.0974,0.4073,0.0058,135,-0.0046,43.1314,-78.1137,1.3882,0.5436,-1.1087,-0.0113,-0.6466,0.5099,-0.0113,0,0
1789855381.4953,42.5233,-76.8924,-1.0973,0.3982,0.0000,135,-0.0047,43.1314,-78.1137,1.3643,0.5197,-1.1089,-0.0116,-0.6624,0.5098,-0.0116,0,0
1789855381.5424,42.5307,-76.9068,-1.0973,0.4053,0.0000,135,-0.0047,43.1314,-78.1137,1.3481,0.5035,-1.1090,-0.0117,-0.6704,0.5097,-0.0117,0,0
1789855381.5945,42.5380,-76.9212,-1.0977,0.4017,-0.0103,135,-0.0049,43.1314,-78.1137,1.3321,0.4874,-1.1091,-0.0113,-0.6503,0.5099,-0.0113,0,0
1789855381.6422,42.5490,-76.9430,-1.0982,0.4113,-0.0050,136,-0.0057,43.1824,-78.2160,1.4219,0.4629,-1.1091,-0.0109,-0.6228,0.4359,-0.0109,0,0
1789855381.6920,42.5563,-76.9572,-1.0983,0.3973,-0.0011,136,-0.0057,43.1824,-78.2160,1.4060,0.4470,-1.1092,-0.0110,-0.6288,0.4358,-0.0110,0,0
1789855381.7458,42.5621,-76.9687,-1.0985,0.3227,-0.0059,136,-0.0058,43.1824,-78.2160,1.3931,0.4341,-1.1093,-0.0108,-0.6184,0.4359,-0.0108,0,0
1789855381.7951,42.5671,-76.9790,-1.0994,0.2858,-0.0232,136,-0.0061,43.1824,-78.2160,1.3816,0.4227,-1.1092,-0.0098,-0.5599,0.4363,-0.0098,0,0
1789855381.8424,42.5718,-76.9895,-1.1014,0.2870,-0.0497,136,-0.0066,43.1824,-78.2160,1.3701,0.4112,-1.1089,-0.0075,-0.4285,0.4373,-0.0075,0,0
1789855381.8980,42.5768,-76.9999,-1.1023,0.2893,-0.0224,136,-0.0069,43.1824,-78.2160,1.3586,0.3996,-1.1088,-0.0065,-0.3711,0.4377,-0.0065,0,0
1789855381.9420,42.5847,-77.0152,-1.1018,0.2873,0.0127,136,-0.0069,43.1824,-78.2160,1.3414,0.3824,-1.1090,-0.0072,-0.4137,0.4374,-0.0072,0,0
1789855381.9953,42.5903,-77.0254,-1.1005,0.2914,0.0305,136,-0.0066,43.1824,-78.2160,1.3297,0.3708,-1.1093,-0.0087,-0.5008,0.4367,-0.0087,0,0
1789855382.0452,42.5960,-77.0357,-1.0990,0.2935,0.0392,136,-0.0063,43.1824,-78.2160,1.3180,0.3591,-1.1097,-0.0107,-0.6132,0.4359,-0.0107,0,0
1789855382.0921,42.5987,-77.0409,-1.0988,0.2938,0.0223,136,-0.0062,43.1824,-78.2160,1.3121,0.3531,-1.1098,-0.0110,-0.6295,0.4358,-0.0110,0,0
1789855382.1461,42.6068,-77.0569,-1.0990,0.2977,-0.0043,136,-0.0063,43.1824,-78.2160,1.2942,0.3353,-1.1099,-0.0109,-0.6264,0.4358,-0.0109,0,0
1789855382.1923,42.6093,-77.0623,-1.0997,0.2975,-0.0232,136,-0.0065,43.1824,-78.2160,1.2883,0.3293,-1.1098,-0.0101,-0.5771,0.4362,-0.0101,0,0
1789855382.2422,42.6143,-77.0733,-1.1017,0.3015,-0.0498,136,-0.0071,43.1824,-78.2160,1.2762,0.3172,-1.1095,-0.0078,-0.4452,0.4371,-0.0078,0,0
1789855382.2926,42.6194,-77.0843,-1.1034,0.3032,-0.0423,136,-0.0076,43.1824,-78.2160,1.2641,0.3051,-1.1092,-0.0058,-0.3324,0.4379,-0.0058,0,0
1789855382.3421,42.6221,-77.0898,-1.1039,0.3060,-0.0299,136,-0.0078,43.1824,-78.2160,1.2579,0.2990,-1.1091,-0.0052,-0.2997,0.4382,-0.0052,0,0
1789855382.3956,42.6276,-77.1006,-1.1037,0.3025,0.0041,136,-0.0078,43.1824,-78.2160,1.2458,0.2869,-1.1092,-0.0055,-0.3139,0.4381,-0.0055,0,0
1789855382.4426,42.6328,-77.1113,-1.1042,0.2974,-0.0125,136,-0.0080,43.1824,-78.2160,1.2339,0.2750,-1.1092,-0.0049,-0.2823,0.4383,-0.0049,0,0
1789855382.4925,42.6373,-77.1222,-1.1074,0.2942,-0.0801,136,-0.0090,43.1824,-78.2160,1.2222,0.2632,-1.1085,-0.0011,-0.0622,0.4399,-0.0011,0,0
1789855382.5444,42.6421,-77.1330,-1.1096,0.2968,-0.0543,136,-0.0097,43.1824,-78.2160,1.2103,0.2514,-1.1081,0.0015,0.0885,0.4397,0.0015,0,0
1789855382.5921,42.6500,-77.1491,-1.1098,0.2986,0.0000,136,-0.0100,43.1824,-78.2160,1.1924,0.2335,-1.1080,0.0019,0.1074,0.4395,0.0019,0,0
1789855382.6420,42.6555,-77.1602,-1.1098,0.3100,0.0000,136,-0.0102,43.1824,-78.2160,1.1800,0.2211,-1.1080,0.0019,0.1085,0.4395,0.0019,0,0
1789855382.6954,42.6639,-77.1770,-1.1098,0.3129,0.0000,136,-0.0104,43.1824,-78.2160,1.1612,0.2024,-1.1079,0.0019,0.1102,0.4395,0.0019,0,0
1789855382.7420,42.6695,-77.1882,-1.1098,0.3129,0.0000,136,-0.0106,43.1824,-78.2160,1.1487,0.1899,-1.1079,0.0019,0.1115,0.4395,0.0019,0,0
1789855382.7921,42.6750,-77.1994,-1.1098,0.3129,0.0000,136,-0.0108,43.1824,-78.2160,1.1362,0.1774,-1.1079,0.0020,0.1127,0.4395,0.0020,0,0
1789855382.8452,42.6808,-77.2110,-1.1098,0.3242,0.0000,136,-0.0109,43.1824,-78.2160,1.1232,0.1644,-1.1079,0.0020,0.1140,0.4395,0.0020,0,0
1789855382.8954,42.6895,-77.2286,-1.1098,0.3271,0.0000,136,-0.0112,43.1824,-78.2160,1.1036,0.1448,-1.1078,0.0020,0.1160,0.4395,0.0020,0,0
1789855382.9422,42.6953,-77.2403,-1.1098,0.3271,0.0000,156,0.0070,42.7595,-77.3553,0.1317,0.1317,-1.0622,0.0477,2.7318,0.0000,0.0000,0,1
1789855382.9925,42.7012,-77.2518,-1.1093,0.3238,0.0144,156,0.0068,42.7595,-77.3553,0.1188,0.1188,-1.0582,0.0511,2.9251,0.0000,0.0000,0,1
1789855383.0425,42.7067,-77.2624,-1.1083,0.2969,0.0234,156,0.0064,42.7595,-77.3553,0.1069,0.1069,-1.0549,0.0535,3.0641,0.0000,0.0000,0,1
1789855383.0921,42.7109,-77.2706,-1.1081,0.2316,0.0066,156,0.0063,42.7595,-77.3553,0.0976,0.0976,-1.0505,0.0576,3.3015,0.0000,0.0000,0,1
1789855383.1423,42.7138,-77.2762,-1.1080,0.1575,0.0028,156,0.0062,42.7595,-77.3553,0.0914,0.0914,-1.0468,0.0611,3.5016,0.0000,0.0000,0,1
1789855383.1928,42.7155,-77.2796,-1.1079,0.0948,0.0007,156,0.0062,42.7595,-77.3553,0.0876,0.0876,-1.0444,0.0636,3.6429,0.0000,0.0000,0,1
1789855383.2421,42.7160,-77.2811,-1.1086,0.0124,-0.0131,156,0.0064,42.7595,-77.3553,0.0860,0.0860,-1.0412,0.0673,3.8581,0.0000,0.0000,0,1
1789855383.2924,42.7151,-77.2796,-1.1092,-0.0424,-0.0169,156,0.0065,42.7595,-77.3553,0.0877,0.0877,-1.0406,0.0687,3.9342,0.0000,0.0000,0,1
1789855383.3427,42.7132,-77.2760,-1.1097,-0.1023,-0.0115,156,0.0067,42.7595,-77.3553,0.0918,0.0918,-1.0424,0.0673,3.8565,0.0000,0.0000,0,1
1789855383.3922,42.7103,-77.2703,-1.1100,-0.1609,-0.0064,156,0.0068,42.7595,-77.3553,0.0983,0.0983,-1.0462,0.0638,3.6554,0.0000,0.0000,0,1
1789855383.4421,42.7063,-77.2625,-1.1102,-0.2180,-0.0073,156,0.0069,42.7595,-77.3553,0.1070,0.1070,-1.0507,0.0596,3.4148,0.0000,0.0000,0,1
1789855383.4923,42.7014,-77.2527,-1.1105,-0.2746,-0.0064,156,0.0070,42.7595,-77.3553,0.1179,0.1179,-1.0557,0.0548,3.1418,0.0000,0.0000,0,1
1789855383.5420,42.6927,-77.2356,-1.1114,-0.3209,-0.0198,156,0.0073,42.7595,-77.3553,0.1371,0.1371,-1.0617,0.0497,2.8498,0.0000,0.0000,0,1
1789855383.5930,42.6871,-77.2244,-1.1114,-0.3128,0.0000,156,0.0074,42.7595,-77.3553,0.1496,0.1496,-1.0658,0.0456,2.6115,0.0000,0.0000,0,1
1789855383.6421,42.6818,-77.2136,-1.1114,-0.3018,0.0000,156,0.0074,42.7595,-77.3553,0.1617,0.1617,-1.0692,0.0422,2.4165,0.0000,0.0000,0,1
1789855383.6925,42.6765,-77.2029,-1.1114,-0.2986,0.0000,156,0.0075,42.7595,-77.3553,0.1736,0.1736,-1.0721,0.0393,2.2502,0.0000,0.0000,0,1
1789855383.7470,42.6713,-77.1925,-1.1116,-0.2887,-0.0049,156,0.0076,42.7595,-77.3553,0.1852,0.1852,-1.0743,0.0373,2.1364,0.0000,0.0000,0,1
1789855383.7922,42.6635,-77.1773,-1.1126,-0.2846,-0.0195,156,0.0079,42.7595,-77.3553,0.2023,0.2023,-1.0763,0.0363,2.0821,0.0000,0.0000,0,1
1789855383.8420,42.6582,-77.1675,-1.1141,-0.2789,-0.0382,156,0.0083,42.7595,-77.3553,0.2134,0.2134,-1.0764,0.0378,2.1637,0.0000,0.0000,0,1
1789855383.8951,42.6529,-77.1577,-1.1161,-0.2772,-0.0492,156,0.0088,42.7595,-77.3553,0.2245,0.2245,-1.0760,0.0401,2.2958,0.0000,0.0000,0,1
1789855383.9423,42.6449,-77.1436,-1.1200,-0.2706,-0.0639,156,0.0097,42.7595,-77.3553,0.2408,0.2408,-1.0747,0.0452,2.5922,0.0000,0.0000,0,1
1789855383.9921,42.6399,-77.1342,-1.1217,-0.2656,-0.0423,156,0.0101,42.7595,-77.3553,0.2514,0.2514,-1.0750,0.0467,2.6759,0.0000,0.0000,0,1
1789855384.0424,42.6352,-77.1249,-1.1224,-0.2599,-0.0174,156,0.0102,42.7595,-77.3553,0.2618,0.2618,-1.0761,0.0462,2.6475,0.0000,0.0000,0,1
1789855384.0948,42.6308,-77.1157,-1.1221,-0.2548,0.0053,156,0.0101,42.7595,-77.3553,0.2720,0.2720,-1.0781,0.0441,2.5249,0.0000,0.0000,0,1
1789855384.1422,42.6249,-77.1021,-1.1199,-0.2462,0.0426,156,0.0094,42.7595,-77.3553,0.2868,0.2868,-1.0823,0.0377,2.1581,0.0000,0.0000,0,1
1789855384.1934,42.6229,-77.0977,-1.1192,-0.2420,0.0423,156,0.0092,42.7595,-77.3553,0.2916,0.2916,-1.0835,0.0357,2.0481,0.0000,0.0000,0,1
1789855384.2451,42.6171,-77.0849,-1.1181,-0.2335,0.0174,156,0.0089,42.7595,-77.3553,0.3057,0.3057,-1.0861,0.0319,1.8300,0.0000,0.0000,0,1
1789855384.2922,42.6131,-77.0767,-1.1181,-0.2275,0.0000,156,0.0089,42.7595,-77.3553,0.3147,0.3147,-1.0870,0.0310,1.7771,0.0000,0.0000,0,1
1789855384.3419,42.6071,-77.0650,-1.1192,-0.2185,-0.0226,156,0.0091,42.7595,-77.3553,0.3279,0.3279,-1.0874,0.0318,1.8201,0.0000,0.0000,0,1
1789855384.3934,42.6030,-77.0576,-1.1208,-0.2114,-0.0415,156,0.0095,42.7595,-77.3553,0.3364,0.3364,-1.0870,0.0339,1.9407,0.0000,0.0000,0,1
1789855384.4423,42.5990,-77.0502,-1.1225,-0.2087,-0.0419,156,0.0099,42.7595,-77.3553,0.3447,0.3447,-1.0866,0.0360,2.0598,0.0000,0.0000,0,1
1789855384.4919,42.5934,-77.0395,-1.1240,-0.2005,-0.0248,156,0.0101,42.7595,-77.3553,0.3569,0.3569,-1.0867,0.0373,2.1351,0.0000,0.0000,0,1
1789855384.5426,42.5900,-77.0325,-1.1244,-0.1944,-0.0108,156,0.0102,42.7595,-77.3553,0.3646,0.3646,-1.0872,0.0372,2.1313,0.0000,0.0000,0,1
1789855384.5923,42.5867,-77.0256,-1.1242,-0.1909,0.0048,156,0.0101,42.7595,-77.3553,0.3723,0.3723,-1.0881,0.0361,2.0692,0.0000,0.0000,0,1
1789855384.6420,42.5835,-77.0189,-1.1242,-0.1849,0.0000,156,0.0100,42.7595,-77.3553,0.3797,0.3797,-1.0888,0.0354,2.0289,0.0000,0.0000,0,1
1789855384.6950,42.5805,-77.0123,-1.1235,-0.1808,0.0178,156,0.0098,42.7595,-77.3553,0.3869,0.3869,-1.0900,0.0336,1.9235,0.0000,0.0000,0,1
1789855384.7424,42.5777,-77.0058,-1.1225,-0.1792,0.0248,156,0.0094,42.7595,-77.3553,0.3940,0.3940,-1.0912,0.0313,1.7951,0.0000,0.0000,0,1
1789855384.7935,42.5747,-76.9995,-1.1223,-0.1723,0.0050,156,0.0093,42.7595,-77.3553,0.4009,0.4009,-1.0919,0.0305,1.7458,0.0000,0.0000,0,1
1789855384.8419,42.5704,-76.9905,-1.1223,-0.1664,0.0000,156,0.0093,42.7595,-77.3553,0.4110,0.4110,-1.0926,0.0297,1.7030,0.0000,0.0000,0,1
1789855384.8920,42.5676,-76.9848,-1.1224,-0.1569,-0.0020,156,0.0092,42.7595,-77.3553,0.4173,0.4173,-1.0930,0.0294,1.6847,0.0000,0.0000,0,1
1789855384.9420,42.5635,-76.9765,-1.1227,-0.1535,-0.0058,156,0.0092,42.7595,-77.3553,0.4265,0.4265,-1.0935,0.0292,1.6726,0.0000,0.0000,0,1
1789855384.9922,42.5608,-76.9713,-1.1236,-0.1473,-0.0220,156,0.0094,42.7595,-77.3553,0.4324,0.4324,-1.0934,0.0302,1.7298,0.0000,0.0000,0,1
1789855385.0425,42.5567,-76.9635,-1.1248,-0.1462,-0.0173,156,0.0097,42.7595,-77.3553,0.4412,0.4412,-1.0933,0.0315,1.8020,0.0000,0.0000,0,1
1789855385.0923,42.5559,-76.9617,-1.1247,-0.1197,-0.0038,156,0.0096,42.7595,-77.3553,0.4431,0.4431,-1.0935,0.0312,1.7894,0.0000,0.0000,0,1
1789855385.1428,42.5561,-76.9615,-1.1228,0.0025,0.0350,156,0.0094,42.7595,-77.3553,0.4432,0.4432,-1.0941,0.0287,1.6424,0.0000,0.0000,0,1
1789855385.1920,42.5565,-76.9613,-1.1211,-0.0004,0.0423,156,0.0089,42.7595,-77.3553,0.4432,0.4432,-1.0951,0.0260,1.4893,0.0000,0.0000,0,1
1789855385.2421,42.5567,-76.9614,-1.1204,0.0039,0.0174,156,0.0087,42.7595,-77.3553,0.4431,0.4431,-1.0955,0.0249,1.4269,0.0000,0.0000,0,1
1789855385.2934,42.5567,-76.9614,-1.1204,-0.0001,0.0000,156,0.0087,42.7595,-77.3553,0.4431,0.4431,-1.0955,0.0249,1.4268,0.0000,0.0000,0,1
1789855385.3420,42.5567,-76.9614,-1.1204,-0.0001,0.0000,156,0.0087,42.7595,-77.3553,0.4431,0.4431,-1.0955,0.0249,1.4268,0.0000,0.0000,0,1
1789855385.3925,42.5567,-76.9614,-1.1204,-0.0000,-0.0000,156,0.0087,42.7595,-77.3553,0.4431,0.4431,-1.0955,0.0249,1.4267,0.0000,0.0000,0,1
1789855385.4423,42.5567,-76.9614,-1.1204,-0.0000,-0.0000,156,0.0087,42.7595,-77.3553,0.4431,0.4431,-1.0955,0.0249,1.4267,0.0000,0.0000,0,1
1789855385.4924,42.5567,-76.9614,-1.1204,-0.0000,-0.0000,156,0.0087,42.7595,-77.3553,0.4431,0.4431,-1.0955,0.0249,1.4267,0.0000,0.0000,0,1
1789855385.5447,42.5567,-76.9614,-1.1204,-0.0000,0.0000,156,0.0087,42.7595,-77.3553,0.4431,0.4431,-1.0955,0.0249,1.4266,0.0000,0.0000,0,1
1789855385.5994,42.5567,-76.9614,-1.1204,-0.0000,0.0000,156,0.0087,42.7595,-77.3553,0.4431,0.4431,-1.0955,0.0249,1.4266,0.0000,0.0000,0,1
1789855385.6419,42.5567,-76.9614,-1.1204,-0.0000,0.0000,156,0.0087,42.7595,-77.3553,0.4431,0.4431,-1.0955,0.0249,1.4266,0.0000,0.0000,0,1
1789855385.6967,42.5567,-76.9614,-1.1204,-0.0000,-0.0000,156,0.0087,42.7595,-77.3553,0.4431,0.4431,-1.0955,0.0249,1.4266,0.0000,0.0000,0,1
1789855385.7431,42.5567,-76.9614,-1.1204,-0.0000,-0.0000,156,0.0087,42.7595,-77.3553,0.4431,0.4431,-1.0955,0.0249,1.4266,0.0000,0.0000,0,1
1789855385.7923,42.5567,-76.9614,-1.1204,-0.0000,0.0000,156,0.0087,42.7595,-77.3553,0.4431,0.4431,-1.0955,0.0249,1.4266,0.0000,0.0000,0,1
1789855385.8419,42.5567,-76.9614,-1.1204,-0.0000,0.0000,156,0.0087,42.7595,-77.3553,0.4431,0.4431,-1.0955,0.0249,1.4266,0.0000,0.0000,0,1
1789855385.8918,42.5567,-76.9614,-1.1204,-0.0000,0.0000,156,0.0087,42.7595,-77.3553,0.4431,0.4431,-1.0955,0.0249,1.4265,0.0000,0.0000,0,1
1789855385.9426,42.5567,-76.9614,-1.1204,-0.0000,0.0000,156,0.0087,42.7595,-77.3553,0.4431,0.4431,-1.0955,0.0249,1.4265,0.0000,0.0000,0,1
1789855385.9921,42.5567,-76.9614,-1.1204,-0.0000,0.0000,156,0.0087,42.7595,-77.3553,0.4431,0.4431,-1.0955,0.0249,1.4265,0.0000,0.0000,0,1
1789855386.0424,42.5567,-76.9614,-1.1204,-0.0000,0.0000,156,0.0087,42.7595,-77.3553,0.4431,0.4431,-1.0955,0.0249,1.4265,0.0000,0.0000,0,1
1789855386.0922,42.5567,-76.9614,-1.1204,-0.0000,0.0000,156,0.0087,42.7595,-77.3553,0.4431,0.4431,-1.0955,0.0249,1.4265,0.0000,0.0000,0,1
1789855386.1422,42.5567,-76.9614,-1.1204,-0.0000,0.0000,156,0.0087,42.7595,-77.3553,0.4431,0.4431,-1.0955,0.0249,1.4265,0.0000,0.0000,0,1
1789855386.1925,42.5567,-76.9614,-1.1204,-0.0000,0.0000,156,0.0087,42.7595,-77.3553,0.4431,0.4431,-1.0955,0.0249,1.4265,0.0000,0.0000,0,1
1789855386.2425,42.5567,-76.9614,-1.1204,-0.0000,0.0000,156,0.0087,42.7595,-77.3553,0.4431,0.4431,-1.0955,0.0249,1.4265,0.0000,0.0000,0,1
1789855386.2931,42.5567,-76.9614,-1.1204,-0.0000,0.0000,156,0.0087,42.7595,-77.3553,0.4431,0.4431,-1.0955,0.0249,1.4265,0.0000,0.0000,0,1
1789855386.3423,42.5567,-76.9614,-1.1204,-0.0000,0.0000,156,0.0087,42.7595,-77.3553,0.4431,0.4431,-1.0955,0.0249,1.4265,0.0000,0.0000,0,1
1789855386.3936,42.5567,-76.9614,-1.1204,-0.0000,0.0000,156,0.0087,42.7595,-77.3553,0.4431,0.4431,-1.0955,0.0249,1.4265,0.0000,0.0000,0,1
1789855386.4426,42.5567,-76.9614,-1.1204,-0.0000,0.0000,156,0.0087,42.7595,-77.3553,0.4431,0.4431,-1.0955,0.0249,1.4265,0.0000,0.0000,0,1
1789855386.4923,42.5567,-76.9614,-1.1204,0.0000,0.0000,156,0.0087,42.7595,-77.3553,0.4431,0.4431,-1.0955,0.0249,1.4265,0.0000,0.0000,0,1
1789855386.5420,42.5567,-76.9614,-1.1204,-0.0000,0.0000,156,0.0087,42.7595,-77.3553,0.4431,0.4431,-1.0955,0.0249,1.4265,0.0000,0.0000,0,1
1789855386.5920,42.5567,-76.9614,-1.1204,-0.0000,0.0000,156,0.0087,42.7595,-77.3553,0.4431,0.4431,-1.0955,0.0249,1.4265,0.0000,0.0000,0,1
1789855386.6440,42.5567,-76.9614,-1.1204,0.0000,0.0000,156,0.0087,42.7595,-77.3553,0.4431,0.4431,-1.0955,0.0249,1.4265,0.0000,0.0000,0,1
1789855386.6925,42.5567,-76.9614,-1.1204,-0.0000,0.0000,156,0.0087,42.7595,-77.3553,0.4431,0.4431,-1.0955,0.0249,1.4265,0.0000,0.0000,0,1
1789855386.7425,42.5567,-76.9614,-1.1204,0.0000,0.0000,156,0.0087,42.7595,-77.3553,0.4431,0.4431,-1.0955,0.0249,1.4265,0.0000,0.0000,0,1
1789855386.7927,42.5567,-76.9614,-1.1204,-0.0000,0.0000,156,0.0087,42.7595,-77.3553,0.4431,0.4431,-1.0955,0.0249,1.4265,0.0000,0.0000,0,1
1789855386.8440,42.5567,-76.9614,-1.1204,0.0000,0.0000,156,0.0087,42.7595,-77.3553,0.4431,0.4431,-1.0955,0.0249,1.4265,0.0000,0.0000,0,1
1789855386.8928,42.5567,-76.9614,-1.1204,-0.0000,0.0000,156,0.0087,42.7595,-77.3553,0.4431,0.4431,-1.0955,0.0249,1.4265,0.0000,0.0000,0,1
1789855386.9425,42.5567,-76.9614,-1.1204,0.0000,0.0000,156,0.0087,42.7595,-77.3553,0.4431,0.4431,-1.0955,0.0249,1.4265,0.0000,0.0000,0,1
1789855386.9923,42.5567,-76.9614,-1.1204,0.0000,0.0000,156,0.0087,42.7595,-77.3553,0.4431,0.4431,-1.0955,0.0249,1.4265,0.0000,0.0000,0,1
1789855387.0448,42.5567,-76.9614,-1.1204,0.0000,0.0000,156,0.0087,42.7595,-77.3553,0.4431,0.4431,-1.0955,0.0249,1.4265,0.0000,0.0000,0,1
1789855387.1072,42.5567,-76.9614,-1.1204,0.0000,0.0000,156,0.0087,42.7595,-77.3553,0.4431,0.4431,-1.0955,0.0249,1.4265,0.0000,0.0000,0,1
1789855387.1422,42.5567,-76.9614,-1.1204,0.0000,0.0000,156,0.0087,42.7595,-77.3553,0.4431,0.4431,-1.0955,0.0249,1.4265,0.0000,0.0000,0,1
1789855387.1940,42.5567,-76.9614,-1.1204,-0.0000,0.0000,156,0.0087,42.7595,-77.3553,0.4431,0.4431,-1.0955,0.0249,1.4264,0.0000,0.0000,0,1
1789855387.2447,42.5567,-76.9614,-1.1204,0.0000,0.0000,156,0.0087,42.7595,-77.3553,0.4431,0.4431,-1.0955,0.0249,1.4264,0.0000,0.0000,0,1
1789855387.2924,42.5567,-76.9614,-1.1204,0.0000,0.0000,156,0.0087,42.7595,-77.3553,0.4431,0.4431,-1.0955,0.0249,1.4264,0.0000,0.0000,0,1
1789855387.3421,42.5567,-76.9614,-1.1204,0.0000,0.0000,156,0.0087,42.7595,-77.3553,0.4431,0.4431,-1.0955,0.0249,1.4264,0.0000,0.0000,0,1
1789855387.3922,42.5567,-76.9614,-1.1204,0.0000,0.0000,156,0.0087,42.7595,-77.3553,0.4431,0.4431,-1.0955,0.0249,1.4264,0.0000,0.0000,0,1
1789855387.4423,42.5567,-76.9614,-1.1204,0.0000,0.0000,156,0.0087,42.7595,-77.3553,0.4431,0.4431,-1.0955,0.0249,1.4264,0.0000,0.0000,0,1
1789855387.4918,42.5567,-76.9614,-1.1204,0.0000,0.0000,156,0.0087,42.7595,-77.3553,0.4431,0.4431,-1.0955,0.0249,1.4264,0.0000,0.0000,0,1
1789855387.5422,42.5567,-76.9614,-1.1204,0.0000,0.0000,156,0.0087,42.7595,-77.3553,0.4431,0.4431,-1.0955,0.0249,1.4264,0.0000,0.0000,0,1
1789855387.5923,42.5567,-76.9614,-1.1204,-0.0000,0.0000,156,0.0087,42.7595,-77.3553,0.4431,0.4431,-1.0955,0.0249,1.4264,0.0000,0.0000,0,1
1789855387.6433,42.5567,-76.9614,-1.1204,0.0000,0.0000,156,0.0087,42.7595,-77.3553,0.4431,0.4431,-1.0955,0.0249,1.4264,0.0000,0.0000,0,1
1789855387.6919,42.5567,-76.9614,-1.1204,0.0000,0.0000,156,0.0087,42.7595,-77.3553,0.4431,0.4431,-1.0955,0.0249,1.4264,0.0000,0.0000,0,1
1789855387.7423,42.5567,-76.9614,-1.1204,0.0000,0.0000,156,0.0087,42.7595,-77.3553,0.4431,0.4431,-1.0955,0.0249,1.4264,0.0000,0.0000,0,1
1789855387.7944,42.5567,-76.9614,-1.1204,0.0000,0.0000,156,0.0087,42.7595,-77.3553,0.4431,0.4431,-1.0955,0.0249,1.4264,0.0000,0.0000,0,1
1789855387.8442,42.5567,-76.9614,-1.1204,0.0000,0.0000,156,0.0087,42.7595,-77.3553,0.4431,0.4431,-1.0955,0.0249,1.4264,0.0000,0.0000,0,1
1789855387.8925,42.5567,-76.9614,-1.1204,0.0000,0.0000,156,0.0087,42.7595,-77.3553,0.4431,0.4431,-1.0955,0.0249,1.4264,0.0000,0.0000,0,1
1789855387.9421,42.5567,-76.9614,-1.1204,0.0000,0.0000,156,0.0087,42.7595,-77.3553,0.4431,0.4431,-1.0955,0.0249,1.4264,0.0000,0.0000,0,1
1789855387.9921,42.5567,-76.9614,-1.1204,0.0000,0.0000,156,0.0087,42.7595,-77.3553,0.4431,0.4431,-1.0955,0.0249,1.4264,0.0000,0.0000,0,1
1789855388.0423,42.5567,-76.9614,-1.1204,0.0000,0.0000,156,0.0087,42.7595,-77.3553,0.4431,0.4431,-1.0955,0.0249,1.4264,0.0000,0.0000,0,1
1789855388.0921,42.5567,-76.9614,-1.1204,0.0000,0.0000,156,0.0087,42.7595,-77.3553,0.4431,0.4431,-1.0955,0.0249,1.4264,0.0000,0.0000,0,1
1789855388.1456,42.5567,-76.9614,-1.1204,0.0000,0.0000,156,0.0087,42.7595,-77.3553,0.4431,0.4431,-1.0955,0.0249,1.4264,0.0000,0.0000,0,1
1789855388.1963,42.5567,-76.9614,-1.1204,0.0000,0.0000,156,0.0087,42.7595,-77.3553,0.4431,0.4431,-1.0955,0.0249,1.4264,0.0000,0.0000,0,1
1789855388.2421,42.5567,-76.9614,-1.1204,0.0000,0.0000,156,0.0087,42.7595,-77.3553,0.4431,0.4431,-1.0955,0.0249,1.4264,0.0000,0.0000,0,1
1789855388.2937,42.5567,-76.9614,-1.1204,0.0000,0.0000,156,0.0087,42.7595,-77.3553,0.4431,0.4431,-1.0955,0.0249,1.4264,0.0000,0.0000,0,1
1789855388.3423,42.5567,-76.9614,-1.1204,0.0000,0.0000,156,0.0087,42.7595,-77.3553,0.4431,0.4431,-1.0955,0.0249,1.4264,0.0000,0.0000,0,1
1789855388.3920,42.5567,-76.9614,-1.1204,0.0000,0.0000,156,0.0087,42.7595,-77.3553,0.4431,0.4431,-1.0955,0.0249,1.4264,0.0000,0.0000,0,1
1789855388.4425,42.5567,-76.9614,-1.1204,0.0000,0.0000,156,0.0087,42.7595,-77.3553,0.4431,0.4431,-1.0955,0.0249,1.4264,0.0000,0.0000,0,1
1789855388.4962,42.5567,-76.9614,-1.1204,0.0000,0.0000,156,0.0087,42.7595,-77.3553,0.4431,0.4431,-1.0955,0.0249,1.4264,0.0000,0.0000,0,1
1789855388.5419,42.5567,-76.9614,-1.1204,0.0000,0.0000,156,0.0087,42.7595,-77.3553,0.4431,0.4431,-1.0955,0.0249,1.4264,0.0000,0.0000,0,1
1789855388.5924,42.5567,-76.9614,-1.1204,0.0000,0.0000,156,0.0087,42.7595,-77.3553,0.4431,0.4431,-1.0955,0.0249,1.4264,0.0000,0.0000,0,1
1789855388.6423,42.5567,-76.9614,-1.1204,0.0000,0.0000,156,0.0087,42.7595,-77.3553,0.4431,0.4431,-1.0955,0.0249,1.4264,0.0000,0.0000,0,1
1789855388.6920,42.5567,-76.9614,-1.1204,0.0000,0.0000,156,0.0087,42.7595,-77.3553,0.4431,0.4431,-1.0955,0.0249,1.4264,0.0000,0.0000,0,1
1789855388.7419,42.5567,-76.9614,-1.1204,0.0000,0.0000,156,0.0087,42.7595,-77.3553,0.4431,0.4431,-1.0955,0.0249,1.4264,0.0000,0.0000,0,1
1789855388.7925,42.5567,-76.9614,-1.1204,0.0000,0.0000,156,0.0087,42.7595,-77.3553,0.4431,0.4431,-1.0955,0.0249,1.4264,0.0000,0.0000,0,1
1789855388.8423,42.5567,-76.9614,-1.1203,0.0003,0.0011,156,0.0087,42.7595,-77.3553,0.4431,0.4431,-1.0955,0.0248,1.4224,0.0000,0.0000,0,1
1789855388.8926,42.5569,-76.9614,-1.1199,0.0022,0.0093,156,0.0086,42.7595,-77.3553,0.4430,0.4430,-1.0957,0.0242,1.3887,0.0000,0.0000,0,1
1789855388.9434,42.5569,-76.9614,-1.1199,-0.0001,-0.0000,156,0.0086,42.7595,-77.3553,0.4430,0.4430,-1.0957,0.0242,1.3890,0.0000,0.0000,0,1
1789855388.9921,42.5569,-76.9614,-1.1199,0.0000,-0.0000,156,0.0086,42.7595,-77.3553,0.4430,0.4430,-1.0957,0.0242,1.3890,0.0000,0.0000,0,1
1789855389.0420,42.5569,-76.9614,-1.1199,0.0000,0.0000,156,0.0086,42.7595,-77.3553,0.4430,0.4430,-1.0957,0.0242,1.3890,0.0000,0.0000,0,1
1789855389.0932,42.5569,-76.9614,-1.1199,0.0000,0.0000,156,0.0086,42.7595,-77.3553,0.4430,0.4430,-1.0957,0.0242,1.3890,0.0000,0.0000,0,1
1789855389.1423,42.5569,-76.9614,-1.1199,0.0000,0.0000,156,0.0086,42.7595,-77.3553,0.4430,0.4430,-1.0957,0.0242,1.3890,0.0000,0.0000,0,1
1789855389.1932,42.5569,-76.9614,-1.1199,0.0000,0.0000,156,0.0086,42.7595,-77.3553,0.4430,0.4430,-1.0957,0.0242,1.3890,0.0000,0.0000,0,1
1789855389.2463,42.5569,-76.9614,-1.1199,0.0000,0.0000,156,0.0086,42.7595,-77.3553,0.4430,0.4430,-1.0957,0.0242,1.3890,0.0000,0.0000,0,1
1789855389.2935,42.5569,-76.9614,-1.1199,0.0000,0.0000,156,0.0086,42.7595,-77.3553,0.4430,0.4430,-1.0957,0.0242,1.3890,0.0000,0.0000,0,1
1789855389.3425,42.5569,-76.9614,-1.1199,0.0000,0.0000,156,0.0086,42.7595,-77.3553,0.4430,0.4430,-1.0957,0.0242,1.3890,0.0000,0.0000,0,1
1789855389.3994,42.5569,-76.9614,-1.1199,0.0000,0.0000,156,0.0086,42.7595,-77.3553,0.4430,0.4430,-1.0957,0.0242,1.3890,0.0000,0.0000,0,1
1789855389.4424,42.5569,-76.9614,-1.1199,0.0000,0.0000,156,0.0086,42.7595,-77.3553,0.4430,0.4430,-1.0957,0.0242,1.3890,0.0000,0.0000,0,1
1789855389.4925,42.5569,-76.9614,-1.1199,0.0000,0.0000,156,0.0086,42.7595,-77.3553,0.4430,0.4430,-1.0957,0.0242,1.3889,0.0000,0.0000,0,1
1789855389.5426,42.5569,-76.9614,-1.1199,0.0000,0.0000,156,0.0086,42.7595,-77.3553,0.4430,0.4430,-1.0957,0.0242,1.3889,0.0000,0.0000,0,1
1789855389.5918,42.5569,-76.9614,-1.1199,0.0000,0.0000,156,0.0086,42.7595,-77.3553,0.4430,0.4430,-1.0957,0.0242,1.3889,0.0000,0.0000,0,1
1789855389.6423,42.5569,-76.9614,-1.1197,0.0013,0.0057,156,0.0086,42.7595,-77.3553,0.4429,0.4429,-1.0958,0.0239,1.3685,0.0000,0.0000,0,1
1789855389.6928,42.5571,-76.9615,-1.1192,0.0031,0.0132,156,0.0084,42.7595,-77.3553,0.4428,0.4428,-1.0961,0.0231,1.3209,0.0000,0.0000,0,1
1789855389.7424,42.5571,-76.9615,-1.1192,-0.0001,-0.0000,156,0.0084,42.7595,-77.3553,0.4428,0.4428,-1.0961,0.0231,1.3213,0.0000,0.0000,0,1
1789855389.7926,42.5571,-76.9615,-1.1192,0.0000,0.0000,156,0.0084,42.7595,-77.3553,0.4428,0.4428,-1.0961,0.0231,1.3213,0.0000,0.0000,0,1
1789855389.8424,42.5571,-76.9615,-1.1192,0.0000,-0.0000,156,0.0084,42.7595,-77.3553,0.4428,0.4428,-1.0961,0.0231,1.3213,0.0000,0.0000,0,1
1789855389.9054,42.5571,-76.9615,-1.1192,0.0000,0.0000,156,0.0084,42.7595,-77.3553,0.4428,0.4428,-1.0961,0.0231,1.3213,0.0000,0.0000,0,1
1789855389.9423,42.5571,-76.9615,-1.1192,0.0000,0.0000,156,0.0084,42.7595,-77.3553,0.4428,0.4428,-1.0961,0.0231,1.3213,0.0000,0.0000,0,1
1789855389.9930,42.5571,-76.9615,-1.1192,0.0000,0.0000,156,0.0084,42.7595,-77.3553,0.4428,0.4428,-1.0961,0.0231,1.3213,0.0000,0.0000,0,1
1789855390.0420,42.5571,-76.9615,-1.1192,0.0000,-0.0000,156,0.0084,42.7595,-77.3553,0.4428,0.4428,-1.0961,0.0231,1.3212,0.0000,0.0000,0,1
1789855390.0924,42.5571,-76.9615,-1.1192,0.0000,0.0000,156,0.0084,42.7595,-77.3553,0.4428,0.4428,-1.0961,0.0231,1.3212,0.0000,0.0000,0,1
1789855390.1421,42.5571,-76.9615,-1.1192,0.0000,0.0000,156,0.0084,42.7595,-77.3553,0.4428,0.4428,-1.0961,0.0231,1.3212,0.0000,0.0000,0,1
1789855390.1941,42.5571,-76.9615,-1.1192,0.0000,0.0000,156,0.0084,42.7595,-77.3553,0.4428,0.4428,-1.0961,0.0231,1.3212,0.0000,0.0000,0,1
1789855390.2422,42.5571,-76.9615,-1.1192,0.0000,0.0000,156,0.0084,42.7595,-77.3553,0.4428,0.4428,-1.0961,0.0231,1.3212,0.0000,0.0000,0,1
1789855390.2919,42.5571,-76.9615,-1.1192,0.0000,0.0000,156,0.0084,42.7595,-77.3553,0.4428,0.4428,-1.0961,0.0231,1.3212,0.0000,0.0000,0,1
1789855390.3425,42.5571,-76.9615,-1.1192,0.0000,-0.0000,156,0.0084,42.7595,-77.3553,0.4428,0.4428,-1.0961,0.0231,1.3212,0.0000,0.0000,0,1
1789855390.3922,42.5571,-76.9615,-1.1192,0.0000,0.0000,156,0.0084,42.7595,-77.3553,0.4428,0.4428,-1.0961,0.0231,1.3212,0.0000,0.0000,0,1
1789855390.4419,42.5571,-76.9615,-1.1192,0.0000,0.0000,156,0.0084,42.7595,-77.3553,0.4428,0.4428,-1.0961,0.0231,1.3212,0.0000,0.0000,0,1
1789855390.4953,42.5571,-76.9615,-1.1192,0.0000,0.0000,156,0.0084,42.7595,-77.3553,0.4428,0.4428,-1.0961,0.0231,1.3212,0.0000,0.0000,0,1
1789855390.5421,42.5571,-76.9615,-1.1192,0.0000,0.0000,156,0.0084,42.7595,-77.3553,0.4428,0.4428,-1.0961,0.0231,1.3212,0.0000,0.0000,0,1
1789855390.5924,42.5571,-76.9615,-1.1192,0.0000,0.0000,156,0.0084,42.7595,-77.3553,0.4428,0.4428,-1.0961,0.0231,1.3212,0.0000,0.0000,0,1
1789855390.6424,42.5571,-76.9615,-1.1192,0.0002,0.0010,156,0.0084,42.7595,-77.3553,0.4428,0.4428,-1.0962,0.0230,1.3178,0.0000,0.0000,0,1
1789855390.6924,42.5572,-76.9615,-1.1188,0.0006,0.0030,156,0.0084,42.7595,-77.3553,0.4427,0.4427,-1.0963,0.0225,1.2904,0.0000,0.0000,0,1
1789855390.7419,42.5572,-76.9615,-1.1188,0.0000,0.0000,156,0.0084,42.7595,-77.3553,0.4427,0.4427,-1.0963,0.0225,1.2904,0.0000,0.0000,0,1
1789855390.7924,42.5572,-76.9615,-1.1188,0.0000,-0.0000,156,0.0084,42.7595,-77.3553,0.4427,0.4427,-1.0963,0.0225,1.2903,0.0000,0.0000,0,1
1789855390.8441,42.5572,-76.9615,-1.1188,0.0000,-0.0000,156,0.0084,42.7595,-77.3553,0.4427,0.4427,-1.0963,0.0225,1.2903,0.0000,0.0000,0,1
1789855390.8931,42.5572,-76.9615,-1.1188,0.0000,0.0000,156,0.0084,42.7595,-77.3553,0.4427,0.4427,-1.0963,0.0225,1.2903,0.0000,0.0000,0,1
1789855390.9446,42.5572,-76.9615,-1.1188,0.0000,-0.0000,156,0.0084,42.7595,-77.3553,0.4427,0.4427,-1.0963,0.0225,1.2903,0.0000,0.0000,0,1
1789855390.9924,42.5572,-76.9615,-1.1188,0.0000,0.0000,156,0.0084,42.7595,-77.3553,0.4427,0.4427,-1.0963,0.0225,1.2903,0.0000,0.0000,0,1
1789855391.0422,42.5572,-76.9615,-1.1188,0.0000,-0.0000,156,0.0084,42.7595,-77.3553,0.4427,0.4427,-1.0963,0.0225,1.2903,0.0000,0.0000,0,1
1789855391.0924,42.5572,-76.9615,-1.1188,0.0000,0.0000,156,0.0084,42.7595,-77.3553,0.4427,0.4427,-1.0963,0.0225,1.2903,0.0000,0.0000,0,1
1789855391.1424,42.5572,-76.9615,-1.1188,0.0000,0.0000,156,0.0084,42.7595,-77.3553,0.4427,0.4427,-1.0963,0.0225,1.2903,0.0000,0.0000,0,1
1789855391.1951,42.5572,-76.9615,-1.1188,0.0000,0.0000,156,0.0084,42.7595,-77.3553,0.4427,0.4427,-1.0963,0.0225,1.2902,0.0000,0.0000,0,1
1789855391.2455,42.5572,-76.9615,-1.1188,0.0000,0.0000,156,0.0084,42.7595,-77.3553,0.4427,0.4427,-1.0963,0.0225,1.2902,0.0000,0.0000,0,1
1789855391.2925,42.5572,-76.9615,-1.1188,0.0000,0.0000,156,0.0084,42.7595,-77.3553,0.4427,0.4427,-1.0963,0.0225,1.2902,0.0000,0.0000,0,1
1789855391.3429,42.5572,-76.9615,-1.1188,0.0000,0.0000,156,0.0084,42.7595,-77.3553,0.4427,0.4427,-1.0963,0.0225,1.2902,0.0000,0.0000,0,1
1789855391.3922,42.5572,-76.9615,-1.1188,0.0000,0.0000,156,0.0084,42.7595,-77.3553,0.4427,0.4427,-1.0963,0.0225,1.2902,0.0000,0.0000,0,1
1789855391.4421,42.5572,-76.9615,-1.1188,0.0000,0.0000,156,0.0084,42.7595,-77.3553,0.4427,0.4427,-1.0963,0.0225,1.2902,0.0000,0.0000,0,1
1789855391.4924,42.5573,-76.9615,-1.1186,0.0013,0.0056,156,0.0083,42.7595,-77.3553,0.4427,0.4427,-1.0965,0.0222,1.2700,0.0000,0.0000,0,1
1789855391.5422,42.5573,-76.9616,-1.1185,0.0007,0.0029,156,0.0083,42.7595,-77.3553,0.4426,0.4426,-1.0965,0.0220,1.2594,0.0000,0.0000,0,1
1789855391.5919,42.5573,-76.9616,-1.1185,0.0000,0.0000,156,0.0083,42.7595,-77.3553,0.4426,0.4426,-1.0965,0.0220,1.2594,0.0000,0.0000,0,1
1789855391.6434,42.5573,-76.9616,-1.1185,0.0000,0.0000,156,0.0083,42.7595,-77.3553,0.4426,0.4426,-1.0965,0.0220,1.2594,0.0000,0.0000,0,1
1789855391.6923,42.5573,-76.9616,-1.1185,0.0000,0.0000,156,0.0083,42.7595,-77.3553,0.4426,0.4426,-1.0965,0.0220,1.2594,0.0000,0.0000,0,1
1789855391.7425,42.5573,-76.9616,-1.1185,0.0000,0.0000,156,0.0083,42.7595,-77.3553,0.4426,0.4426,-1.0965,0.0220,1.2594,0.0000,0.0000,0,1
1789855391.7927,42.5573,-76.9616,-1.1185,0.0000,0.0000,156,0.0083,42.7595,-77.3553,0.4426,0.4426,-1.0965,0.0220,1.2594,0.0000,0.0000,0,1
1789855391.8475,42.5573,-76.9616,-1.1185,0.0000,0.0000,156,0.0083,42.7595,-77.3553,0.4426,0.4426,-1.0965,0.0220,1.2594,0.0000,0.0000,0,1
1789855391.8930,42.5573,-76.9616,-1.1185,0.0000,0.0000,156,0.0083,42.7595,-77.3553,0.4426,0.4426,-1.0965,0.0220,1.2594,0.0000,0.0000,0,1
1789855391.9420,42.5573,-76.9616,-1.1185,0.0000,0.0000,156,0.0083,42.7595,-77.3553,0.4426,0.4426,-1.0965,0.0220,1.2594,0.0000,0.0000,0,1
1789855391.9994,42.5573,-76.9616,-1.1185,0.0000,0.0000,156,0.0083,42.7595,-77.3553,0.4426,0.4426,-1.0965,0.0220,1.2594,0.0000,0.0000,0,1
1789855392.0484,42.5573,-76.9616,-1.1185,0.0000,0.0000,156,0.0083,42.7595,-77.3553,0.4426,0.4426,-1.0965,0.0220,1.2594,0.0000,0.0000,0,1
1789855392.0923,42.5573,-76.9616,-1.1185,0.0000,0.0000,156,0.0083,42.7595,-77.3553,0.4426,0.4426,-1.0965,0.0220,1.2594,0.0000,0.0000,0,1
1789855392.1430,42.5573,-76.9616,-1.1185,0.0000,0.0000,156,0.0083,42.7595,-77.3553,0.4426,0.4426,-1.0965,0.0220,1.2594,0.0000,0.0000,0,1
1789855392.1926,42.5573,-76.9616,-1.1185,0.0000,0.0000,156,0.0083,42.7595,-77.3553,0.4426,0.4426,-1.0965,0.0220,1.2594,0.0000,0.0000,0,1
1789855392.2421,42.5573,-76.9616,-1.1185,0.0002,0.0010,156,0.0083,42.7595,-77.3553,0.4426,0.4426,-1.0965,0.0219,1.2560,0.0000,0.0000,0,1
1789855392.2927,42.5574,-76.9616,-1.1182,0.0018,0.0077,156,0.0082,42.7595,-77.3553,0.4426,0.4426,-1.0967,0.0214,1.2281,0.0000,0.0000,0,1
1789855392.3421,42.5574,-76.9616,-1.1182,0.0000,0.0000,156,0.0082,42.7595,-77.3553,0.4426,0.4426,-1.0967,0.0214,1.2284,0.0000,0.0000,0,1
1789855392.3922,42.5574,-76.9616,-1.1182,0.0000,-0.0000,156,0.0082,42.7595,-77.3553,0.4426,0.4426,-1.0967,0.0214,1.2284,0.0000,0.0000,0,1
1789855392.4427,42.5574,-76.9616,-1.1182,0.0000,-0.0000,156,0.0082,42.7595,-77.3553,0.4426,0.4426,-1.0967,0.0214,1.2284,0.0000,0.0000,0,1
1789855392.4920,42.5574,-76.9616,-1.1182,0.0000,0.0000,156,0.0082,42.7595,-77.3553,0.4426,0.4426,-1.0967,0.0214,1.2284,0.0000,0.0000,0,1
1789855392.5421,42.5574,-76.9616,-1.1182,0.0000,-0.0000,156,0.0082,42.7595,-77.3553,0.4426,0.4426,-1.0967,0.0214,1.2283,0.0000,0.0000,0,1
1789855392.5919,42.5574,-76.9616,-1.1182,0.0000,0.0000,156,0.0082,42.7595,-77.3553,0.4426,0.4426,-1.0967,0.0214,1.2283,0.0000,0.0000,0,1
1789855392.6422,42.5574,-76.9616,-1.1182,0.0000,-0.0000,156,0.0082,42.7595,-77.3553,0.4426,0.4426,-1.0967,0.0214,1.2283,0.0000,0.0000,0,1
1789855392.6921,42.5574,-76.9616,-1.1182,0.0000,-0.0000,156,0.0082,42.7595,-77.3553,0.4426,0.4426,-1.0967,0.0214,1.2283,0.0000,0.0000,0,1
1789855392.7423,42.5574,-76.9616,-1.1182,0.0000,0.0000,156,0.0082,42.7595,-77.3553,0.4426,0.4426,-1.0967,0.0214,1.2283,0.0000,0.0000,0,1
1789855392.7925,42.5574,-76.9616,-1.1182,0.0000,0.0000,156,0.0082,42.7595,-77.3553,0.4426,0.4426,-1.0967,0.0214,1.2283,0.0000,0.0000,0,1
1789855392.8422,42.5574,-76.9616,-1.1182,0.0000,-0.0000,156,0.0082,42.7595,-77.3553,0.4426,0.4426,-1.0967,0.0214,1.2283,0.0000,0.0000,0,1
1789855392.8920,42.5574,-76.9616,-1.1182,0.0000,0.0000,156,0.0082,42.7595,-77.3553,0.4426,0.4426,-1.0967,0.0214,1.2283,0.0000,0.0000,0,1
1789855392.9424,42.5574,-76.9616,-1.1182,0.0000,0.0000,156,0.0082,42.7595,-77.3553,0.4426,0.4426,-1.0967,0.0214,1.2283,0.0000,0.0000,0,1
1789855392.9919,42.5575,-76.9616,-1.1181,0.0002,0.0010,156,0.0082,42.7595,-77.3553,0.4426,0.4426,-1.0967,0.0214,1.2248,0.0000,0.0000,0,1
1789855393.0422,42.5576,-76.9616,-1.1176,0.0031,0.0133,156,0.0080,42.7595,-77.3553,0.4424,0.4424,-1.0970,0.0205,1.1771,0.0000,0.0000,0,1
1789855393.0938,42.5577,-76.9617,-1.1174,-0.0001,-0.0000,156,0.0080,42.7595,-77.3553,0.4424,0.4424,-1.0971,0.0203,1.1609,0.0000,0.0000,0,1
1789855393.1422,42.5577,-76.9617,-1.1174,0.0000,0.0000,156,0.0080,42.7595,-77.3553,0.4424,0.4424,-1.0971,0.0203,1.1609,0.0000,0.0000,0,1
1789855393.1920,42.5577,-76.9617,-1.1174,0.0000,-0.0000,156,0.0080,42.7595,-77.3553,0.4424,0.4424,-1.0971,0.0203,1.1609,0.0000,0.0000,0,1
1789855393.2425,42.5577,-76.9617,-1.1174,0.0000,0.0000,156,0.0080,42.7595,-77.3553,0.4424,0.4424,-1.0971,0.0203,1.1609,0.0000,0.0000,0,1
1789855393.2926,42.5577,-76.9617,-1.1174,0.0000,0.0000,156,0.0080,42.7595,-77.3553,0.4424,0.4424,-1.0971,0.0203,1.1609,0.0000,0.0000,0,1
1789855393.3420,42.5577,-76.9617,-1.1174,0.0000,0.0000,156,0.0080,42.7595,-77.3553,0.4424,0.4424,-1.0971,0.0203,1.1609,0.0000,0.0000,0,1
1789855393.3921,42.5577,-76.9617,-1.1174,0.0000,-0.0000,156,0.0080,42.7595,-77.3553,0.4424,0.4424,-1.0971,0.0203,1.1609,0.0000,0.0000,0,1
1789855393.4425,42.5577,-76.9617,-1.1174,0.0000,0.0000,156,0.0080,42.7595,-77.3553,0.4424,0.4424,-1.0971,0.0203,1.1609,0.0000,0.0000,0,1
1789855393.4925,42.5577,-76.9617,-1.1174,0.0000,0.0000,156,0.0080,42.7595,-77.3553,0.4424,0.4424,-1.0971,0.0203,1.1609,0.0000,0.0000,0,1
1789855393.5426,42.5577,-76.9617,-1.1174,0.0000,0.0000,156,0.0080,42.7595,-77.3553,0.4424,0.4424,-1.0971,0.0203,1.1609,0.0000,0.0000,0,1
1789855393.5923,42.5577,-76.9617,-1.1174,0.0000,0.0000,156,0.0080,42.7595,-77.3553,0.4424,0.4424,-1.0971,0.0203,1.1609,0.0000,0.0000,0,1
1789855393.6424,42.5577,-76.9617,-1.1174,0.0000,0.0000,156,0.0080,42.7595,-77.3553,0.4424,0.4424,-1.0971,0.0203,1.1609,0.0000,0.0000,0,1
1789855393.6920,42.5577,-76.9617,-1.1174,0.0000,-0.0000,156,0.0080,42.7595,-77.3553,0.4424,0.4424,-1.0971,0.0203,1.1609,0.0000,0.0000,0,1
1789855393.7418,42.5577,-76.9617,-1.1174,0.0000,0.0000,156,0.0080,42.7595,-77.3553,0.4424,0.4424,-1.0971,0.0203,1.1609,0.0000,0.0000,0,1
1789855393.7974,42.5577,-76.9617,-1.1174,0.0000,0.0000,156,0.0080,42.7595,-77.3553,0.4424,0.4424,-1.0971,0.0203,1.1609,0.0000,0.0000,0,1
1789855393.8422,42.5577,-76.9617,-1.1174,0.0000,0.0000,156,0.0080,42.7595,-77.3553,0.4424,0.4424,-1.0971,0.0203,1.1609,0.0000,0.0000,0,1
1789855393.8923,42.5577,-76.9617,-1.1174,0.0000,0.0000,156,0.0080,42.7595,-77.3553,0.4424,0.4424,-1.0971,0.0203,1.1609,0.0000,0.0000,0,1
1789855393.9425,42.5577,-76.9617,-1.1174,0.0000,0.0000,156,0.0080,42.7595,-77.3553,0.4424,0.4424,-1.0971,0.0203,1.1609,0.0000,0.0000,0,1
1789855393.9925,42.5577,-76.9617,-1.1174,0.0000,0.0000,156,0.0080,42.7595,-77.3553,0.4424,0.4424,-1.0971,0.0203,1.1609,0.0000,0.0000,0,1
1789855394.0420,42.5577,-76.9617,-1.1174,0.0000,0.0000,156,0.0080,42.7595,-77.3553,0.4424,0.4424,-1.0971,0.0203,1.1609,0.0000,0.0000,0,1
1789855394.0923,42.5577,-76.9617,-1.1174,0.0000,0.0000,156,0.0080,42.7595,-77.3553,0.4424,0.4424,-1.0971,0.0203,1.1609,0.0000,0.0000,0,1
1789855394.1428,42.5577,-76.9617,-1.1174,0.0000,0.0000,156,0.0080,42.7595,-77.3553,0.4424,0.4424,-1.0971,0.0203,1.1609,0.0000,0.0000,0,1
1789855394.1922,42.5577,-76.9617,-1.1174,0.0000,0.0000,156,0.0080,42.7595,-77.3553,0.4424,0.4424,-1.0971,0.0203,1.1609,0.0000,0.0000,0,1
1789855394.2428,42.5577,-76.9617,-1.1174,0.0000,0.0000,156,0.0080,42.7595,-77.3553,0.4424,0.4424,-1.0971,0.0203,1.1609,0.0000,0.0000,0,1
1789855394.2942,42.5577,-76.9617,-1.1174,0.0000,0.0000,156,0.0080,42.7595,-77.3553,0.4424,0.4424,-1.0971,0.0203,1.1609,0.0000,0.0000,0,1
1789855394.3423,42.5577,-76.9617,-1.1174,0.0000,0.0000,156,0.0080,42.7595,-77.3553,0.4424,0.4424,-1.0971,0.0203,1.1609,0.0000,0.0000,0,1
1789855394.3918,42.5577,-76.9617,-1.1174,0.0000,0.0000,156,0.0080,42.7595,-77.3553,0.4424,0.4424,-1.0971,0.0203,1.1609,0.0000,0.0000,0,1
1789855394.4431,42.5577,-76.9617,-1.1174,0.0000,-0.0000,156,0.0080,42.7595,-77.3553,0.4424,0.4424,-1.0971,0.0203,1.1608,0.0000,0.0000,0,1
1789855394.4926,42.5577,-76.9617,-1.1173,0.0003,0.0015,156,0.0080,42.7595,-77.3553,0.4424,0.4424,-1.0972,0.0201,1.1521,0.0000,0.0000,0,1
1789855394.5420,42.5577,-76.9617,-1.1173,0.0000,0.0000,156,0.0080,42.7595,-77.3553,0.4424,0.4424,-1.0972,0.0201,1.1521,0.0000,0.0000,0,1
1789855394.5924,42.5577,-76.9617,-1.1173,0.0000,0.0000,156,0.0080,42.7595,-77.3553,0.4424,0.4424,-1.0972,0.0201,1.1521,0.0000,0.0000,0,1
1789855394.6476,42.5577,-76.9617,-1.1173,0.0000,0.0000,156,0.0080,42.7595,-77.3553,0.4424,0.4424,-1.0972,0.0201,1.1521,0.0000,0.0000,0,1
1789855394.6924,42.5577,-76.9617,-1.1173,0.0000,0.0000,156,0.0080,42.7595,-77.3553,0.4424,0.4424,-1.0972,0.0201,1.1521,0.0000,0.0000,0,1
1789855394.7421,42.5577,-76.9617,-1.1173,0.0000,0.0000,156,0.0080,42.7595,-77.3553,0.4424,0.4424,-1.0972,0.0201,1.1521,0.0000,0.0000,0,1
1789855394.7955,42.5577,-76.9617,-1.1173,0.0000,0.0000,156,0.0080,42.7595,-77.3553,0.4424,0.4424,-1.0972,0.0201,1.1521,0.0000,0.0000,0,1
1789855394.8422,42.5577,-76.9617,-1.1173,0.0000,0.0000,156,0.0080,42.7595,-77.3553,0.4424,0.4424,-1.0972,0.0201,1.1521,0.0000,0.0000,0,1
1789855394.8922,42.5577,-76.9617,-1.1173,0.0000,0.0000,156,0.0080,42.7595,-77.3553,0.4424,0.4424,-1.0972,0.0201,1.1521,0.0000,0.0000,0,1
1789855394.9427,42.5577,-76.9617,-1.1173,0.0000,0.0000,156,0.0080,42.7595,-77.3553,0.4424,0.4424,-1.0972,0.0201,1.1521,0.0000,0.0000,0,1
1789855394.9920,42.5577,-76.9617,-1.1173,0.0000,0.0000,156,0.0080,42.7595,-77.3553,0.4424,0.4424,-1.0972,0.0201,1.1521,0.0000,0.0000,0,1
1789855395.0422,42.5578,-76.9617,-1.1171,0.0014,0.0060,156,0.0079,42.7595,-77.3553,0.4423,0.4423,-1.0973,0.0197,1.1307,0.0000,0.0000,0,1
1789855395.0925,42.5578,-76.9617,-1.1169,0.0007,0.0031,156,0.0079,42.7595,-77.3553,0.4423,0.4423,-1.0974,0.0195,1.1195,0.0000,0.0000,0,1
1789855395.1419,42.5578,-76.9617,-1.1169,0.0000,-0.0000,156,0.0079,42.7595,-77.3553,0.4423,0.4423,-1.0974,0.0195,1.1195,0.0000,0.0000,0,1
1789855395.1955,42.5578,-76.9617,-1.1169,0.0000,-0.0000,156,0.0079,42.7595,-77.3553,0.4423,0.4423,-1.0974,0.0195,1.1195,0.0000,0.0000,0,1
1789855395.2426,42.5578,-76.9617,-1.1169,0.0000,-0.0000,156,0.0079,42.7595,-77.3553,0.4423,0.4423,-1.0974,0.0195,1.1195,0.0000,0.0000,0,1
1789855395.2924,42.5578,-76.9617,-1.1169,0.0000,-0.0000,156,0.0079,42.7595,-77.3553,0.4423,0.4423,-1.0974,0.0195,1.1195,0.0000,0.0000,0,1
1789855395.3421,42.5578,-76.9617,-1.1169,0.0000,-0.0000,156,0.0079,42.7595,-77.3553,0.4423,0.4423,-1.0974,0.0195,1.1194,0.0000,0.0000,0,1
1789855395.3924,42.5578,-76.9617,-1.1169,0.0000,0.0000,156,0.0079,42.7595,-77.3553,0.4423,0.4423,-1.0974,0.0195,1.1194,0.0000,0.0000,0,1
1789855395.4423,42.5578,-76.9617,-1.1169,0.0000,0.0000,156,0.0079,42.7595,-77.3553,0.4423,0.4423,-1.0974,0.0195,1.1194,0.0000,0.0000,0,1
1789855395.4920,42.5578,-76.9617,-1.1169,0.0000,-0.0000,156,0.0079,42.7595,-77.3553,0.4423,0.4423,-1.0974,0.0195,1.1194,0.0000,0.0000,0,1
1789855395.5433,42.5578,-76.9617,-1.1169,0.0000,0.0000,156,0.0079,42.7595,-77.3553,0.4423,0.4423,-1.0974,0.0195,1.1194,0.0000,0.0000,0,1
1789855395.5922,42.5578,-76.9617,-1.1169,0.0000,0.0000,156,0.0079,42.7595,-77.3553,0.4423,0.4423,-1.0974,0.0195,1.1194,0.0000,0.0000,0,1
1789855395.6422,42.5578,-76.9617,-1.1169,0.0000,-0.0000,156,0.0079,42.7595,-77.3553,0.4423,0.4423,-1.0974,0.0195,1.1194,0.0000,0.0000,0,1
1789855395.6923,42.5578,-76.9617,-1.1169,0.0000,0.0000,156,0.0079,42.7595,-77.3553,0.4423,0.4423,-1.0974,0.0195,1.1194,0.0000,0.0000,0,1
1789855395.7423,42.5578,-76.9617,-1.1169,0.0000,0.0000,156,0.0079,42.7595,-77.3553,0.4423,0.4423,-1.0974,0.0195,1.1194,0.0000,0.0000,0,1
1789855395.7924,42.5578,-76.9617,-1.1169,0.0000,0.0000,156,0.0079,42.7595,-77.3553,0.4423,0.4423,-1.0974,0.0195,1.1194,0.0000,0.0000,0,1
1789855395.8424,42.5579,-76.9617,-1.1169,0.0002,0.0010,156,0.0079,42.7595,-77.3553,0.4423,0.4423,-1.0974,0.0195,1.1160,0.0000,0.0000,0,1
1789855395.8925,42.5580,-76.9617,-1.1166,0.0018,0.0076,156,0.0078,42.7595,-77.3553,0.4422,0.4422,-1.0976,0.0190,1.0884,0.0000,0.0000,0,1
1789855395.9420,42.5580,-76.9617,-1.1166,-0.0000,-0.0000,156,0.0078,42.7595,-77.3553,0.4422,0.4422,-1.0976,0.0190,1.0885,0.0000,0.0000,0,1
1789855395.9937,42.5580,-76.9617,-1.1166,0.0000,0.0000,156,0.0078,42.7595,-77.3553,0.4422,0.4422,-1.0976,0.0190,1.0885,0.0000,0.0000,0,1
1789855396.0424,42.5580,-76.9617,-1.1166,0.0000,0.0000,156,0.0078,42.7595,-77.3553,0.4422,0.4422,-1.0976,0.0190,1.0885,0.0000,0.0000,0,1
1789855396.0935,42.5580,-76.9617,-1.1166,0.0000,0.0000,156,0.0078,42.7595,-77.3553,0.4422,0.4422,-1.0976,0.0190,1.0885,0.0000,0.0000,0,1
1789855396.1463,42.5580,-76.9617,-1.1166,0.0000,0.0000,156,0.0078,42.7595,-77.3553,0.4422,0.4422,-1.0976,0.0190,1.0885,0.0000,0.0000,0,1
1789855396.1926,42.5580,-76.9617,-1.1166,0.0000,0.0000,156,0.0078,42.7595,-77.3553,0.4422,0.4422,-1.0976,0.0190,1.0885,0.0000,0.0000,0,1
1789855396.2421,42.5580,-76.9617,-1.1166,0.0000,0.0000,156,0.0078,42.7595,-77.3553,0.4422,0.4422,-1.0976,0.0190,1.0885,0.0000,0.0000,0,1
1789855396.2953,42.5580,-76.9617,-1.1166,0.0000,0.0000,156,0.0078,42.7595,-77.3553,0.4422,0.4422,-1.0976,0.0190,1.0885,0.0000,0.0000,0,1
1789855396.3421,42.5580,-76.9617,-1.1166,0.0000,0.0000,156,0.0078,42.7595,-77.3553,0.4422,0.4422,-1.0976,0.0190,1.0885,0.0000,0.0000,0,1
1789855396.3954,42.5580,-76.9617,-1.1166,0.0000,0.0000,156,0.0078,42.7595,-77.3553,0.4422,0.4422,-1.0976,0.0190,1.0885,0.0000,0.0000,0,1
1789855396.4433,42.5580,-76.9617,-1.1166,0.0000,0.0000,156,0.0078,42.7595,-77.3553,0.4422,0.4422,-1.0976,0.0190,1.0885,0.0000,0.0000,0,1
1789855396.4938,42.5580,-76.9617,-1.1166,0.0000,0.0000,156,0.0078,42.7595,-77.3553,0.4422,0.4422,-1.0976,0.0190,1.0885,0.0000,0.0000,0,1
1789855396.5420,42.5580,-76.9617,-1.1166,0.0000,0.0000,156,0.0078,42.7595,-77.3553,0.4422,0.4422,-1.0976,0.0190,1.0885,0.0000,0.0000,0,1
1789855396.5927,42.5580,-76.9617,-1.1166,0.0000,0.0000,156,0.0078,42.7595,-77.3553,0.4422,0.4422,-1.0976,0.0190,1.0885,0.0000,0.0000,0,1
1789855396.6423,42.5580,-76.9617,-1.1166,0.0000,0.0000,156,0.0078,42.7595,-77.3553,0.4422,0.4422,-1.0976,0.0190,1.0885,0.0000,0.0000,0,1
1789855396.6924,42.5580,-76.9617,-1.1166,0.0000,0.0000,156,0.0078,42.7595,-77.3553,0.4422,0.4422,-1.0976,0.0190,1.0885,0.0000,0.0000,0,1
1789855396.7420,42.5580,-76.9618,-1.1164,0.0013,0.0057,156,0.0077,42.7595,-77.3553,0.4421,0.4421,-1.0977,0.0186,1.0680,0.0000,0.0000,0,1
1789855396.7943,42.5581,-76.9618,-1.1163,-0.0001,-0.0000,156,0.0077,42.7595,-77.3553,0.4421,0.4421,-1.0978,0.0185,1.0574,0.0000,0.0000,0,1
1789855396.8421,42.5581,-76.9618,-1.1163,0.0000,-0.0000,156,0.0077,42.7595,-77.3553,0.4421,0.4421,-1.0978,0.0185,1.0574,0.0000,0.0000,0,1
1789855396.8923,42.5581,-76.9618,-1.1163,0.0000,0.0000,156,0.0077,42.7595,-77.3553,0.4421,0.4421,-1.0978,0.0185,1.0574,0.0000,0.0000,0,1
1789855396.9474,42.5581,-76.9618,-1.1163,0.0000,0.0000,156,0.0077,42.7595,-77.3553,0.4421,0.4421,-1.0978,0.0185,1.0573,0.0000,0.0000,0,1
1789855396.9923,42.5581,-76.9618,-1.1163,0.0000,-0.0000,156,0.0077,42.7595,-77.3553,0.4421,0.4421,-1.0978,0.0185,1.0573,0.0000,0.0000,0,1
1789855397.0427,42.5581,-76.9618,-1.1163,0.0000,0.0000,156,0.0077,42.7595,-77.3553,0.4421,0.4421,-1.0978,0.0185,1.0573,0.0000,0.0000,0,1
1789855397.0933,42.5581,-76.9618,-1.1163,0.0000,0.0000,156,0.0077,42.7595,-77.3553,0.4421,0.4421,-1.0978,0.0185,1.0573,0.0000,0.0000,0,1
1789855397.1420,42.5581,-76.9618,-1.1163,0.0000,-0.0000,156,0.0077,42.7595,-77.3553,0.4421,0.4421,-1.0978,0.0185,1.0573,0.0000,0.0000,0,1
1789855397.1925,42.5581,-76.9618,-1.1163,0.0000,0.0000,156,0.0077,42.7595,-77.3553,0.4421,0.4421,-1.0978,0.0185,1.0573,0.0000,0.0000,0,1
1789855397.2422,42.5581,-76.9618,-1.1163,0.0000,0.0000,156,0.0077,42.7595,-77.3553,0.4421,0.4421,-1.0978,0.0185,1.0573,0.0000,0.0000,0,1
1789855397.2928,42.5581,-76.9618,-1.1163,0.0000,-0.0000,156,0.0077,42.7595,-77.3553,0.4421,0.4421,-1.0978,0.0185,1.0573,0.0000,0.0000,0,1
1789855397.3420,42.5581,-76.9618,-1.1163,0.0000,0.0000,156,0.0077,42.7595,-77.3553,0.4421,0.4421,-1.0978,0.0185,1.0573,0.0000,0.0000,0,1
1789855397.3931,42.5581,-76.9618,-1.1163,0.0000,0.0000,156,0.0077,42.7595,-77.3553,0.4421,0.4421,-1.0978,0.0185,1.0573,0.0000,0.0000,0,1
1789855397.4424,42.5581,-76.9618,-1.1163,0.0000,0.0000,156,0.0077,42.7595,-77.3553,0.4421,0.4421,-1.0978,0.0185,1.0573,0.0000,0.0000,0,1
1789855397.4968,42.5581,-76.9618,-1.1163,0.0000,0.0000,156,0.0077,42.7595,-77.3553,0.4421,0.4421,-1.0978,0.0185,1.0573,0.0000,0.0000,0,1
1789855397.5421,42.5581,-76.9618,-1.1163,0.0000,-0.0000,156,0.0077,42.7595,-77.3553,0.4421,0.4421,-1.0978,0.0185,1.0572,0.0000,0.0000,0,1
1789855397.5922,42.5582,-76.9618,-1.1160,0.0013,0.0056,156,0.0076,42.7595,-77.3553,0.4421,0.4421,-1.0979,0.0181,1.0370,0.0000,0.0000,0,1
1789855397.6434,42.5582,-76.9618,-1.1159,0.0007,0.0029,156,0.0076,42.7595,-77.3553,0.4420,0.4420,-1.0980,0.0179,1.0264,0.0000,0.0000,0,1
1789855397.6922,42.5582,-76.9618,-1.1159,0.0000,0.0000,156,0.0076,42.7595,-77.3553,0.4420,0.4420,-1.0980,0.0179,1.0264,0.0000,0.0000,0,1
1789855397.7436,42.5582,-76.9618,-1.1159,0.0000,0.0000,156,0.0076,42.7595,-77.3553,0.4420,0.4420,-1.0980,0.0179,1.0264,0.0000,0.0000,0,1
1789855397.7926,42.5582,-76.9618,-1.1159,0.0000,0.0000,156,0.0076,42.7595,-77.3553,0.4420,0.4420,-1.0980,0.0179,1.0264,0.0000,0.0000,0,1
1789855397.8590,42.5582,-76.9618,-1.1159,0.0000,0.0000,156,0.0076,42.7595,-77.3553,0.4420,0.4420,-1.0980,0.0179,1.0264,0.0000,0.0000,0,1
1789855397.8931,42.5582,-76.9618,-1.1159,0.0000,0.0000,156,0.0076,42.7595,-77.3553,0.4420,0.4420,-1.0980,0.0179,1.0264,0.0000,0.0000,0,1
1789855397.9482,42.5582,-76.9618,-1.1159,0.0000,0.0000,156,0.0076,42.7595,-77.3553,0.4420,0.4420,-1.0980,0.0179,1.0264,0.0000,0.0000,0,1
1789855397.9929,42.5582,-76.9618,-1.1159,0.0000,0.0000,156,0.0076,42.7595,-77.3553,0.4420,0.4420,-1.0980,0.0179,1.0264,0.0000,0.0000,0,1
1789855398.0445,42.5582,-76.9618,-1.1159,0.0000,0.0000,156,0.0076,42.7595,-77.3553,0.4420,0.4420,-1.0980,0.0179,1.0264,0.0000,0.0000,0,1
1789855398.0921,42.5582,-76.9618,-1.1159,0.0000,0.0000,156,0.0076,42.7595,-77.3553,0.4420,0.4420,-1.0980,0.0179,1.0264,0.0000,0.0000,0,1
1789855398.1421,42.5582,-76.9618,-1.1159,0.0000,0.0000,156,0.0076,42.7595,-77.3553,0.4420,0.4420,-1.0980,0.0179,1.0264,0.0000,0.0000,0,1
1789855398.1922,42.5582,-76.9618,-1.1159,0.0000,0.0000,156,0.0076,42.7595,-77.3553,0.4420,0.4420,-1.0980,0.0179,1.0264,0.0000,0.0000,0,1
1789855398.2423,42.5582,-76.9618,-1.1159,0.0000,0.0000,156,0.0076,42.7595,-77.3553,0.4420,0.4420,-1.0980,0.0179,1.0264,0.0000,0.0000,0,1
1789855398.2933,42.5582,-76.9618,-1.1159,0.0000,0.0000,156,0.0076,42.7595,-77.3553,0.4420,0.4420,-1.0980,0.0179,1.0264,0.0000,0.0000,0,1
1789855398.3421,42.5582,-76.9618,-1.1159,0.0000,0.0000,156,0.0076,42.7595,-77.3553,0.4420,0.4420,-1.0980,0.0179,1.0264,0.0000,0.0000,0,1
1789855398.3925,42.5582,-76.9618,-1.1159,0.0000,0.0000,156,0.0076,42.7595,-77.3553,0.4420,0.4420,-1.0980,0.0179,1.0264,0.0000,0.0000,0,1
1789855398.4423,42.5582,-76.9618,-1.1159,0.0000,0.0000,156,0.0076,42.7595,-77.3553,0.4420,0.4420,-1.0980,0.0179,1.0264,0.0000,0.0000,0,1
1789855398.4923,42.5582,-76.9618,-1.1159,0.0000,0.0000,156,0.0076,42.7595,-77.3553,0.4420,0.4420,-1.0980,0.0179,1.0264,0.0000,0.0000,0,1
1789855401.0357,42.5582,-76.9618,-1.1159,0.0002,0.0010,156,0.0076,42.7595,-77.3553,0.4420,0.4420,-1.0980,0.0179,1.0229,0.0000,0.0000,0,1
1789855401.0851,42.5583,-76.9618,-1.1156,0.0007,0.0031,156,0.0075,42.7595,-77.3553,0.4420,0.4420,-1.0982,0.0174,0.9948,0.0000,0.0000,0,1
1789855401.1348,42.5583,-76.9618,-1.1156,0.0000,0.0000,156,0.0075,42.7595,-77.3553,0.4420,0.4420,-1.0982,0.0174,0.9948,0.0000,0.0000,0,1
1789855401.1856,42.5583,-76.9618,-1.1156,0.0000,-0.0000,156,0.0075,42.7595,-77.3553,0.4420,0.4420,-1.0982,0.0174,0.9948,0.0000,0.0000,0,1
1789855401.2351,42.5583,-76.9618,-1.1156,0.0000,-0.0000,156,0.0075,42.7595,-77.3553,0.4420,0.4420,-1.0982,0.0174,0.9947,0.0000,0.0000,0,1
1789855401.2876,42.5583,-76.9618,-1.1156,0.0000,0.0000,156,0.0075,42.7595,-77.3553,0.4420,0.4420,-1.0982,0.0174,0.9947,0.0000,0.0000,0,1
1789855401.3352,42.5583,-76.9618,-1.1156,0.0000,-0.0000,156,0.0075,42.7595,-77.3553,0.4420,0.4420,-1.0982,0.0174,0.9947,0.0000,0.0000,0,1
1789855401.3855,42.5583,-76.9618,-1.1156,0.0000,0.0000,156,0.0075,42.7595,-77.3553,0.4420,0.4420,-1.0982,0.0174,0.9947,0.0000,0.0000,0,1
1789855401.4366,42.5583,-76.9618,-1.1156,0.0000,-0.0000,156,0.0075,42.7595,-77.3553,0.4420,0.4420,-1.0982,0.0174,0.9947,0.0000,0.0000,0,1
1789855401.4851,42.5583,-76.9618,-1.1156,0.0000,0.0000,156,0.0075,42.7595,-77.3553,0.4420,0.4420,-1.0982,0.0174,0.9947,0.0000,0.0000,0,1
1789855401.5375,42.5583,-76.9618,-1.1156,0.0000,0.0000,156,0.0075,42.7595,-77.3553,0.4420,0.4420,-1.0982,0.0174,0.9947,0.0000,0.0000,0,1
1789855401.5886,42.5583,-76.9618,-1.1156,0.0000,0.0000,156,0.0075,42.7595,-77.3553,0.4420,0.4420,-1.0982,0.0174,0.9947,0.0000,0.0000,0,1
1789855401.6354,42.5583,-76.9618,-1.1156,0.0000,-0.0000,156,0.0075,42.7595,-77.3553,0.4420,0.4420,-1.0982,0.0174,0.9947,0.0000,0.0000,0,1
1789855401.6927,42.5583,-76.9618,-1.1156,0.0000,0.0000,156,0.0075,42.7595,-77.3553,0.4420,0.4420,-1.0982,0.0174,0.9947,0.0000,0.0000,0,1
1789855401.7366,42.5583,-76.9618,-1.1156,0.0000,0.0000,156,0.0075,42.7595,-77.3553,0.4420,0.4420,-1.0982,0.0174,0.9947,0.0000,0.0000,0,1
1789855401.7851,42.5583,-76.9618,-1.1156,0.0000,0.0000,156,0.0075,42.7595,-77.3553,0.4420,0.4420,-1.0982,0.0174,0.9947,0.0000,0.0000,0,1
1789855401.8361,42.5583,-76.9618,-1.1156,0.0000,0.0000,156,0.0075,42.7595,-77.3553,0.4420,0.4420,-1.0982,0.0174,0.9947,0.0000,0.0000,0,1
1789855401.8851,42.5583,-76.9618,-1.1156,0.0000,-0.0000,156,0.0075,42.7595,-77.3553,0.4419,0.4419,-1.0982,0.0174,0.9946,0.0000,0.0000,0,1
1789855401.9349,42.5583,-76.9618,-1.1156,0.0000,-0.0000,156,0.0075,42.7595,-77.3553,0.4419,0.4419,-1.0982,0.0174,0.9946,0.0000,0.0000,0,1
1789855401.9873,42.5583,-76.9618,-1.1156,0.0000,0.0000,156,0.0075,42.7595,-77.3553,0.4419,0.4419,-1.0982,0.0174,0.9946,0.0000,0.0000,0,1
1789855402.0351,42.5583,-76.9618,-1.1156,0.0000,0.0000,156,0.0075,42.7595,-77.3553,0.4419,0.4419,-1.0982,0.0174,0.9946,0.0000,0.0000,0,1
1789855402.0856,42.5583,-76.9618,-1.1156,0.0000,0.0000,156,0.0075,42.7595,-77.3553,0.4419,0.4419,-1.0982,0.0174,0.9946,0.0000,0.0000,0,1
1789855402.1353,42.5583,-76.9618,-1.1156,0.0000,0.0000,156,0.0075,42.7595,-77.3553,0.4419,0.4419,-1.0982,0.0174,0.9946,0.0000,0.0000,0,1
1789855402.1919,42.5583,-76.9618,-1.1156,0.0000,0.0000,156,0.0075,42.7595,-77.3553,0.4419,0.4419,-1.0982,0.0174,0.9946,0.0000,0.0000,0,1
1789855402.2355,42.5583,-76.9618,-1.1156,0.0000,0.0000,156,0.0075,42.7595,-77.3553,0.4419,0.4419,-1.0982,0.0174,0.9946,0.0000,0.0000,0,1
1789855402.2851,42.5583,-76.9618,-1.1156,0.0000,0.0000,156,0.0075,42.7595,-77.3553,0.4419,0.4419,-1.0982,0.0174,0.9946,0.0000,0.0000,0,1
1789855402.3348,42.5583,-76.9618,-1.1156,0.0000,0.0000,156,0.0075,42.7595,-77.3553,0.4419,0.4419,-1.0982,0.0174,0.9946,0.0000,0.0000,0,1
1789855402.3940,42.5583,-76.9618,-1.1156,0.0000,0.0000,156,0.0075,42.7595,-77.3553,0.4419,0.4419,-1.0982,0.0174,0.9946,0.0000,0.0000,0,1
1789855402.4352,42.5583,-76.9618,-1.1156,0.0000,0.0000,156,0.0075,42.7595,-77.3553,0.4419,0.4419,-1.0982,0.0174,0.9946,0.0000,0.0000,0,1
1789855402.4849,42.5583,-76.9618,-1.1156,0.0000,-0.0000,156,0.0075,42.7595,-77.3553,0.4419,0.4419,-1.0982,0.0174,0.9946,0.0000,0.0000,0,1
1789855402.5350,42.5583,-76.9618,-1.1156,0.0000,0.0000,156,0.0075,42.7595,-77.3553,0.4419,0.4419,-1.0982,0.0174,0.9946,0.0000,0.0000,0,1
1789855402.5851,42.5583,-76.9618,-1.1156,0.0000,0.0000,156,0.0075,42.7595,-77.3553,0.4419,0.4419,-1.0982,0.0174,0.9946,0.0000,0.0000,0,1
1789855402.6347,42.5584,-76.9619,-1.1153,0.0014,0.0060,156,0.0074,42.7595,-77.3553,0.4419,0.4419,-1.0983,0.0170,0.9730,0.0000,0.0000,0,1
1789855402.6856,42.5584,-76.9619,-1.1152,0.0007,0.0032,156,0.0074,42.7595,-77.3553,0.4419,0.4419,-1.0984,0.0168,0.9617,0.0000,0.0000,0,1
1789855402.7350,42.5584,-76.9619,-1.1152,0.0000,-0.0000,156,0.0074,42.7595,-77.3553,0.4419,0.4419,-1.0984,0.0168,0.9617,0.0000,0.0000,0,1
1789855402.7859,42.5584,-76.9619,-1.1152,0.0000,0.0000,156,0.0074,42.7595,-77.3553,0.4419,0.4419,-1.0984,0.0168,0.9617,0.0000,0.0000,0,1
1789855402.8357,42.5584,-76.9619,-1.1152,0.0000,-0.0000,156,0.0074,42.7595,-77.3553,0.4419,0.4419,-1.0984,0.0168,0.9617,0.0000,0.0000,0,1
1789855402.8850,42.5584,-76.9619,-1.1152,0.0000,0.0000,156,0.0074,42.7595,-77.3553,0.4419,0.4419,-1.0984,0.0168,0.9617,0.0000,0.0000,0,1
1789855402.9350,42.5584,-76.9619,-1.1152,0.0000,-0.0000,156,0.0074,42.7595,-77.3553,0.4419,0.4419,-1.0984,0.0168,0.9616,0.0000,0.0000,0,1
1789855402.9849,42.5584,-76.9619,-1.1152,0.0000,-0.0000,156,0.0074,42.7595,-77.3553,0.4419,0.4419,-1.0984,0.0168,0.9616,0.0000,0.0000,0,1
1789855403.0352,42.5584,-76.9619,-1.1152,0.0000,0.0000,156,0.0074,42.7595,-77.3553,0.4419,0.4419,-1.0984,0.0168,0.9616,0.0000,0.0000,0,1
1789855403.0850,42.5584,-76.9619,-1.1152,0.0000,-0.0000,156,0.0074,42.7595,-77.3553,0.4419,0.4419,-1.0984,0.0168,0.9616,0.0000,0.0000,0,1
1789855403.1349,42.5584,-76.9619,-1.1152,0.0000,0.0000,156,0.0074,42.7595,-77.3553,0.4419,0.4419,-1.0984,0.0168,0.9616,0.0000,0.0000,0,1
1789855403.1878,42.5584,-76.9619,-1.1152,0.0000,0.0000,156,0.0074,42.7595,-77.3553,0.4419,0.4419,-1.0984,0.0168,0.9616,0.0000,0.0000,0,1
1789855403.2352,42.5584,-76.9619,-1.1152,0.0000,0.0000,156,0.0074,42.7595,-77.3553,0.4419,0.4419,-1.0984,0.0168,0.9616,0.0000,0.0000,0,1
1789855403.2922,42.5584,-76.9619,-1.1152,0.0000,-0.0000,156,0.0074,42.7595,-77.3553,0.4419,0.4419,-1.0984,0.0168,0.9616,0.0000,0.0000,0,1
1789855403.3441,42.5584,-76.9619,-1.1152,0.0000,0.0000,156,0.0074,42.7595,-77.3553,0.4419,0.4419,-1.0984,0.0168,0.9616,0.0000,0.0000,0,1
1789855403.3854,42.5584,-76.9619,-1.1152,0.0000,0.0000,156,0.0074,42.7595,-77.3553,0.4419,0.4419,-1.0984,0.0168,0.9616,0.0000,0.0000,0,1
1789855403.4353,42.5584,-76.9619,-1.1152,0.0000,0.0000,156,0.0074,42.7595,-77.3553,0.4419,0.4419,-1.0984,0.0168,0.9616,0.0000,0.0000,0,1
1789855403.4850,42.5584,-76.9619,-1.1152,0.0000,0.0000,156,0.0074,42.7595,-77.3553,0.4419,0.4419,-1.0984,0.0168,0.9616,0.0000,0.0000,0,1
1789855403.5350,42.5584,-76.9619,-1.1152,0.0000,-0.0000,156,0.0074,42.7595,-77.3553,0.4419,0.4419,-1.0984,0.0168,0.9616,0.0000,0.0000,0,1
1789855403.5847,42.5584,-76.9619,-1.1152,0.0000,0.0000,156,0.0074,42.7595,-77.3553,0.4419,0.4419,-1.0984,0.0168,0.9616,0.0000,0.0000,0,1
1789855403.6348,42.5584,-76.9619,-1.1152,0.0000,0.0000,156,0.0074,42.7595,-77.3553,0.4419,0.4419,-1.0984,0.0168,0.9616,0.0000,0.0000,0,1
1789855403.6853,42.5584,-76.9619,-1.1152,0.0000,0.0000,156,0.0074,42.7595,-77.3553,0.4419,0.4419,-1.0984,0.0168,0.9616,0.0000,0.0000,0,1
1789855403.7349,42.5584,-76.9619,-1.1152,0.0000,0.0000,156,0.0074,42.7595,-77.3553,0.4419,0.4419,-1.0984,0.0168,0.9616,0.0000,0.0000,0,1
1789855403.7852,42.5584,-76.9619,-1.1152,0.0000,0.0000,156,0.0074,42.7595,-77.3553,0.4419,0.4419,-1.0984,0.0168,0.9616,0.0000,0.0000,0,1
1789855403.8355,42.5584,-76.9619,-1.1152,0.0000,0.0000,156,0.0074,42.7595,-77.3553,0.4419,0.4419,-1.0984,0.0168,0.9616,0.0000,0.0000,0,1
1789855403.8849,42.5584,-76.9619,-1.1152,0.0000,0.0000,156,0.0074,42.7595,-77.3553,0.4419,0.4419,-1.0984,0.0168,0.9616,0.0000,0.0000,0,1
1789855403.9351,42.5584,-76.9619,-1.1152,0.0000,0.0000,156,0.0074,42.7595,-77.3553,0.4419,0.4419,-1.0984,0.0168,0.9616,0.0000,0.0000,0,1
1789855403.9853,42.5584,-76.9619,-1.1152,0.0000,0.0000,156,0.0074,42.7595,-77.3553,0.4419,0.4419,-1.0984,0.0168,0.9616,0.0000,0.0000,0,1
1789855404.0413,42.5584,-76.9619,-1.1152,0.0000,0.0000,156,0.0074,42.7595,-77.3553,0.4419,0.4419,-1.0984,0.0168,0.9616,0.0000,0.0000,0,1
1789855404.0848,42.5584,-76.9619,-1.1152,0.0000,0.0000,156,0.0074,42.7595,-77.3553,0.4419,0.4419,-1.0984,0.0168,0.9616,0.0000,0.0000,0,1
1789855404.1349,42.5584,-76.9619,-1.1152,0.0000,0.0000,156,0.0074,42.7595,-77.3553,0.4419,0.4419,-1.0984,0.0168,0.9616,0.0000,0.0000,0,1
1789855404.1851,42.5584,-76.9619,-1.1152,0.0000,0.0000,156,0.0074,42.7595,-77.3553,0.4419,0.4419,-1.0984,0.0168,0.9616,0.0000,0.0000,0,1
1789855404.2360,42.5584,-76.9619,-1.1152,0.0000,0.0000,156,0.0074,42.7595,-77.3553,0.4419,0.4419,-1.0984,0.0168,0.9616,0.0000,0.0000,0,1
1789855404.2849,42.5585,-76.9619,-1.1149,0.0014,0.0061,156,0.0074,42.7595,-77.3553,0.4418,0.4418,-1.0985,0.0164,0.9398,0.0000,0.0000,0,1
1789855404.3351,42.5586,-76.9619,-1.1148,0.0007,0.0032,156,0.0073,42.7595,-77.3553,0.4418,0.4418,-1.0986,0.0162,0.9284,0.0000,0.0000,0,1
1789855404.3849,42.5586,-76.9619,-1.1148,0.0000,0.0000,156,0.0073,42.7595,-77.3553,0.4418,0.4418,-1.0986,0.0162,0.9284,0.0000,0.0000,0,1
1789855404.4348,42.5586,-76.9619,-1.1148,0.0000,0.0000,156,0.0073,42.7595,-77.3553,0.4418,0.4418,-1.0986,0.0162,0.9284,0.0000,0.0000,0,1
1789855404.4848,42.5586,-76.9619,-1.1148,0.0000,-0.0000,156,0.0073,42.7595,-77.3553,0.4418,0.4418,-1.0986,0.0162,0.9283,0.0000,0.0000,0,1
1789855404.5349,42.5586,-76.9619,-1.1148,0.0000,0.0000,156,0.0073,42.7595,-77.3553,0.4418,0.4418,-1.0986,0.0162,0.9283,0.0000,0.0000,0,1
1789855404.5897,42.5586,-76.9619,-1.1148,0.0000,-0.0000,156,0.0073,42.7595,-77.3553,0.4418,0.4418,-1.0986,0.0162,0.9283,0.0000,0.0000,0,1
1789855404.6356,42.5586,-76.9619,-1.1148,0.0000,0.0000,156,0.0073,42.7595,-77.3553,0.4418,0.4418,-1.0986,0.0162,0.9283,0.0000,0.0000,0,1
1789855404.6852,42.5586,-76.9619,-1.1148,0.0000,0.0000,156,0.0073,42.7595,-77.3553,0.4418,0.4418,-1.0986,0.0162,0.9283,0.0000,0.0000,0,1
1789855404.7348,42.5586,-76.9619,-1.1148,0.0000,-0.0000,156,0.0073,42.7595,-77.3553,0.4418,0.4418,-1.0986,0.0162,0.9283,0.0000,0.0000,0,1
1789855404.7874,42.5586,-76.9619,-1.1148,0.0000,0.0000,156,0.0073,42.7595,-77.3553,0.4418,0.4418,-1.0986,0.0162,0.9283,0.0000,0.0000,0,1
1789855404.8361,42.5586,-76.9619,-1.1148,0.0000,0.0000,156,0.0073,42.7595,-77.3553,0.4418,0.4418,-1.0986,0.0162,0.9283,0.0000,0.0000,0,1
1789855404.8863,42.5586,-76.9619,-1.1148,0.0000,0.0000,156,0.0073,42.7595,-77.3553,0.4418,0.4418,-1.0986,0.0162,0.9283,0.0000,0.0000,0,1
1789855404.9354,42.5586,-76.9619,-1.1148,0.0000,0.0000,156,0.0073,42.7595,-77.3553,0.4418,0.4418,-1.0986,0.0162,0.9283,0.0000,0.0000,0,1
1789855404.9853,42.5586,-76.9619,-1.1148,0.0000,0.0000,156,0.0073,42.7595,-77.3553,0.4418,0.4418,-1.0986,0.0162,0.9283,0.0000,0.0000,0,1
1789855405.0363,42.5586,-76.9619,-1.1148,0.0000,0.0000,156,0.0073,42.7595,-77.3553,0.4418,0.4418,-1.0986,0.0162,0.9283,0.0000,0.0000,0,1
1789855405.0872,42.5586,-76.9619,-1.1148,0.0000,0.0000,156,0.0073,42.7595,-77.3553,0.4418,0.4418,-1.0986,0.0162,0.9283,0.0000,0.0000,0,1
1789855405.1362,42.5586,-76.9619,-1.1148,0.0000,0.0000,156,0.0073,42.7595,-77.3553,0.4418,0.4418,-1.0986,0.0162,0.9283,0.0000,0.0000,0,1
1789855405.1847,42.5586,-76.9619,-1.1148,0.0000,-0.0000,156,0.0073,42.7595,-77.3553,0.4418,0.4418,-1.0986,0.0162,0.9283,0.0000,0.0000,0,1
1789855405.2352,42.5586,-76.9619,-1.1148,0.0000,0.0000,156,0.0073,42.7595,-77.3553,0.4418,0.4418,-1.0986,0.0162,0.9283,0.0000,0.0000,0,1
1789855405.2849,42.5586,-76.9619,-1.1148,0.0000,0.0000,156,0.0073,42.7595,-77.3553,0.4418,0.4418,-1.0986,0.0162,0.9283,0.0000,0.0000,0,1
1789855405.3349,42.5586,-76.9619,-1.1148,0.0000,0.0000,156,0.0073,42.7595,-77.3553,0.4418,0.4418,-1.0986,0.0162,0.9283,0.0000,0.0000,0,1
1789855405.3882,42.5586,-76.9619,-1.1148,0.0000,0.0000,156,0.0073,42.7595,-77.3553,0.4418,0.4418,-1.0986,0.0162,0.9283,0.0000,0.0000,0,1
1789855405.4415,42.5586,-76.9619,-1.1148,0.0000,0.0000,156,0.0073,42.7595,-77.3553,0.4418,0.4418,-1.0986,0.0162,0.9283,0.0000,0.0000,0,1
1789855405.4847,42.5586,-76.9619,-1.1148,0.0000,0.0000,156,0.0073,42.7595,-77.3553,0.4418,0.4418,-1.0986,0.0162,0.9283,0.0000,0.0000,0,1
1789855405.5352,42.5586,-76.9619,-1.1148,0.0000,0.0000,156,0.0073,42.7595,-77.3553,0.4418,0.4418,-1.0986,0.0162,0.9283,0.0000,0.0000,0,1
1789855405.5847,42.5586,-76.9619,-1.1148,0.0000,0.0000,156,0.0073,42.7595,-77.3553,0.4418,0.4418,-1.0986,0.0162,0.9283,0.0000,0.0000,0,1
1789855405.6379,42.5586,-76.9619,-1.1148,0.0000,0.0000,156,0.0073,42.7595,-77.3553,0.4418,0.4418,-1.0986,0.0162,0.9283,0.0000,0.0000,0,1
1789855405.6852,42.5586,-76.9619,-1.1148,0.0000,0.0000,156,0.0073,42.7595,-77.3553,0.4418,0.4418,-1.0986,0.0162,0.9283,0.0000,0.0000,0,1
1789855405.7348,42.5586,-76.9619,-1.1148,0.0000,0.0000,156,0.0073,42.7595,-77.3553,0.4418,0.4418,-1.0986,0.0162,0.9283,0.0000,0.0000,0,1
1789855405.7847,42.5586,-76.9619,-1.1148,0.0000,0.0000,156,0.0073,42.7595,-77.3553,0.4418,0.4418,-1.0986,0.0162,0.9283,0.0000,0.0000,0,1
1789855405.8350,42.5586,-76.9619,-1.1148,0.0000,0.0000,156,0.0073,42.7595,-77.3553,0.4418,0.4418,-1.0986,0.0162,0.9283,0.0000,0.0000,0,1
1789855405.8851,42.5586,-76.9619,-1.1148,0.0000,0.0000,156,0.0073,42.7595,-77.3553,0.4418,0.4418,-1.0986,0.0162,0.9283,0.0000,0.0000,0,1
1789855405.9349,42.5586,-76.9619,-1.1148,0.0000,0.0000,156,0.0073,42.7595,-77.3553,0.4418,0.4418,-1.0986,0.0162,0.9283,0.0000,0.0000,0,1
1789855405.9848,42.5586,-76.9619,-1.1148,0.0000,0.0000,156,0.0073,42.7595,-77.3553,0.4418,0.4418,-1.0986,0.0162,0.9283,0.0000,0.0000,0,1
1789855406.0351,42.5586,-76.9619,-1.1148,0.0000,0.0000,156,0.0073,42.7595,-77.3553,0.4418,0.4418,-1.0986,0.0162,0.9283,0.0000,0.0000,0,1
1789855406.0867,42.5586,-76.9619,-1.1148,0.0000,0.0000,156,0.0073,42.7595,-77.3553,0.4418,0.4418,-1.0986,0.0162,0.9283,0.0000,0.0000,0,1
1789855406.1348,42.5586,-76.9619,-1.1148,0.0000,0.0000,156,0.0073,42.7595,-77.3553,0.4418,0.4418,-1.0986,0.0162,0.9283,0.0000,0.0000,0,1
1789855406.1856,42.5586,-76.9619,-1.1148,0.0000,0.0000,156,0.0073,42.7595,-77.3553,0.4418,0.4418,-1.0986,0.0162,0.9283,0.0000,0.0000,0,1
1789855406.2362,42.5586,-76.9619,-1.1148,0.0000,0.0000,156,0.0073,42.7595,-77.3553,0.4418,0.4418,-1.0986,0.0162,0.9283,0.0000,0.0000,0,1
1789855406.2849,42.5586,-76.9619,-1.1148,0.0000,0.0000,156,0.0073,42.7595,-77.3553,0.4418,0.4418,-1.0986,0.0162,0.9283,0.0000,0.0000,0,1
1789855406.3347,42.5586,-76.9619,-1.1148,0.0000,0.0000,156,0.0073,42.7595,-77.3553,0.4418,0.4418,-1.0986,0.0162,0.9283,0.0000,0.0000,0,1
1789855406.3847,42.5586,-76.9619,-1.1148,0.0000,-0.0000,156,0.0073,42.7595,-77.3553,0.4418,0.4418,-1.0986,0.0162,0.9282,0.0000,0.0000,0,1
1789855406.4371,42.5586,-76.9619,-1.1148,0.0000,0.0000,156,0.0073,42.7595,-77.3553,0.4418,0.4418,-1.0986,0.0162,0.9282,0.0000,0.0000,0,1
1789855406.4848,42.5586,-76.9619,-1.1148,0.0000,0.0000,156,0.0073,42.7595,-77.3553,0.4418,0.4418,-1.0986,0.0162,0.9282,0.0000,0.0000,0,1
1789855406.5349,42.5586,-76.9619,-1.1148,0.0000,0.0000,156,0.0073,42.7595,-77.3553,0.4418,0.4418,-1.0986,0.0162,0.9282,0.0000,0.0000,0,1
1789855406.5850,42.5586,-76.9619,-1.1148,0.0000,0.0000,156,0.0073,42.7595,-77.3553,0.4418,0.4418,-1.0986,0.0162,0.9282,0.0000,0.0000,0,1
1789855406.6349,42.5586,-76.9619,-1.1148,0.0000,0.0000,156,0.0073,42.7595,-77.3553,0.4418,0.4418,-1.0986,0.0162,0.9282,0.0000,0.0000,0,1
1789855406.6848,42.5586,-76.9619,-1.1148,0.0000,0.0000,156,0.0073,42.7595,-77.3553,0.4418,0.4418,-1.0986,0.0162,0.9282,0.0000,0.0000,0,1
1789855406.7350,42.5586,-76.9619,-1.1148,0.0000,0.0000,156,0.0073,42.7595,-77.3553,0.4418,0.4418,-1.0986,0.0162,0.9282,0.0000,0.0000,0,1
1789855406.7919,42.5586,-76.9619,-1.1148,0.0000,0.0000,156,0.0073,42.7595,-77.3553,0.4418,0.4418,-1.0986,0.0162,0.9282,0.0000,0.0000,0,1
1789855406.8348,42.5586,-76.9619,-1.1148,0.0000,0.0000,156,0.0073,42.7595,-77.3553,0.4418,0.4418,-1.0986,0.0162,0.9282,0.0000,0.0000,0,1
1789855406.8848,42.5586,-76.9619,-1.1148,0.0001,0.0005,156,0.0073,42.7595,-77.3553,0.4418,0.4418,-1.0986,0.0162,0.9263,0.0000,0.0000,0,1
1789855406.9354,42.5586,-76.9619,-1.1147,0.0005,0.0022,156,0.0073,42.7595,-77.3553,0.4418,0.4418,-1.0987,0.0160,0.9185,0.0000,0.0000,0,1
1789855406.9856,42.5586,-76.9619,-1.1147,0.0000,0.0000,156,0.0073,42.7595,-77.3553,0.4418,0.4418,-1.0987,0.0160,0.9185,0.0000,0.0000,0,1
1789855407.0351,42.5586,-76.9619,-1.1147,0.0000,-0.0000,156,0.0073,42.7595,-77.3553,0.4418,0.4418,-1.0987,0.0160,0.9185,0.0000,0.0000,0,1
1789855407.0850,42.5586,-76.9619,-1.1147,0.0000,0.0000,156,0.0073,42.7595,-77.3553,0.4418,0.4418,-1.0987,0.0160,0.9185,0.0000,0.0000,0,1
1789855407.1348,42.5586,-76.9619,-1.1147,0.0000,0.0000,156,0.0073,42.7595,-77.3553,0.4418,0.4418,-1.0987,0.0160,0.9185,0.0000,0.0000,0,1
1789855407.1855,42.5586,-76.9619,-1.1147,0.0000,-0.0000,156,0.0073,42.7595,-77.3553,0.4418,0.4418,-1.0987,0.0160,0.9184,0.0000,0.0000,0,1
1789855407.2363,42.5586,-76.9619,-1.1147,0.0000,0.0000,156,0.0073,42.7595,-77.3553,0.4418,0.4418,-1.0987,0.0160,0.9184,0.0000,0.0000,0,1
1789855407.2878,42.5586,-76.9619,-1.1147,0.0000,0.0000,156,0.0073,42.7595,-77.3553,0.4418,0.4418,-1.0987,0.0160,0.9184,0.0000,0.0000,0,1
1789855407.3365,42.5586,-76.9619,-1.1147,0.0000,0.0000,156,0.0073,42.7595,-77.3553,0.4418,0.4418,-1.0987,0.0160,0.9184,0.0000,0.0000,0,1
1789855407.3848,42.5586,-76.9619,-1.1147,0.0000,-0.0000,156,0.0073,42.7595,-77.3553,0.4418,0.4418,-1.0987,0.0160,0.9184,0.0000,0.0000,0,1
1789855407.4349,42.5586,-76.9619,-1.1147,0.0000,0.0000,156,0.0073,42.7595,-77.3553,0.4418,0.4418,-1.0987,0.0160,0.9184,0.0000,0.0000,0,1
1789855407.4858,42.5586,-76.9619,-1.1147,0.0000,0.0000,156,0.0073,42.7595,-77.3553,0.4418,0.4418,-1.0987,0.0160,0.9184,0.0000,0.0000,0,1
1789855407.5349,42.5586,-76.9619,-1.1147,0.0000,0.0000,156,0.0073,42.7595,-77.3553,0.4418,0.4418,-1.0987,0.0160,0.9184,0.0000,0.0000,0,1
1789855407.5872,42.5586,-76.9619,-1.1147,0.0000,0.0000,156,0.0073,42.7595,-77.3553,0.4418,0.4418,-1.0987,0.0160,0.9184,0.0000,0.0000,0,1
1789855407.6360,42.5586,-76.9619,-1.1147,0.0000,-0.0000,156,0.0073,42.7595,-77.3553,0.4418,0.4418,-1.0987,0.0160,0.9184,0.0000,0.0000,0,1
1789855407.6848,42.5586,-76.9619,-1.1147,0.0000,0.0000,156,0.0073,42.7595,-77.3553,0.4418,0.4418,-1.0987,0.0160,0.9184,0.0000,0.0000,0,1
1789855407.7351,42.5586,-76.9619,-1.1147,0.0000,0.0000,156,0.0073,42.7595,-77.3553,0.4418,0.4418,-1.0987,0.0160,0.9184,0.0000,0.0000,0,1
1789855407.7850,42.5586,-76.9619,-1.1147,0.0000,0.0000,156,0.0073,42.7595,-77.3553,0.4418,0.4418,-1.0987,0.0160,0.9184,0.0000,0.0000,0,1
1789855407.8354,42.5586,-76.9619,-1.1147,0.0000,0.0000,156,0.0073,42.7595,-77.3553,0.4418,0.4418,-1.0987,0.0160,0.9184,0.0000,0.0000,0,1
1789855407.8878,42.5586,-76.9619,-1.1146,0.0006,0.0025,156,0.0073,42.7595,-77.3553,0.4417,0.4417,-1.0987,0.0159,0.9093,0.0000,0.0000,0,1
1789855407.9350,42.5586,-76.9619,-1.1146,0.0000,0.0000,156,0.0073,42.7595,-77.3553,0.4417,0.4417,-1.0987,0.0159,0.9093,0.0000,0.0000,0,1
1789855407.9900,42.5586,-76.9619,-1.1146,0.0000,0.0000,156,0.0073,42.7595,-77.3553,0.4417,0.4417,-1.0987,0.0159,0.9093,0.0000,0.0000,0,1
1789855408.0349,42.5586,-76.9619,-1.1146,0.0000,0.0000,156,0.0073,42.7595,-77.3553,0.4417,0.4417,-1.0987,0.0159,0.9093,0.0000,0.0000,0,1
1789855408.0848,42.5586,-76.9619,-1.1146,0.0000,0.0000,156,0.0073,42.7595,-77.3553,0.4417,0.4417,-1.0987,0.0159,0.9093,0.0000,0.0000,0,1
1789855408.1349,42.5586,-76.9619,-1.1146,0.0000,0.0000,156,0.0073,42.7595,-77.3553,0.4417,0.4417,-1.0987,0.0159,0.9093,0.0000,0.0000,0,1
1789855408.1853,42.5586,-76.9619,-1.1146,0.0000,0.0000,156,0.0073,42.7595,-77.3553,0.4417,0.4417,-1.0987,0.0159,0.9093,0.0000,0.0000,0,1
1789855408.2352,42.5586,-76.9619,-1.1146,0.0000,0.0000,156,0.0073,42.7595,-77.3553,0.4417,0.4417,-1.0987,0.0159,0.9093,0.0000,0.0000,0,1
1789855408.2852,42.5586,-76.9619,-1.1146,0.0000,0.0000,156,0.0073,42.7595,-77.3553,0.4417,0.4417,-1.0987,0.0159,0.9093,0.0000,0.0000,0,1
1789855408.3360,42.5586,-76.9619,-1.1146,0.0000,0.0000,156,0.0073,42.7595,-77.3553,0.4417,0.4417,-1.0987,0.0159,0.9093,0.0000,0.0000,0,1
1789855408.3848,42.5586,-76.9619,-1.1146,0.0000,0.0000,156,0.0073,42.7595,-77.3553,0.4417,0.4417,-1.0987,0.0159,0.9093,0.0000,0.0000,0,1
1789855408.4349,42.5586,-76.9619,-1.1146,0.0000,0.0000,156,0.0073,42.7595,-77.3553,0.4417,0.4417,-1.0987,0.0159,0.9093,0.0000,0.0000,0,1
1789855408.4851,42.5586,-76.9619,-1.1146,0.0000,0.0000,156,0.0073,42.7595,-77.3553,0.4417,0.4417,-1.0987,0.0159,0.9093,0.0000,0.0000,0,1
1789855408.5352,42.5586,-76.9619,-1.1146,0.0000,0.0000,156,0.0073,42.7595,-77.3553,0.4417,0.4417,-1.0987,0.0159,0.9093,0.0000,0.0000,0,1
1789855408.5848,42.5586,-76.9619,-1.1146,0.0000,0.0000,156,0.0073,42.7595,-77.3553,0.4417,0.4417,-1.0987,0.0159,0.9093,0.0000,0.0000,0,1
1789855408.6348,42.5586,-76.9619,-1.1146,0.0000,0.0000,156,0.0073,42.7595,-77.3553,0.4417,0.4417,-1.0987,0.0159,0.9093,0.0000,0.0000,0,1
1789855408.6880,42.5586,-76.9619,-1.1146,0.0000,0.0000,156,0.0073,42.7595,-77.3553,0.4417,0.4417,-1.0987,0.0159,0.9093,0.0000,0.0000,0,1
1789855408.7350,42.5586,-76.9619,-1.1146,0.0000,0.0000,156,0.0073,42.7595,-77.3553,0.4417,0.4417,-1.0987,0.0159,0.9093,0.0000,0.0000,0,1
1789855408.7854,42.5586,-76.9619,-1.1146,0.0000,0.0000,156,0.0073,42.7595,-77.3553,0.4417,0.4417,-1.0987,0.0159,0.9093,0.0000,0.0000,0,1
1789855408.8352,42.5586,-76.9619,-1.1146,0.0000,0.0000,156,0.0073,42.7595,-77.3553,0.4417,0.4417,-1.0987,0.0159,0.9093,0.0000,0.0000,0,1
1789855408.8849,42.5586,-76.9619,-1.1146,0.0000,0.0000,156,0.0073,42.7595,-77.3553,0.4417,0.4417,-1.0987,0.0159,0.9093,0.0000,0.0000,0,1
1789855408.9352,42.5586,-76.9619,-1.1146,0.0000,0.0000,156,0.0073,42.7595,-77.3553,0.4417,0.4417,-1.0987,0.0159,0.9093,0.0000,0.0000,0,1
1789855408.9879,42.5586,-76.9619,-1.1146,0.0000,0.0000,156,0.0073,42.7595,-77.3553,0.4417,0.4417,-1.0987,0.0159,0.9093,0.0000,0.0000,0,1
1789855409.0460,42.5586,-76.9619,-1.1146,0.0000,0.0000,156,0.0073,42.7595,-77.3553,0.4417,0.4417,-1.0987,0.0159,0.9093,0.0000,0.0000,0,1
1789855409.0850,42.5586,-76.9619,-1.1146,0.0000,0.0000,156,0.0073,42.7595,-77.3553,0.4417,0.4417,-1.0987,0.0159,0.9093,0.0000,0.0000,0,1
1789855409.1480,42.5586,-76.9619,-1.1146,0.0000,0.0000,156,0.0073,42.7595,-77.3553,0.4417,0.4417,-1.0987,0.0159,0.9093,0.0000,0.0000,0,1
1789855409.1849,42.5586,-76.9619,-1.1146,0.0000,0.0000,156,0.0073,42.7595,-77.3553,0.4417,0.4417,-1.0987,0.0159,0.9093,0.0000,0.0000,0,1
1789855409.2350,42.5586,-76.9619,-1.1146,0.0001,0.0005,156,0.0073,42.7595,-77.3553,0.4417,0.4417,-1.0987,0.0158,0.9074,0.0000,0.0000,0,1
1789855409.2851,42.5587,-76.9619,-1.1145,0.0005,0.0022,156,0.0072,42.7595,-77.3553,0.4417,0.4417,-1.0988,0.0157,0.8997,0.0000,0.0000,0,1
1789855409.3352,42.5587,-76.9619,-1.1145,0.0000,0.0000,156,0.0072,42.7595,-77.3553,0.4417,0.4417,-1.0988,0.0157,0.8997,0.0000,0.0000,0,1
1789855409.3852,42.5587,-76.9619,-1.1145,0.0000,-0.0000,156,0.0072,42.7595,-77.3553,0.4417,0.4417,-1.0988,0.0157,0.8997,0.0000,0.0000,0,1
1789855409.4350,42.5587,-76.9619,-1.1145,0.0000,0.0000,156,0.0072,42.7595,-77.3553,0.4417,0.4417,-1.0988,0.0157,0.8997,0.0000,0.0000,0,1
1789855409.4851,42.5587,-76.9619,-1.1145,0.0000,-0.0000,156,0.0072,42.7595,-77.3553,0.4417,0.4417,-1.0988,0.0157,0.8996,0.0000,0.0000,0,1
1789855409.5349,42.5587,-76.9619,-1.1145,0.0000,0.0000,156,0.0072,42.7595,-77.3553,0.4417,0.4417,-1.0988,0.0157,0.8996,0.0000,0.0000,0,1
1789855409.5860,42.5587,-76.9619,-1.1145,0.0000,0.0000,156,0.0072,42.7595,-77.3553,0.4417,0.4417,-1.0988,0.0157,0.8996,0.0000,0.0000,0,1
1789855409.6348,42.5587,-76.9619,-1.1145,0.0000,-0.0000,156,0.0072,42.7595,-77.3553,0.4417,0.4417,-1.0988,0.0157,0.8996,0.0000,0.0000,0,1
1789855409.6881,42.5587,-76.9619,-1.1145,0.0000,0.0000,156,0.0072,42.7595,-77.3553,0.4417,0.4417,-1.0988,0.0157,0.8996,0.0000,0.0000,0,1
1789855409.7348,42.5587,-76.9619,-1.1145,0.0000,0.0000,156,0.0072,42.7595,-77.3553,0.4417,0.4417,-1.0988,0.0157,0.8996,0.0000,0.0000,0,1
1789855409.7849,42.5587,-76.9619,-1.1145,0.0000,0.0000,156,0.0072,42.7595,-77.3553,0.4417,0.4417,-1.0988,0.0157,0.8996,0.0000,0.0000,0,1
1789855409.8361,42.5587,-76.9619,-1.1145,0.0000,0.0000,156,0.0072,42.7595,-77.3553,0.4417,0.4417,-1.0988,0.0157,0.8996,0.0000,0.0000,0,1
1789855409.8848,42.5587,-76.9619,-1.1145,0.0000,0.0000,156,0.0072,42.7595,-77.3553,0.4417,0.4417,-1.0988,0.0157,0.8996,0.0000,0.0000,0,1
1789855409.9398,42.5587,-76.9619,-1.1145,0.0000,0.0000,156,0.0072,42.7595,-77.3553,0.4417,0.4417,-1.0988,0.0157,0.8996,0.0000,0.0000,0,1
1789855409.9860,42.5587,-76.9619,-1.1145,0.0000,0.0000,156,0.0072,42.7595,-77.3553,0.4417,0.4417,-1.0988,0.0157,0.8996,0.0000,0.0000,0,1
1789855410.0353,42.5587,-76.9619,-1.1145,0.0000,0.0000,156,0.0072,42.7595,-77.3553,0.4417,0.4417,-1.0988,0.0157,0.8996,0.0000,0.0000,0,1
1789855410.0854,42.5587,-76.9619,-1.1145,0.0000,0.0000,156,0.0072,42.7595,-77.3553,0.4417,0.4417,-1.0988,0.0157,0.8996,0.0000,0.0000,0,1
1789855410.1348,42.5587,-76.9619,-1.1145,0.0000,0.0000,156,0.0072,42.7595,-77.3553,0.4417,0.4417,-1.0988,0.0157,0.8996,0.0000,0.0000,0,1
1789855410.1852,42.5587,-76.9619,-1.1145,0.0000,0.0000,156,0.0072,42.7595,-77.3553,0.4417,0.4417,-1.0988,0.0157,0.8996,0.0000,0.0000,0,1
1789855410.2348,42.5587,-76.9619,-1.1145,0.0000,0.0000,156,0.0072,42.7595,-77.3553,0.4417,0.4417,-1.0988,0.0157,0.8996,0.0000,0.0000,0,1
1789855410.2851,42.5587,-76.9619,-1.1145,0.0000,0.0000,156,0.0072,42.7595,-77.3553,0.4417,0.4417,-1.0988,0.0157,0.8996,0.0000,0.0000,0,1
1789855410.3453,42.5587,-76.9619,-1.1145,0.0000,0.0000,156,0.0072,42.7595,-77.3553,0.4417,0.4417,-1.0988,0.0157,0.8996,0.0000,0.0000,0,1
1789855410.3853,42.5587,-76.9619,-1.1145,0.0000,0.0000,156,0.0072,42.7595,-77.3553,0.4417,0.4417,-1.0988,0.0157,0.8996,0.0000,0.0000,0,1
1789855410.4351,42.5587,-76.9619,-1.1145,0.0000,0.0000,156,0.0072,42.7595,-77.3553,0.4417,0.4417,-1.0988,0.0157,0.8996,0.0000,0.0000,0,1
1789855410.4848,42.5587,-76.9619,-1.1145,0.0000,0.0000,156,0.0072,42.7595,-77.3553,0.4417,0.4417,-1.0988,0.0157,0.8996,0.0000,0.0000,0,1
1789855410.5405,42.5587,-76.9619,-1.1145,0.0000,0.0000,156,0.0072,42.7595,-77.3553,0.4417,0.4417,-1.0988,0.0157,0.8996,0.0000,0.0000,0,1
1789855410.5852,42.5587,-76.9619,-1.1145,0.0000,0.0000,156,0.0072,42.7595,-77.3553,0.4417,0.4417,-1.0988,0.0157,0.8996,0.0000,0.0000,0,1
1789855410.6351,42.5587,-76.9619,-1.1145,0.0000,0.0000,156,0.0072,42.7595,-77.3553,0.4417,0.4417,-1.0988,0.0157,0.8996,0.0000,0.0000,0,1
1789855410.6850,42.5587,-76.9619,-1.1145,0.0000,0.0000,156,0.0072,42.7595,-77.3553,0.4417,0.4417,-1.0988,0.0157,0.8996,0.0000,0.0000,0,1
1789855410.7375,42.5587,-76.9619,-1.1145,0.0000,0.0000,156,0.0072,42.7595,-77.3553,0.4417,0.4417,-1.0988,0.0157,0.8996,0.0000,0.0000,0,1
1789855410.7880,42.5587,-76.9619,-1.1145,0.0000,0.0000,156,0.0072,42.7595,-77.3553,0.4417,0.4417,-1.0988,0.0157,0.8996,0.0000,0.0000,0,1
1789855410.8352,42.5587,-76.9619,-1.1145,0.0000,-0.0000,156,0.0072,42.7595,-77.3553,0.4417,0.4417,-1.0988,0.0157,0.8996,0.0000,0.0000,0,1
1789855410.8851,42.5587,-76.9619,-1.1145,0.0000,0.0000,156,0.0072,42.7595,-77.3553,0.4417,0.4417,-1.0988,0.0157,0.8996,0.0000,0.0000,0,1
1789855410.9348,42.5587,-76.9619,-1.1145,0.0000,0.0000,156,0.0072,42.7595,-77.3553,0.4417,0.4417,-1.0988,0.0157,0.8996,0.0000,0.0000,0,1
1789855410.9890,42.5587,-76.9619,-1.1145,0.0000,0.0000,156,0.0072,42.7595,-77.3553,0.4417,0.4417,-1.0988,0.0157,0.8996,0.0000,0.0000,0,1
1789855411.0351,42.5587,-76.9619,-1.1145,0.0000,0.0000,156,0.0072,42.7595,-77.3553,0.4417,0.4417,-1.0988,0.0157,0.8996,0.0000,0.0000,0,1
1789855411.0850,42.5587,-76.9619,-1.1145,0.0000,0.0000,156,0.0072,42.7595,-77.3553,0.4417,0.4417,-1.0988,0.0157,0.8996,0.0000,0.0000,0,1
1789855411.1348,42.5587,-76.9619,-1.1145,0.0000,0.0000,156,0.0072,42.7595,-77.3553,0.4417,0.4417,-1.0988,0.0157,0.8996,0.0000,0.0000,0,1
1789855411.1850,42.5587,-76.9619,-1.1145,0.0000,0.0000,156,0.0072,42.7595,-77.3553,0.4417,0.4417,-1.0988,0.0157,0.8996,0.0000,0.0000,0,1
1789855411.2349,42.5587,-76.9619,-1.1145,0.0000,0.0000,156,0.0072,42.7595,-77.3553,0.4417,0.4417,-1.0988,0.0157,0.8996,0.0000,0.0000,0,1
1789855411.2850,42.5587,-76.9619,-1.1145,0.0000,0.0000,156,0.0072,42.7595,-77.3553,0.4417,0.4417,-1.0988,0.0157,0.8996,0.0000,0.0000,0,1
1789855411.3349,42.5587,-76.9619,-1.1145,0.0000,0.0000,156,0.0072,42.7595,-77.3553,0.4417,0.4417,-1.0988,0.0157,0.8996,0.0000,0.0000,0,1
1789855411.3855,42.5587,-76.9619,-1.1145,0.0000,0.0000,156,0.0072,42.7595,-77.3553,0.4417,0.4417,-1.0988,0.0157,0.8996,0.0000,0.0000,0,1
1789855411.4353,42.5587,-76.9619,-1.1145,0.0000,0.0000,156,0.0072,42.7595,-77.3553,0.4417,0.4417,-1.0988,0.0157,0.8996,0.0000,0.0000,0,1
1789855411.4852,42.5587,-76.9619,-1.1145,0.0000,0.0000,156,0.0072,42.7595,-77.3553,0.4417,0.4417,-1.0988,0.0157,0.8996,0.0000,0.0000,0,1
1789855411.5403,42.5587,-76.9619,-1.1145,0.0000,0.0000,156,0.0072,42.7595,-77.3553,0.4417,0.4417,-1.0988,0.0157,0.8996,0.0000,0.0000,0,1
1789855411.5849,42.5587,-76.9619,-1.1145,0.0000,0.0000,156,0.0072,42.7595,-77.3553,0.4417,0.4417,-1.0988,0.0157,0.8996,0.0000,0.0000,0,1
1789855411.6347,42.5587,-76.9619,-1.1145,0.0000,0.0000,156,0.0072,42.7595,-77.3553,0.4417,0.4417,-1.0988,0.0157,0.8996,0.0000,0.0000,0,1
1789855411.6849,42.5587,-76.9619,-1.1145,0.0000,0.0000,156,0.0072,42.7595,-77.3553,0.4417,0.4417,-1.0988,0.0157,0.8996,0.0000,0.0000,0,1
1789855411.7397,42.5587,-76.9619,-1.1145,0.0000,0.0000,156,0.0072,42.7595,-77.3553,0.4417,0.4417,-1.0988,0.0157,0.8996,0.0000,0.0000,0,1
1789855411.7851,42.5587,-76.9619,-1.1145,0.0000,0.0000,156,0.0072,42.7595,-77.3553,0.4417,0.4417,-1.0988,0.0157,0.8996,0.0000,0.0000,0,1
1789855411.8348,42.5587,-76.9619,-1.1145,0.0000,0.0000,156,0.0072,42.7595,-77.3553,0.4417,0.4417,-1.0988,0.0157,0.8996,0.0000,0.0000,0,1
1789855411.8861,42.5587,-76.9619,-1.1145,0.0000,0.0000,156,0.0072,42.7595,-77.3553,0.4417,0.4417,-1.0988,0.0157,0.8996,0.0000,0.0000,0,1
1789855411.9353,42.5587,-76.9619,-1.1145,0.0000,0.0000,156,0.0072,42.7595,-77.3553,0.4417,0.4417,-1.0988,0.0157,0.8996,0.0000,0.0000,0,1
1789855411.9848,42.5587,-76.9619,-1.1145,0.0000,0.0000,156,0.0072,42.7595,-77.3553,0.4417,0.4417,-1.0988,0.0157,0.8996,0.0000,0.0000,0,1
1789855412.0348,42.5587,-76.9619,-1.1145,0.0000,0.0000,156,0.0072,42.7595,-77.3553,0.4417,0.4417,-1.0988,0.0157,0.8996,0.0000,0.0000,0,1
1789855412.0848,42.5587,-76.9619,-1.1145,0.0000,0.0000,156,0.0072,42.7595,-77.3553,0.4417,0.4417,-1.0988,0.0157,0.8996,0.0000,0.0000,0,1
1789855412.1351,42.5587,-76.9619,-1.1145,0.0000,0.0000,156,0.0072,42.7595,-77.3553,0.4417,0.4417,-1.0988,0.0157,0.8996,0.0000,0.0000,0,1
1789855412.1878,42.5587,-76.9619,-1.1145,0.0000,0.0000,156,0.0072,42.7595,-77.3553,0.4417,0.4417,-1.0988,0.0157,0.8996,0.0000,0.0000,0,1
1789855412.2348,42.5587,-76.9619,-1.1145,0.0000,0.0000,156,0.0072,42.7595,-77.3553,0.4417,0.4417,-1.0988,0.0157,0.8996,0.0000,0.0000,0,1
1789855412.2858,42.5587,-76.9619,-1.1145,0.0000,0.0000,156,0.0072,42.7595,-77.3553,0.4417,0.4417,-1.0988,0.0157,0.8996,0.0000,0.0000,0,1
1789855412.3422,42.5587,-76.9619,-1.1145,0.0000,0.0000,156,0.0072,42.7595,-77.3553,0.4417,0.4417,-1.0988,0.0157,0.8996,0.0000,0.0000,0,1
1789855412.3852,42.5587,-76.9619,-1.1145,0.0000,0.0000,156,0.0072,42.7595,-77.3553,0.4417,0.4417,-1.0988,0.0157,0.8996,0.0000,0.0000,0,1
1789855412.4349,42.5587,-76.9619,-1.1145,0.0000,0.0000,156,0.0072,42.7595,-77.3553,0.4417,0.4417,-1.0988,0.0157,0.8996,0.0000,0.0000,0,1
1789855412.4847,42.5587,-76.9619,-1.1145,0.0000,0.0000,156,0.0072,42.7595,-77.3553,0.4417,0.4417,-1.0988,0.0157,0.8996,0.0000,0.0000,0,1
1789855412.5350,42.5587,-76.9619,-1.1145,0.0000,0.0000,156,0.0072,42.7595,-77.3553,0.4417,0.4417,-1.0988,0.0157,0.8996,0.0000,0.0000,0,1
1789855412.5849,42.5587,-76.9619,-1.1145,0.0000,0.0000,156,0.0072,42.7595,-77.3553,0.4417,0.4417,-1.0988,0.0157,0.8996,0.0000,0.0000,0,1
1789855412.6365,42.5587,-76.9619,-1.1145,0.0000,0.0000,156,0.0072,42.7595,-77.3553,0.4417,0.4417,-1.0988,0.0157,0.8996,0.0000,0.0000,0,1
1789855412.6883,42.5587,-76.9619,-1.1145,0.0000,0.0000,156,0.0072,42.7595,-77.3553,0.4417,0.4417,-1.0988,0.0157,0.8996,0.0000,0.0000,0,1
1789855412.7350,42.5587,-76.9619,-1.1145,0.0000,0.0000,156,0.0072,42.7595,-77.3553,0.4417,0.4417,-1.0988,0.0157,0.8996,0.0000,0.0000,0,1
1789855412.7847,42.5587,-76.9619,-1.1145,0.0000,0.0000,156,0.0072,42.7595,-77.3553,0.4417,0.4417,-1.0988,0.0157,0.8996,0.0000,0.0000,0,1
1789855412.8350,42.5587,-76.9619,-1.1145,0.0000,0.0000,156,0.0072,42.7595,-77.3553,0.4417,0.4417,-1.0988,0.0157,0.8996,0.0000,0.0000,0,1
1789855412.8851,42.5587,-76.9619,-1.1145,0.0000,0.0000,156,0.0072,42.7595,-77.3553,0.4417,0.4417,-1.0988,0.0157,0.8996,0.0000,0.0000,0,1
1789855412.9349,42.5587,-76.9619,-1.1145,0.0000,0.0000,156,0.0072,42.7595,-77.3553,0.4417,0.4417,-1.0988,0.0157,0.8996,0.0000,0.0000,0,1
1789855412.9882,42.5587,-76.9619,-1.1145,0.0000,0.0000,156,0.0072,42.7595,-77.3553,0.4417,0.4417,-1.0988,0.0157,0.8996,0.0000,0.0000,0,1
1789855413.0379,42.5587,-76.9619,-1.1145,0.0000,0.0000,156,0.0072,42.7595,-77.3553,0.4417,0.4417,-1.0988,0.0157,0.8996,0.0000,0.0000,0,1
1789855413.0870,42.5587,-76.9619,-1.1145,0.0000,0.0000,156,0.0072,42.7595,-77.3553,0.4417,0.4417,-1.0988,0.0157,0.8996,0.0000,0.0000,0,1
1789855413.1377,42.5587,-76.9619,-1.1145,0.0000,0.0000,156,0.0072,42.7595,-77.3553,0.4417,0.4417,-1.0988,0.0157,0.8996,0.0000,0.0000,0,1
1789855413.1848,42.5587,-76.9619,-1.1145,0.0000,0.0000,156,0.0072,42.7595,-77.3553,0.4417,0.4417,-1.0988,0.0157,0.8996,0.0000,0.0000,0,1
1789855413.2349,42.5587,-76.9619,-1.1145,0.0000,0.0000,156,0.0072,42.7595,-77.3553,0.4417,0.4417,-1.0988,0.0157,0.8996,0.0000,0.0000,0,1
1789855413.2850,42.5587,-76.9619,-1.1145,0.0000,0.0000,156,0.0072,42.7595,-77.3553,0.4417,0.4417,-1.0988,0.0157,0.8996,0.0000,0.0000,0,1
1789855413.3351,42.5587,-76.9619,-1.1145,0.0000,0.0000,156,0.0072,42.7595,-77.3553,0.4417,0.4417,-1.0988,0.0157,0.8996,0.0000,0.0000,0,1
1789855413.3855,42.5587,-76.9619,-1.1145,0.0000,0.0000,156,0.0072,42.7595,-77.3553,0.4417,0.4417,-1.0988,0.0157,0.8996,0.0000,0.0000,0,1
1789855413.4351,42.5587,-76.9619,-1.1145,0.0000,0.0000,156,0.0072,42.7595,-77.3553,0.4417,0.4417,-1.0988,0.0157,0.8996,0.0000,0.0000,0,1
1789855413.4858,42.5587,-76.9619,-1.1145,0.0000,0.0000,156,0.0072,42.7595,-77.3553,0.4417,0.4417,-1.0988,0.0157,0.8996,0.0000,0.0000,0,1
1789855413.5351,42.5587,-76.9619,-1.1145,0.0000,0.0000,156,0.0072,42.7595,-77.3553,0.4417,0.4417,-1.0988,0.0157,0.8996,0.0000,0.0000,0,1
1789855413.5848,42.5587,-76.9619,-1.1145,0.0000,0.0000,156,0.0072,42.7595,-77.3553,0.4417,0.4417,-1.0988,0.0157,0.8996,0.0000,0.0000,0,1
1789855413.6347,42.5587,-76.9619,-1.1145,0.0000,0.0000,156,0.0072,42.7595,-77.3553,0.4417,0.4417,-1.0988,0.0157,0.8996,0.0000,0.0000,0,1
1789855413.6851,42.5587,-76.9619,-1.1145,0.0000,0.0000,156,0.0072,42.7595,-77.3553,0.4417,0.4417,-1.0988,0.0157,0.8996,0.0000,0.0000,0,1
1789855413.7353,42.5587,-76.9619,-1.1145,0.0000,0.0000,156,0.0072,42.7595,-77.3553,0.4417,0.4417,-1.0988,0.0157,0.8996,0.0000,0.0000,0,1
1789855413.7849,42.5587,-76.9619,-1.1145,0.0000,0.0000,156,0.0072,42.7595,-77.3553,0.4417,0.4417,-1.0988,0.0157,0.8996,0.0000,0.0000,0,1
1789855413.8397,42.5587,-76.9619,-1.1145,0.0000,0.0000,156,0.0072,42.7595,-77.3553,0.4417,0.4417,-1.0988,0.0157,0.8996,0.0000,0.0000,0,1
1789855413.8850,42.5587,-76.9619,-1.1145,0.0000,0.0000,156,0.0072,42.7595,-77.3553,0.4417,0.4417,-1.0988,0.0157,0.8996,0.0000,0.0000,0,1
1789855413.9353,42.5587,-76.9619,-1.1145,0.0000,0.0000,156,0.0072,42.7595,-77.3553,0.4417,0.4417,-1.0988,0.0157,0.8996,0.0000,0.0000,0,1
1789855413.9848,42.5587,-76.9619,-1.1145,0.0000,0.0000,156,0.0072,42.7595,-77.3553,0.4417,0.4417,-1.0988,0.0157,0.8996,0.0000,0.0000,0,1
1789855414.0349,42.5587,-76.9619,-1.1145,0.0000,0.0000,156,0.0072,42.7595,-77.3553,0.4417,0.4417,-1.0988,0.0157,0.8996,0.0000,0.0000,0,1
1789855414.0882,42.5587,-76.9619,-1.1145,0.0000,0.0000,156,0.0072,42.7595,-77.3553,0.4417,0.4417,-1.0988,0.0157,0.8996,0.0000,0.0000,0,1
1789855414.1349,42.5587,-76.9619,-1.1145,0.0000,0.0000,156,0.0072,42.7595,-77.3553,0.4417,0.4417,-1.0988,0.0157,0.8996,0.0000,0.0000,0,1
1789855414.1851,42.5587,-76.9619,-1.1145,0.0000,0.0000,156,0.0072,42.7595,-77.3553,0.4417,0.4417,-1.0988,0.0157,0.8996,0.0000,0.0000,0,1
1789855414.2348,42.5587,-76.9619,-1.1145,0.0000,0.0000,156,0.0072,42.7595,-77.3553,0.4417,0.4417,-1.0988,0.0157,0.8996,0.0000,0.0000,0,1
1789855414.2892,42.5587,-76.9619,-1.1145,0.0000,0.0000,156,0.0072,42.7595,-77.3553,0.4417,0.4417,-1.0988,0.0157,0.8996,0.0000,0.0000,0,1
1789855414.3352,42.5587,-76.9619,-1.1145,0.0000,0.0000,156,0.0072,42.7595,-77.3553,0.4417,0.4417,-1.0988,0.0157,0.8996,0.0000,0.0000,0,1
1789855414.3857,42.5587,-76.9619,-1.1145,0.0000,0.0000,156,0.0072,42.7595,-77.3553,0.4417,0.4417,-1.0988,0.0157,0.8996,0.0000,0.0000,0,1
1789855414.4347,42.5587,-76.9619,-1.1145,0.0000,0.0000,156,0.0072,42.7595,-77.3553,0.4417,0.4417,-1.0988,0.0157,0.8996,0.0000,0.0000,0,1
1789855414.4850,42.5587,-76.9619,-1.1145,0.0000,0.0000,156,0.0072,42.7595,-77.3553,0.4417,0.4417,-1.0988,0.0157,0.8996,0.0000,0.0000,0,1
1789855414.5353,42.5587,-76.9619,-1.1145,0.0000,0.0000,156,0.0072,42.7595,-77.3553,0.4417,0.4417,-1.0988,0.0157,0.8996,0.0000,0.0000,0,1
1789855414.5850,42.5587,-76.9619,-1.1145,0.0000,0.0000,156,0.0072,42.7595,-77.3553,0.4417,0.4417,-1.0988,0.0157,0.8996,0.0000,0.0000,0,1
1789855414.6354,42.5587,-76.9619,-1.1145,0.0000,0.0000,156,0.0072,42.7595,-77.3553,0.4417,0.4417,-1.0988,0.0157,0.8996,0.0000,0.0000,0,1
1789855414.6851,42.5587,-76.9619,-1.1145,0.0000,0.0000,156,0.0072,42.7595,-77.3553,0.4417,0.4417,-1.0988,0.0157,0.8996,0.0000,0.0000,0,1
1789855414.7348,42.5587,-76.9619,-1.1145,0.0000,0.0000,156,0.0072,42.7595,-77.3553,0.4417,0.4417,-1.0988,0.0157,0.8996,0.0000,0.0000,0,1
1789855414.7849,42.5587,-76.9619,-1.1145,0.0000,0.0000,156,0.0072,42.7595,-77.3553,0.4417,0.4417,-1.0988,0.0157,0.8996,0.0000,0.0000,0,1
1789855414.8348,42.5587,-76.9619,-1.1145,0.0000,0.0000,156,0.0072,42.7595,-77.3553,0.4417,0.4417,-1.0988,0.0157,0.8996,0.0000,0.0000,0,1
1789855414.8852,42.5587,-76.9619,-1.1145,0.0000,0.0000,156,0.0072,42.7595,-77.3553,0.4417,0.4417,-1.0988,0.0157,0.8996,0.0000,0.0000,0,1
1789855414.9351,42.5587,-76.9619,-1.1145,0.0000,0.0000,156,0.0072,42.7595,-77.3553,0.4417,0.4417,-1.0988,0.0157,0.8996,0.0000,0.0000,0,1
1789855414.9877,42.5587,-76.9619,-1.1145,0.0000,0.0000,156,0.0072,42.7595,-77.3553,0.4417,0.4417,-1.0988,0.0157,0.8996,0.0000,0.0000,0,1
1789855415.0348,42.5587,-76.9619,-1.1145,0.0000,0.0000,156,0.0072,42.7595,-77.3553,0.4417,0.4417,-1.0988,0.0157,0.8996,0.0000,0.0000,0,1
1789855415.0851,42.5587,-76.9619,-1.1145,0.0000,0.0000,156,0.0072,42.7595,-77.3553,0.4417,0.4417,-1.0988,0.0157,0.8996,0.0000,0.0000,0,1
1789855415.1349,42.5587,-76.9619,-1.1145,0.0000,0.0000,156,0.0072,42.7595,-77.3553,0.4417,0.4417,-1.0988,0.0157,0.8996,0.0000,0.0000,0,1
1789855415.1848,42.5587,-76.9619,-1.1145,0.0000,0.0000,156,0.0072,42.7595,-77.3553,0.4417,0.4417,-1.0988,0.0157,0.8996,0.0000,0.0000,0,1
1789855415.2348,42.5587,-76.9619,-1.1145,0.0000,0.0000,156,0.0072,42.7595,-77.3553,0.4417,0.4417,-1.0988,0.0157,0.8996,0.0000,0.0000,0,1
1789855415.2875,42.5587,-76.9619,-1.1145,0.0000,0.0000,156,0.0072,42.7595,-77.3553,0.4417,0.4417,-1.0988,0.0157,0.8996,0.0000,0.0000,0,1
1789855415.3353,42.5587,-76.9619,-1.1145,0.0000,0.0000,156,0.0072,42.7595,-77.3553,0.4417,0.4417,-1.0988,0.0157,0.8996,0.0000,0.0000,0,1
1789855415.3849,42.5587,-76.9619,-1.1145,0.0000,0.0000,156,0.0072,42.7595,-77.3553,0.4417,0.4417,-1.0988,0.0157,0.8996,0.0000,0.0000,0,1
1789855415.4354,42.5587,-76.9619,-1.1145,0.0000,0.0000,156,0.0072,42.7595,-77.3553,0.4417,0.4417,-1.0988,0.0157,0.8996,0.0000,0.0000,0,1
1789855415.4850,42.5587,-76.9619,-1.1145,0.0000,0.0000,156,0.0072,42.7595,-77.3553,0.4417,0.4417,-1.0988,0.0157,0.8996,0.0000,0.0000,0,1
1789855415.5349,42.5587,-76.9619,-1.1145,0.0000,0.0000,156,0.0072,42.7595,-77.3553,0.4417,0.4417,-1.0988,0.0157,0.8996,0.0000,0.0000,0,1
1789855415.5881,42.5587,-76.9619,-1.1145,0.0000,0.0000,156,0.0072,42.7595,-77.3553,0.4417,0.4417,-1.0988,0.0157,0.8996,0.0000,0.0000,0,1
1789855415.6350,42.5587,-76.9619,-1.1145,0.0000,0.0000,156,0.0072,42.7595,-77.3553,0.4417,0.4417,-1.0988,0.0157,0.8996,0.0000,0.0000,0,1
1789855415.6856,42.5587,-76.9619,-1.1145,0.0000,0.0000,156,0.0072,42.7595,-77.3553,0.4417,0.4417,-1.0988,0.0157,0.8996,0.0000,0.0000,0,1
1789855415.7352,42.5587,-76.9619,-1.1145,0.0000,0.0000,156,0.0072,42.7595,-77.3553,0.4417,0.4417,-1.0988,0.0157,0.8996,0.0000,0.0000,0,1
1789855415.7852,42.5587,-76.9619,-1.1145,0.0000,0.0000,156,0.0072,42.7595,-77.3553,0.4417,0.4417,-1.0988,0.0157,0.8996,0.0000,0.0000,0,1
1789855415.8352,42.5587,-76.9619,-1.1145,0.0000,0.0000,156,0.0072,42.7595,-77.3553,0.4417,0.4417,-1.0988,0.0157,0.8996,0.0000,0.0000,0,1
1789855415.8849,42.5587,-76.9619,-1.1145,0.0000,0.0000,156,0.0072,42.7595,-77.3553,0.4417,0.4417,-1.0988,0.0157,0.8996,0.0000,0.0000,0,1
1789855415.9353,42.5587,-76.9619,-1.1145,0.0000,0.0000,156,0.0072,42.7595,-77.3553,0.4417,0.4417,-1.0988,0.0157,0.8996,0.0000,0.0000,0,1
1789855415.9882,42.5587,-76.9619,-1.1145,0.0000,0.0000,156,0.0072,42.7595,-77.3553,0.4417,0.4417,-1.0988,0.0157,0.8996,0.0000,0.0000,0,1
1789855416.0435,42.5587,-76.9619,-1.1145,0.0000,0.0000,156,0.0072,42.7595,-77.3553,0.4417,0.4417,-1.0988,0.0157,0.8996,0.0000,0.0000,0,1
1789855416.0853,42.5587,-76.9619,-1.1145,0.0000,0.0000,156,0.0072,42.7595,-77.3553,0.4417,0.4417,-1.0988,0.0157,0.8996,0.0000,0.0000,0,1
1789855416.1348,42.5587,-76.9619,-1.1145,0.0000,0.0000,156,0.0072,42.7595,-77.3553,0.4417,0.4417,-1.0988,0.0157,0.8996,0.0000,0.0000,0,1
1789855416.1855,42.5587,-76.9619,-1.1145,0.0000,0.0000,156,0.0072,42.7595,-77.3553,0.4417,0.4417,-1.0988,0.0157,0.8996,0.0000,0.0000,0,1
1789855416.2348,42.5587,-76.9619,-1.1145,0.0000,0.0000,156,0.0072,42.7595,-77.3553,0.4417,0.4417,-1.0988,0.0157,0.8996,0.0000,0.0000,0,1
1789855416.2849,42.5587,-76.9619,-1.1145,0.0000,0.0000,156,0.0072,42.7595,-77.3553,0.4417,0.4417,-1.0988,0.0157,0.8996,0.0000,0.0000,0,1
1789855416.3348,42.5587,-76.9619,-1.1145,0.0000,0.0000,156,0.0072,42.7595,-77.3553,0.4417,0.4417,-1.0988,0.0157,0.8996,0.0000,0.0000,0,1
1789855416.3851,42.5587,-76.9619,-1.1145,0.0000,0.0000,156,0.0072,42.7595,-77.3553,0.4417,0.4417,-1.0988,0.0157,0.8996,0.0000,0.0000,0,1
1789855416.4351,42.5587,-76.9619,-1.1145,0.0000,0.0000,156,0.0072,42.7595,-77.3553,0.4417,0.4417,-1.0988,0.0157,0.8996,0.0000,0.0000,0,1
1789855416.4860,42.5587,-76.9619,-1.1145,0.0000,0.0000,156,0.0072,42.7595,-77.3553,0.4417,0.4417,-1.0988,0.0157,0.8996,0.0000,0.0000,0,1
1789855416.5378,42.5587,-76.9619,-1.1145,0.0000,0.0000,156,0.0072,42.7595,-77.3553,0.4417,0.4417,-1.0988,0.0157,0.8996,0.0000,0.0000,0,1
1789855416.5897,42.5587,-76.9619,-1.1145,0.0000,0.0000,156,0.0072,42.7595,-77.3553,0.4417,0.4417,-1.0988,0.0157,0.8996,0.0000,0.0000,0,1
1789855416.6349,42.5587,-76.9619,-1.1145,0.0000,0.0000,156,0.0072,42.7595,-77.3553,0.4417,0.4417,-1.0988,0.0157,0.8996,0.0000,0.0000,0,1
1789855416.6850,42.5587,-76.9619,-1.1145,0.0000,0.0000,156,0.0072,42.7595,-77.3553,0.4417,0.4417,-1.0988,0.0157,0.8996,0.0000,0.0000,0,1
1789855416.7351,42.5587,-76.9619,-1.1145,0.0000,0.0000,156,0.0072,42.7595,-77.3553,0.4417,0.4417,-1.0988,0.0157,0.8996,0.0000,0.0000,0,1
1789855416.7850,42.5587,-76.9619,-1.1145,0.0000,0.0000,156,0.0072,42.7595,-77.3553,0.4417,0.4417,-1.0988,0.0157,0.8996,0.0000,0.0000,0,1
1789855416.8349,42.5587,-76.9619,-1.1145,0.0000,0.0000,156,0.0072,42.7595,-77.3553,0.4417,0.4417,-1.0988,0.0157,0.8996,0.0000,0.0000,0,1
1789855416.8848,42.5587,-76.9619,-1.1145,0.0000,0.0000,156,0.0072,42.7595,-77.3553,0.4417,0.4417,-1.0988,0.0157,0.8996,0.0000,0.0000,0,1
1789855416.9348,42.5587,-76.9619,-1.1145,0.0000,0.0000,156,0.0072,42.7595,-77.3553,0.4417,0.4417,-1.0988,0.0157,0.8996,0.0000,0.0000,0,1
1789855416.9851,42.5587,-76.9619,-1.1145,0.0000,0.0000,156,0.0072,42.7595,-77.3553,0.4417,0.4417,-1.0988,0.0157,0.8996,0.0000,0.0000,0,1
1789855417.0367,42.5587,-76.9619,-1.1145,0.0000,0.0000,156,0.0072,42.7595,-77.3553,0.4417,0.4417,-1.0988,0.0157,0.8996,0.0000,0.0000,0,1
1789855417.0851,42.5587,-76.9619,-1.1145,0.0000,0.0000,156,0.0072,42.7595,-77.3553,0.4417,0.4417,-1.0988,0.0157,0.8996,0.0000,0.0000,0,1
1789855417.1349,42.5587,-76.9619,-1.1145,0.0000,0.0000,156,0.0072,42.7595,-77.3553,0.4417,0.4417,-1.0988,0.0157,0.8996,0.0000,0.0000,0,1
1789855417.1928,42.5587,-76.9619,-1.1145,0.0000,0.0000,156,0.0072,42.7595,-77.3553,0.4417,0.4417,-1.0988,0.0157,0.8996,0.0000,0.0000,0,1
1789855417.2348,42.5587,-76.9619,-1.1145,0.0000,0.0000,156,0.0072,42.7595,-77.3553,0.4417,0.4417,-1.0988,0.0157,0.8996,0.0000,0.0000,0,1
1789855417.2851,42.5587,-76.9619,-1.1145,0.0000,0.0000,156,0.0072,42.7595,-77.3553,0.4417,0.4417,-1.0988,0.0157,0.8996,0.0000,0.0000,0,1
1789855417.3352,42.5587,-76.9619,-1.1145,0.0000,0.0000,156,0.0072,42.7595,-77.3553,0.4417,0.4417,-1.0988,0.0157,0.8996,0.0000,0.0000,0,1
1789855417.3850,42.5587,-76.9619,-1.1145,0.0000,0.0000,156,0.0072,42.7595,-77.3553,0.4417,0.4417,-1.0988,0.0157,0.8996,0.0000,0.0000,0,1
1789855417.4350,42.5587,-76.9619,-1.1145,0.0000,0.0000,156,0.0072,42.7595,-77.3553,0.4417,0.4417,-1.0988,0.0157,0.8996,0.0000,0.0000,0,1
1789855417.4850,42.5587,-76.9619,-1.1145,0.0000,0.0000,156,0.0072,42.7595,-77.3553,0.4417,0.4417,-1.0988,0.0157,0.8996,0.0000,0.0000,0,1
1789855417.5359,42.5587,-76.9619,-1.1145,0.0000,0.0000,156,0.0072,42.7595,-77.3553,0.4417,0.4417,-1.0988,0.0157,0.8996,0.0000,0.0000,0,1
1789855417.5851,42.5587,-76.9619,-1.1145,0.0000,0.0000,156,0.0072,42.7595,-77.3553,0.4417,0.4417,-1.0988,0.0157,0.8996,0.0000,0.0000,0,1
1789855417.6370,42.5587,-76.9619,-1.1145,0.0000,0.0000,156,0.0072,42.7595,-77.3553,0.4417,0.4417,-1.0988,0.0157,0.8996,0.0000,0.0000,0,1
1789855417.6851,42.5587,-76.9619,-1.1145,0.0000,0.0000,156,0.0072,42.7595,-77.3553,0.4417,0.4417,-1.0988,0.0157,0.8996,0.0000,0.0000,0,1
1789855417.7350,42.5587,-76.9619,-1.1145,0.0000,0.0000,156,0.0072,42.7595,-77.3553,0.4417,0.4417,-1.0988,0.0157,0.8996,0.0000,0.0000,0,1
1789855417.7859,42.5587,-76.9619,-1.1145,0.0000,0.0000,156,0.0072,42.7595,-77.3553,0.4417,0.4417,-1.0988,0.0157,0.8996,0.0000,0.0000,0,1
1789855417.8350,42.5587,-76.9619,-1.1145,0.0000,0.0000,156,0.0072,42.7595,-77.3553,0.4417,0.4417,-1.0988,0.0157,0.8996,0.0000,0.0000,0,1
1789855417.8848,42.5587,-76.9619,-1.1145,0.0000,0.0000,156,0.0072,42.7595,-77.3553,0.4417,0.4417,-1.0988,0.0157,0.8996,0.0000,0.0000,0,1
1789855417.9353,42.5587,-76.9619,-1.1145,0.0000,0.0000,156,0.0072,42.7595,-77.3553,0.4417,0.4417,-1.0988,0.0157,0.8996,0.0000,0.0000,0,1
1789855417.9852,42.5587,-76.9619,-1.1145,0.0000,0.0000,156,0.0072,42.7595,-77.3553,0.4417,0.4417,-1.0988,0.0157,0.8996,0.0000,0.0000,0,1
1789855418.0455,42.5587,-76.9619,-1.1145,0.0000,0.0000,156,0.0072,42.7595,-77.3553,0.4417,0.4417,-1.0988,0.0157,0.8996,0.0000,0.0000,0,1
1789855418.0848,42.5587,-76.9619,-1.1145,0.0000,0.0000,156,0.0072,42.7595,-77.3553,0.4417,0.4417,-1.0988,0.0157,0.8996,0.0000,0.0000,0,1
1789855418.1348,42.5587,-76.9619,-1.1145,0.0000,0.0000,156,0.0072,42.7595,-77.3553,0.4417,0.4417,-1.0988,0.0157,0.8996,0.0000,0.0000,0,1
1789855418.1851,42.5587,-76.9619,-1.1145,0.0000,0.0000,156,0.0072,42.7595,-77.3553,0.4417,0.4417,-1.0988,0.0157,0.8996,0.0000,0.0000,0,1
1789855418.2359,42.5587,-76.9619,-1.1145,0.0000,0.0000,156,0.0072,42.7595,-77.3553,0.4417,0.4417,-1.0988,0.0157,0.8996,0.0000,0.0000,0,1
1789855418.2852,42.5587,-76.9619,-1.1145,0.0000,0.0000,156,0.0072,42.7595,-77.3553,0.4417,0.4417,-1.0988,0.0157,0.8996,0.0000,0.0000,0,1
1789855418.3351,42.5587,-76.9619,-1.1145,0.0000,0.0000,156,0.0072,42.7595,-77.3553,0.4417,0.4417,-1.0988,0.0157,0.8996,0.0000,0.0000,0,1
1789855418.3881,42.5587,-76.9619,-1.1145,0.0000,0.0000,156,0.0072,42.7595,-77.3553,0.4417,0.4417,-1.0988,0.0157,0.8996,0.0000,0.0000,0,1
1789855418.4348,42.5587,-76.9619,-1.1145,0.0000,0.0000,156,0.0072,42.7595,-77.3553,0.4417,0.4417,-1.0988,0.0157,0.8996,0.0000,0.0000,0,1
1789855418.4848,42.5587,-76.9619,-1.1145,0.0000,0.0000,156,0.0072,42.7595,-77.3553,0.4417,0.4417,-1.0988,0.0157,0.8996,0.0000,0.0000,0,1
1789855418.5377,42.5587,-76.9619,-1.1145,0.0000,0.0000,156,0.0072,42.7595,-77.3553,0.4417,0.4417,-1.0988,0.0157,0.8996,0.0000,0.0000,0,1
1789855418.5852,42.5587,-76.9619,-1.1145,0.0000,0.0000,156,0.0072,42.7595,-77.3553,0.4417,0.4417,-1.0988,0.0157,0.8996,0.0000,0.0000,0,1
1789855418.6348,42.5587,-76.9619,-1.1145,0.0000,0.0000,156,0.0072,42.7595,-77.3553,0.4417,0.4417,-1.0988,0.0157,0.8996,0.0000,0.0000,0,1
1789855418.6850,42.5587,-76.9619,-1.1145,0.0000,0.0000,156,0.0072,42.7595,-77.3553,0.4417,0.4417,-1.0988,0.0157,0.8996,0.0000,0.0000,0,1
1789855418.7355,42.5587,-76.9619,-1.1145,0.0000,0.0000,156,0.0072,42.7595,-77.3553,0.4417,0.4417,-1.0988,0.0157,0.8996,0.0000,0.0000,0,1
1789855418.7854,42.5587,-76.9619,-1.1145,0.0000,0.0000,156,0.0072,42.7595,-77.3553,0.4417,0.4417,-1.0988,0.0157,0.8996,0.0000,0.0000,0,1
1789855418.8353,42.5587,-76.9619,-1.1145,0.0000,0.0000,156,0.0072,42.7595,-77.3553,0.4417,0.4417,-1.0988,0.0157,0.8996,0.0000,0.0000,0,1
1789855418.8849,42.5587,-76.9619,-1.1145,0.0000,0.0000,156,0.0072,42.7595,-77.3553,0.4417,0.4417,-1.0988,0.0157,0.8996,0.0000,0.0000,0,1
1789855418.9350,42.5587,-76.9619,-1.1145,0.0000,0.0000,156,0.0072,42.7595,-77.3553,0.4417,0.4417,-1.0988,0.0157,0.8996,0.0000,0.0000,0,1
1789855418.9853,42.5587,-76.9619,-1.1145,0.0000,0.0000,156,0.0072,42.7595,-77.3553,0.4417,0.4417,-1.0988,0.0157,0.8996,0.0000,0.0000,0,1
1789855419.0350,42.5587,-76.9619,-1.1145,0.0000,0.0000,156,0.0072,42.7595,-77.3553,0.4417,0.4417,-1.0988,0.0157,0.8996,0.0000,0.0000,0,1
1789855419.0881,42.5587,-76.9619,-1.1145,0.0000,0.0000,156,0.0072,42.7595,-77.3553,0.4417,0.4417,-1.0988,0.0157,0.8996,0.0000,0.0000,0,1
1789855419.1368,42.5587,-76.9619,-1.1145,0.0000,0.0000,156,0.0072,42.7595,-77.3553,0.4417,0.4417,-1.0988,0.0157,0.8996,0.0000,0.0000,0,1
1789855419.1930,42.5587,-76.9619,-1.1145,0.0000,0.0000,156,0.0072,42.7595,-77.3553,0.4417,0.4417,-1.0988,0.0157,0.8996,0.0000,0.0000,0,1
1789855419.2441,42.5587,-76.9619,-1.1145,0.0000,0.0000,156,0.0072,42.7595,-77.3553,0.4417,0.4417,-1.0988,0.0157,0.8996,0.0000,0.0000,0,1
1789855419.2851,42.5587,-76.9619,-1.1145,0.0000,0.0000,156,0.0072,42.7595,-77.3553,0.4417,0.4417,-1.0988,0.0157,0.8996,0.0000,0.0000,0,1
1789855419.3351,42.5587,-76.9619,-1.1145,0.0000,0.0000,156,0.0072,42.7595,-77.3553,0.4417,0.4417,-1.0988,0.0157,0.8996,0.0000,0.0000,0,1
1789855419.3887,42.5587,-76.9619,-1.1145,0.0000,0.0000,156,0.0072,42.7595,-77.3553,0.4417,0.4417,-1.0988,0.0157,0.8996,0.0000,0.0000,0,1
1789855419.4364,42.5587,-76.9619,-1.1145,0.0000,0.0000,156,0.0072,42.7595,-77.3553,0.4417,0.4417,-1.0988,0.0157,0.8996,0.0000,0.0000,0,1
1789855419.4849,42.5587,-76.9619,-1.1145,0.0000,0.0000,156,0.0072,42.7595,-77.3553,0.4417,0.4417,-1.0988,0.0157,0.8996,0.0000,0.0000,0,1
1789855419.5351,42.5587,-76.9619,-1.1145,0.0000,0.0000,156,0.0072,42.7595,-77.3553,0.4417,0.4417,-1.0988,0.0157,0.8996,0.0000,0.0000,0,1
1789855419.5852,42.5587,-76.9619,-1.1145,0.0000,0.0000,156,0.0072,42.7595,-77.3553,0.4417,0.4417,-1.0988,0.0157,0.8996,0.0000,0.0000,0,1
1789855419.6347,42.5587,-76.9619,-1.1145,0.0000,0.0000,156,0.0072,42.7595,-77.3553,0.4417,0.4417,-1.0988,0.0157,0.8996,0.0000,0.0000,0,1
1789855419.6851,42.5587,-76.9619,-1.1145,0.0000,0.0000,156,0.0072,42.7595,-77.3553,0.4417,0.4417,-1.0988,0.0157,0.8996,0.0000,0.0000,0,1
1789855419.7349,42.5587,-76.9619,-1.1145,0.0000,0.0000,156,0.0072,42.7595,-77.3553,0.4417,0.4417,-1.0988,0.0157,0.8996,0.0000,0.0000,0,1
1789855419.7879,42.5587,-76.9619,-1.1145,0.0000,0.0000,156,0.0072,42.7595,-77.3553,0.4417,0.4417,-1.0988,0.0157,0.8996,0.0000,0.0000,0,1
1789855419.8384,42.5587,-76.9619,-1.1145,0.0000,0.0000,156,0.0072,42.7595,-77.3553,0.4417,0.4417,-1.0988,0.0157,0.8996,0.0000,0.0000,0,1
1789855419.8847,42.5587,-76.9619,-1.1145,0.0000,0.0000,156,0.0072,42.7595,-77.3553,0.4417,0.4417,-1.0988,0.0157,0.8996,0.0000,0.0000,0,1
1789855419.9348,42.5587,-76.9619,-1.1145,0.0000,0.0000,156,0.0072,42.7595,-77.3553,0.4417,0.4417,-1.0988,0.0157,0.8996,0.0000,0.0000,0,1
1789855419.9861,42.5587,-76.9619,-1.1145,0.0000,0.0000,156,0.0072,42.7595,-77.3553,0.4417,0.4417,-1.0988,0.0157,0.8996,0.0000,0.0000,0,1
1789855420.0352,42.5587,-76.9619,-1.1145,0.0000,0.0000,156,0.0072,42.7595,-77.3553,0.4417,0.4417,-1.0988,0.0157,0.8996,0.0000,0.0000,0,1
1789855420.0865,42.5587,-76.9619,-1.1145,0.0000,0.0000,156,0.0072,42.7595,-77.3553,0.4417,0.4417,-1.0988,0.0157,0.8996,0.0000,0.0000,0,1
1789855420.1353,42.5587,-76.9619,-1.1145,0.0000,0.0000,156,0.0072,42.7595,-77.3553,0.4417,0.4417,-1.0988,0.0157,0.8996,0.0000,0.0000,0,1
1789855420.1848,42.5587,-76.9619,-1.1145,0.0000,0.0000,156,0.0072,42.7595,-77.3553,0.4417,0.4417,-1.0988,0.0157,0.8996,0.0000,0.0000,0,1
1789855420.2348,42.5587,-76.9619,-1.1145,0.0000,0.0000,156,0.0072,42.7595,-77.3553,0.4417,0.4417,-1.0988,0.0157,0.8996,0.0000,0.0000,0,1
1789855420.2855,42.5587,-76.9619,-1.1145,0.0000,0.0000,156,0.0072,42.7595,-77.3553,0.4417,0.4417,-1.0988,0.0157,0.8996,0.0000,0.0000,0,1
1789855420.3358,42.5587,-76.9619,-1.1145,0.0000,0.0000,156,0.0072,42.7595,-77.3553,0.4417,0.4417,-1.0988,0.0157,0.8996,0.0000,0.0000,0,1
1789855420.3883,42.5587,-76.9619,-1.1145,0.0000,0.0000,156,0.0072,42.7595,-77.3553,0.4417,0.4417,-1.0988,0.0157,0.8996,0.0000,0.0000,0,1
1789855420.4350,42.5587,-76.9619,-1.1145,0.0000,0.0000,156,0.0072,42.7595,-77.3553,0.4417,0.4417,-1.0988,0.0157,0.8996,0.0000,0.0000,0,1
1789855420.4856,42.5587,-76.9619,-1.1145,0.0000,0.0000,156,0.0072,42.7595,-77.3553,0.4417,0.4417,-1.0988,0.0157,0.8996,0.0000,0.0000,0,1
1789855420.5351,42.5587,-76.9619,-1.1145,0.0000,0.0000,156,0.0072,42.7595,-77.3553,0.4417,0.4417,-1.0988,0.0157,0.8996,0.0000,0.0000,0,1
1789855420.5848,42.5587,-76.9619,-1.1145,0.0000,0.0000,156,0.0072,42.7595,-77.3553,0.4417,0.4417,-1.0988,0.0157,0.8996,0.0000,0.0000,0,1
1789855420.6350,42.5587,-76.9619,-1.1145,0.0000,0.0000,156,0.0072,42.7595,-77.3553,0.4417,0.4417,-1.0988,0.0157,0.8996,0.0000,0.0000,0,1
1789855420.6880,42.5587,-76.9619,-1.1145,0.0000,0.0000,156,0.0072,42.7595,-77.3553,0.4417,0.4417,-1.0988,0.0157,0.8996,0.0000,0.0000,0,1
1789855420.7351,42.5587,-76.9619,-1.1145,0.0000,0.0000,156,0.0072,42.7595,-77.3553,0.4417,0.4417,-1.0988,0.0157,0.8996,0.0000,0.0000,0,1
1789855420.7849,42.5587,-76.9619,-1.1145,0.0000,0.0000,156,0.0072,42.7595,-77.3553,0.4417,0.4417,-1.0988,0.0157,0.8996,0.0000,0.0000,0,1
1789855420.8348,42.5587,-76.9619,-1.1145,0.0000,0.0000,156,0.0072,42.7595,-77.3553,0.4417,0.4417,-1.0988,0.0157,0.8996,0.0000,0.0000,0,1
1789855420.8863,42.5587,-76.9619,-1.1145,0.0000,0.0000,156,0.0072,42.7595,-77.3553,0.4417,0.4417,-1.0988,0.0157,0.8996,0.0000,0.0000,0,1
1789855420.9361,42.5587,-76.9619,-1.1145,0.0000,0.0000,156,0.0072,42.7595,-77.3553,0.4417,0.4417,-1.0988,0.0157,0.8996,0.0000,0.0000,0,1
1789855420.9865,42.5587,-76.9619,-1.1145,0.0000,0.0000,156,0.0072,42.7595,-77.3553,0.4417,0.4417,-1.0988,0.0157,0.8996,0.0000,0.0000,0,1
1789855421.0350,42.5587,-76.9619,-1.1145,0.0000,0.0000,156,0.0072,42.7595,-77.3553,0.4417,0.4417,-1.0988,0.0157,0.8996,0.0000,0.0000,0,1
1789855421.0847,42.5587,-76.9619,-1.1145,0.0000,0.0000,156,0.0072,42.7595,-77.3553,0.4417,0.4417,-1.0988,0.0157,0.8996,0.0000,0.0000,0,1
1789855421.1348,42.5587,-76.9619,-1.1145,0.0000,0.0000,156,0.0072,42.7595,-77.3553,0.4417,0.4417,-1.0988,0.0157,0.8996,0.0000,0.0000,0,1
1789855421.1848,42.5587,-76.9619,-1.1145,0.0000,0.0000,156,0.0072,42.7595,-77.3553,0.4417,0.4417,-1.0988,0.0157,0.8996,0.0000,0.0000,0,1
1789855421.2351,42.5587,-76.9619,-1.1145,0.0000,0.0000,156,0.0072,42.7595,-77.3553,0.4417,0.4417,-1.0988,0.0157,0.8996,0.0000,0.0000,0,1
1789855421.2856,42.5587,-76.9619,-1.1145,0.0000,0.0000,156,0.0072,42.7595,-77.3553,0.4417,0.4417,-1.0988,0.0157,0.8996,0.0000,0.0000,0,1
1789855421.3361,42.5587,-76.9619,-1.1145,0.0000,0.0000,156,0.0072,42.7595,-77.3553,0.4417,0.4417,-1.0988,0.0157,0.8996,0.0000,0.0000,0,1
1789855421.3854,42.5587,-76.9619,-1.1145,0.0000,0.0000,156,0.0072,42.7595,-77.3553,0.4417,0.4417,-1.0988,0.0157,0.8996,0.0000,0.0000,0,1
1789855421.4353,42.5587,-76.9619,-1.1145,0.0000,0.0000,156,0.0072,42.7595,-77.3553,0.4417,0.4417,-1.0988,0.0157,0.8996,0.0000,0.0000,0,1
1789855421.4848,42.5587,-76.9619,-1.1145,0.0000,0.0000,156,0.0072,42.7595,-77.3553,0.4417,0.4417,-1.0988,0.0157,0.8996,0.0000,0.0000,0,1
1789855421.5348,42.5587,-76.9619,-1.1145,0.0000,0.0000,156,0.0072,42.7595,-77.3553,0.4417,0.4417,-1.0988,0.0157,0.8996,0.0000,0.0000,0,1
1789855421.5879,42.5587,-76.9619,-1.1145,0.0000,0.0000,156,0.0072,42.7595,-77.3553,0.4417,0.4417,-1.0988,0.0157,0.8996,0.0000,0.0000,0,1
1789855421.6396,42.5587,-76.9619,-1.1145,0.0000,0.0000,156,0.0072,42.7595,-77.3553,0.4417,0.4417,-1.0988,0.0157,0.8996,0.0000,0.0000,0,1
1789855421.6851,42.5587,-76.9619,-1.1145,0.0000,0.0000,156,0.0072,42.7595,-77.3553,0.4417,0.4417,-1.0988,0.0157,0.8996,0.0000,0.0000,0,1
1789855421.7397,42.5587,-76.9619,-1.1145,0.0000,0.0000,156,0.0072,42.7595,-77.3553,0.4417,0.4417,-1.0988,0.0157,0.8996,0.0000,0.0000,0,1
1789855421.7853,42.5587,-76.9619,-1.1145,0.0000,0.0000,156,0.0072,42.7595,-77.3553,0.4417,0.4417,-1.0988,0.0157,0.8996,0.0000,0.0000,0,1
1789855421.8353,42.5587,-76.9619,-1.1145,0.0000,0.0000,156,0.0072,42.7595,-77.3553,0.4417,0.4417,-1.0988,0.0157,0.8996,0.0000,0.0000,0,1
1789855421.8851,42.5587,-76.9619,-1.1145,0.0000,0.0000,156,0.0072,42.7595,-77.3553,0.4417,0.4417,-1.0988,0.0157,0.8996,0.0000,0.0000,0,1
1789855421.9349,42.5587,-76.9619,-1.1145,0.0000,0.0000,156,0.0072,42.7595,-77.3553,0.4417,0.4417,-1.0988,0.0157,0.8996,0.0000,0.0000,0,1
1789855421.9855,42.5587,-76.9619,-1.1145,0.0000,0.0000,156,0.0072,42.7595,-77.3553,0.4417,0.4417,-1.0988,0.0157,0.8996,0.0000,0.0000,0,1
1789855422.0352,42.5587,-76.9619,-1.1145,0.0000,0.0000,156,0.0072,42.7595,-77.3553,0.4417,0.4417,-1.0988,0.0157,0.8996,0.0000,0.0000,0,1
1789855422.0864,42.5587,-76.9619,-1.1145,0.0000,0.0000,156,0.0072,42.7595,-77.3553,0.4417,0.4417,-1.0988,0.0157,0.8996,0.0000,0.0000,0,1
1789855422.1354,42.5587,-76.9619,-1.1145,0.0000,0.0000,156,0.0072,42.7595,-77.3553,0.4417,0.4417,-1.0988,0.0157,0.8996,0.0000,0.0000,0,1
1789855422.1849,42.5587,-76.9619,-1.1145,0.0000,0.0000,156,0.0072,42.7595,-77.3553,0.4417,0.4417,-1.0988,0.0157,0.8996,0.0000,0.0000,0,1
1789855422.2350,42.5587,-76.9619,-1.1145,0.0000,0.0000,156,0.0072,42.7595,-77.3553,0.4417,0.4417,-1.0988,0.0157,0.8996,0.0000,0.0000,0,1
1789855422.2847,42.5587,-76.9619,-1.1145,0.0000,0.0000,156,0.0072,42.7595,-77.3553,0.4417,0.4417,-1.0988,0.0157,0.8996,0.0000,0.0000,0,1
1789855422.3348,42.5587,-76.9619,-1.1145,0.0000,0.0000,156,0.0072,42.7595,-77.3553,0.4417,0.4417,-1.0988,0.0157,0.8996,0.0000,0.0000,0,1
1789855422.3864,42.5587,-76.9619,-1.1145,0.0000,0.0000,156,0.0072,42.7595,-77.3553,0.4417,0.4417,-1.0988,0.0157,0.8996,0.0000,0.0000,0,1
1789855422.4351,42.5587,-76.9619,-1.1145,0.0000,0.0000,156,0.0072,42.7595,-77.3553,0.4417,0.4417,-1.0988,0.0157,0.8996,0.0000,0.0000,0,1
1789855422.4850,42.5587,-76.9619,-1.1145,0.0000,0.0000,156,0.0072,42.7595,-77.3553,0.4417,0.4417,-1.0988,0.0157,0.8996,0.0000,0.0000,0,1
1789855422.5350,42.5587,-76.9619,-1.1145,0.0000,0.0000,156,0.0072,42.7595,-77.3553,0.4417,0.4417,-1.0988,0.0157,0.8996,0.0000,0.0000,0,1
1789855422.5852,42.5587,-76.9619,-1.1145,0.0000,0.0000,156,0.0072,42.7595,-77.3553,0.4417,0.4417,-1.0988,0.0157,0.8996,0.0000,0.0000,0,1
1789855422.6347,42.5587,-76.9619,-1.1145,0.0000,0.0000,156,0.0072,42.7595,-77.3553,0.4417,0.4417,-1.0988,0.0157,0.8996,0.0000,0.0000,0,1
1789855422.6861,42.5587,-76.9619,-1.1145,0.0000,0.0000,156,0.0072,42.7595,-77.3553,0.4417,0.4417,-1.0988,0.0157,0.8996,0.0000,0.0000,0,1
1789855422.7350,42.5587,-76.9619,-1.1145,0.0000,0.0000,156,0.0072,42.7595,-77.3553,0.4417,0.4417,-1.0988,0.0157,0.8996,0.0000,0.0000,0,1
1789855422.7849,42.5587,-76.9619,-1.1145,0.0000,0.0000,156,0.0072,42.7595,-77.3553,0.4417,0.4417,-1.0988,0.0157,0.8996,0.0000,0.0000,0,1
1789855422.8366,42.5587,-76.9619,-1.1145,0.0000,0.0000,156,0.0072,42.7595,-77.3553,0.4417,0.4417,-1.0988,0.0157,0.8996,0.0000,0.0000,0,1
1789855422.8851,42.5587,-76.9619,-1.1145,0.0000,0.0000,156,0.0072,42.7595,-77.3553,0.4417,0.4417,-1.0988,0.0157,0.8996,0.0000,0.0000,0,1
1789855422.9353,42.5587,-76.9619,-1.1145,0.0000,0.0000,156,0.0072,42.7595,-77.3553,0.4417,0.4417,-1.0988,0.0157,0.8996,0.0000,0.0000,0,1
1789855422.9850,42.5587,-76.9619,-1.1145,0.0000,0.0000,156,0.0072,42.7595,-77.3553,0.4417,0.4417,-1.0988,0.0157,0.8996,0.0000,0.0000,0,1
1789855423.0348,42.5587,-76.9619,-1.1145,0.0000,0.0000,156,0.0072,42.7595,-77.3553,0.4417,0.4417,-1.0988,0.0157,0.8996,0.0000,0.0000,0,1
1789855423.0850,42.5587,-76.9619,-1.1145,0.0000,0.0000,156,0.0072,42.7595,-77.3553,0.4417,0.4417,-1.0988,0.0157,0.8996,0.0000,0.0000,0,1
1789855423.1349,42.5587,-76.9619,-1.1145,0.0000,0.0000,156,0.0072,42.7595,-77.3553,0.4417,0.4417,-1.0988,0.0157,0.8996,0.0000,0.0000,0,1
1789855423.1853,42.5587,-76.9619,-1.1145,0.0000,0.0000,156,0.0072,42.7595,-77.3553,0.4417,0.4417,-1.0988,0.0157,0.8996,0.0000,0.0000,0,1
1789855423.2356,42.5587,-76.9619,-1.1145,0.0000,0.0000,156,0.0072,42.7595,-77.3553,0.4417,0.4417,-1.0988,0.0157,0.8996,0.0000,0.0000,0,1
1789855423.2880,42.5587,-76.9619,-1.1145,0.0000,0.0000,156,0.0072,42.7595,-77.3553,0.4417,0.4417,-1.0988,0.0157,0.8996,0.0000,0.0000,0,1
1789855423.3351,42.5587,-76.9619,-1.1145,0.0000,0.0000,156,0.0072,42.7595,-77.3553,0.4417,0.4417,-1.0988,0.0157,0.8996,0.0000,0.0000,0,1
1789855423.3878,42.5587,-76.9619,-1.1145,0.0000,0.0000,156,0.0072,42.7595,-77.3553,0.4417,0.4417,-1.0988,0.0157,0.8996,0.0000,0.0000,0,1
1789855423.4365,42.5587,-76.9619,-1.1145,0.0000,0.0000,156,0.0072,42.7595,-77.3553,0.4417,0.4417,-1.0988,0.0157,0.8996,0.0000,0.0000,0,1
1789855423.4850,42.5587,-76.9619,-1.1145,0.0000,0.0000,156,0.0072,42.7595,-77.3553,0.4417,0.4417,-1.0988,0.0157,0.8996,0.0000,0.0000,0,1
1789855423.5352,42.5587,-76.9619,-1.1145,0.0000,0.0000,156,0.0072,42.7595,-77.3553,0.4417,0.4417,-1.0988,0.0157,0.8996,0.0000,0.0000,0,1
1789855423.5849,42.5587,-76.9619,-1.1145,0.0000,0.0000,156,0.0072,42.7595,-77.3553,0.4417,0.4417,-1.0988,0.0157,0.8996,0.0000,0.0000,0,1
1789855423.6349,42.5587,-76.9619,-1.1145,0.0000,0.0000,156,0.0072,42.7595,-77.3553,0.4417,0.4417,-1.0988,0.0157,0.8996,0.0000,0.0000,0,1
1789855423.6850,42.5587,-76.9619,-1.1145,0.0000,0.0000,156,0.0072,42.7595,-77.3553,0.4417,0.4417,-1.0988,0.0157,0.8996,0.0000,0.0000,0,1
1789855423.7354,42.5587,-76.9619,-1.1145,0.0000,0.0000,156,0.0072,42.7595,-77.3553,0.4417,0.4417,-1.0988,0.0157,0.8996,0.0000,0.0000,0,1
1789855423.7849,42.5587,-76.9619,-1.1145,0.0000,0.0000,156,0.0072,42.7595,-77.3553,0.4417,0.4417,-1.0988,0.0157,0.8996,0.0000,0.0000,0,1
1789855423.8348,42.5587,-76.9619,-1.1145,0.0000,0.0000,156,0.0072,42.7595,-77.3553,0.4417,0.4417,-1.0988,0.0157,0.8996,0.0000,0.0000,0,1
1789855423.8851,42.5587,-76.9619,-1.1145,0.0000,0.0000,156,0.0072,42.7595,-77.3553,0.4417,0.4417,-1.0988,0.0157,0.8996,0.0000,0.0000,0,1
1789855423.9352,42.5587,-76.9619,-1.1145,0.0000,0.0000,156,0.0072,42.7595,-77.3553,0.4417,0.4417,-1.0988,0.0157,0.8996,0.0000,0.0000,0,1
1789855423.9849,42.5587,-76.9619,-1.1145,0.0000,0.0000,156,0.0072,42.7595,-77.3553,0.4417,0.4417,-1.0988,0.0157,0.8996,0.0000,0.0000,0,1
1789855424.0349,42.5587,-76.9619,-1.1145,0.0000,0.0000,156,0.0072,42.7595,-77.3553,0.4417,0.4417,-1.0988,0.0157,0.8996,0.0000,0.0000,0,1
1789855424.0852,42.5587,-76.9619,-1.1145,0.0000,0.0000,156,0.0072,42.7595,-77.3553,0.4417,0.4417,-1.0988,0.0157,0.8996,0.0000,0.0000,0,1
1789855424.1353,42.5587,-76.9619,-1.1145,0.0000,0.0000,156,0.0072,42.7595,-77.3553,0.4417,0.4417,-1.0988,0.0157,0.8996,0.0000,0.0000,0,1
1789855424.1884,42.5587,-76.9619,-1.1145,0.0000,0.0000,156,0.0072,42.7595,-77.3553,0.4417,0.4417,-1.0988,0.0157,0.8996,0.0000,0.0000,0,1
1789855424.2351,42.5587,-76.9619,-1.1145,0.0000,0.0000,156,0.0072,42.7595,-77.3553,0.4417,0.4417,-1.0988,0.0157,0.8996,0.0000,0.0000,0,1
1789855424.2849,42.5587,-76.9619,-1.1145,0.0000,0.0000,156,0.0072,42.7595,-77.3553,0.4417,0.4417,-1.0988,0.0157,0.8996,0.0000,0.0000,0,1
1789855424.3353,42.5587,-76.9619,-1.1145,0.0000,0.0000,156,0.0072,42.7595,-77.3553,0.4417,0.4417,-1.0988,0.0157,0.8996,0.0000,0.0000,0,1
1789855424.3849,42.5587,-76.9619,-1.1145,0.0000,0.0000,156,0.0072,42.7595,-77.3553,0.4417,0.4417,-1.0988,0.0157,0.8996,0.0000,0.0000,0,1
1789855424.4355,42.5587,-76.9619,-1.1145,0.0000,0.0000,156,0.0072,42.7595,-77.3553,0.4417,0.4417,-1.0988,0.0157,0.8996,0.0000,0.0000,0,1
1789855424.4891,42.5587,-76.9619,-1.1145,0.0000,0.0000,156,0.0072,42.7595,-77.3553,0.4417,0.4417,-1.0988,0.0157,0.8996,0.0000,0.0000,0,1
1789855424.5354,42.5587,-76.9619,-1.1145,0.0000,0.0000,156,0.0072,42.7595,-77.3553,0.4417,0.4417,-1.0988,0.0157,0.8996,0.0000,0.0000,0,1
1789855424.5848,42.5587,-76.9619,-1.1145,0.0000,0.0000,156,0.0072,42.7595,-77.3553,0.4417,0.4417,-1.0988,0.0157,0.8996,0.0000,0.0000,0,1
1789855424.6401,42.5587,-76.9619,-1.1145,0.0000,0.0000,156,0.0072,42.7595,-77.3553,0.4417,0.4417,-1.0988,0.0157,0.8996,0.0000,0.0000,0,1
1789855424.6848,42.5587,-76.9619,-1.1145,0.0000,0.0000,156,0.0072,42.7595,-77.3553,0.4417,0.4417,-1.0988,0.0157,0.8996,0.0000,0.0000,0,1
1789855424.7351,42.5587,-76.9619,-1.1145,0.0000,0.0000,156,0.0072,42.7595,-77.3553,0.4417,0.4417,-1.0988,0.0157,0.8996,0.0000,0.0000,0,1
1789855424.7854,42.5587,-76.9619,-1.1145,0.0000,0.0000,156,0.0072,42.7595,-77.3553,0.4417,0.4417,-1.0988,0.0157,0.8996,0.0000,0.0000,0,1
1789855424.8349,42.5587,-76.9619,-1.1145,0.0000,0.0000,156,0.0072,42.7595,-77.3553,0.4417,0.4417,-1.0988,0.0157,0.8996,0.0000,0.0000,0,1
1789855424.8849,42.5587,-76.9619,-1.1145,0.0000,0.0000,156,0.0072,42.7595,-77.3553,0.4417,0.4417,-1.0988,0.0157,0.8996,0.0000,0.0000,0,1
1789855424.9407,42.5587,-76.9619,-1.1145,0.0000,0.0000,156,0.0072,42.7595,-77.3553,0.4417,0.4417,-1.0988,0.0157,0.8996,0.0000,0.0000,0,1
1789855424.9872,42.5587,-76.9619,-1.1145,0.0000,0.0000,156,0.0072,42.7595,-77.3553,0.4417,0.4417,-1.0988,0.0157,0.8996,0.0000,0.0000,0,1
1789855425.0459,42.5587,-76.9619,-1.1145,0.0000,0.0000,156,0.0072,42.7595,-77.3553,0.4417,0.4417,-1.0988,0.0157,0.8996,0.0000,0.0000,0,1
1789855425.0852,42.5587,-76.9619,-1.1145,0.0000,0.0000,156,0.0072,42.7595,-77.3553,0.4417,0.4417,-1.0988,0.0157,0.8996,0.0000,0.0000,0,1
1789855425.1355,42.5587,-76.9619,-1.1145,0.0000,0.0000,156,0.0072,42.7595,-77.3553,0.4417,0.4417,-1.0988,0.0157,0.8996,0.0000,0.0000,0,1
1789855425.1849,42.5587,-76.9619,-1.1145,0.0000,0.0000,156,0.0072,42.7595,-77.3553,0.4417,0.4417,-1.0988,0.0157,0.8996,0.0000,0.0000,0,1
1789855425.2347,42.5587,-76.9619,-1.1145,0.0000,0.0000,156,0.0072,42.7595,-77.3553,0.4417,0.4417,-1.0988,0.0157,0.8996,0.0000,0.0000,0,1
1789855425.2878,42.5587,-76.9619,-1.1145,0.0000,0.0000,156,0.0072,42.7595,-77.3553,0.4417,0.4417,-1.0988,0.0157,0.8996,0.0000,0.0000,0,1
1789855425.3382,42.5587,-76.9619,-1.1145,0.0000,0.0000,156,0.0072,42.7595,-77.3553,0.4417,0.4417,-1.0988,0.0157,0.8996,0.0000,0.0000,0,1
1789855425.3926,42.5587,-76.9619,-1.1145,0.0000,0.0000,156,0.0072,42.7595,-77.3553,0.4417,0.4417,-1.0988,0.0157,0.8996,0.0000,0.0000,0,1
1789855425.4354,42.5587,-76.9619,-1.1145,0.0000,0.0000,156,0.0072,42.7595,-77.3553,0.4417,0.4417,-1.0988,0.0157,0.8996,0.0000,0.0000,0,1
1789855425.4855,42.5587,-76.9619,-1.1145,0.0000,0.0000,156,0.0072,42.7595,-77.3553,0.4417,0.4417,-1.0988,0.0157,0.8996,0.0000,0.0000,0,1
1789855425.5354,42.5587,-76.9619,-1.1145,0.0000,0.0000,156,0.0072,42.7595,-77.3553,0.4417,0.4417,-1.0988,0.0157,0.8996,0.0000,0.0000,0,1
1789855425.5851,42.5587,-76.9619,-1.1145,0.0000,0.0000,156,0.0072,42.7595,-77.3553,0.4417,0.4417,-1.0988,0.0157,0.8996,0.0000,0.0000,0,1
1789855425.6357,42.5587,-76.9619,-1.1145,0.0000,0.0000,156,0.0072,42.7595,-77.3553,0.4417,0.4417,-1.0988,0.0157,0.8996,0.0000,0.0000,0,1
1789855425.6862,42.5587,-76.9619,-1.1145,0.0000,0.0000,156,0.0072,42.7595,-77.3553,0.4417,0.4417,-1.0988,0.0157,0.8996,0.0000,0.0000,0,1
1789855425.7348,42.5587,-76.9619,-1.1145,0.0000,0.0000,156,0.0072,42.7595,-77.3553,0.4417,0.4417,-1.0988,0.0157,0.8996,0.0000,0.0000,0,1
1789855425.7852,42.5587,-76.9619,-1.1145,0.0000,0.0000,156,0.0072,42.7595,-77.3553,0.4417,0.4417,-1.0988,0.0157,0.8996,0.0000,0.0000,0,1
1789855425.8355,42.5587,-76.9619,-1.1145,0.0000,0.0000,156,0.0072,42.7595,-77.3553,0.4417,0.4417,-1.0988,0.0157,0.8996,0.0000,0.0000,0,1
1789855425.8862,42.5587,-76.9619,-1.1145,0.0000,0.0000,156,0.0072,42.7595,-77.3553,0.4417,0.4417,-1.0988,0.0157,0.8996,0.0000,0.0000,0,1
1789855425.9349,42.5587,-76.9619,-1.1145,0.0000,0.0000,156,0.0072,42.7595,-77.3553,0.4417,0.4417,-1.0988,0.0157,0.8996,0.0000,0.0000,0,1
1789855425.9849,42.5587,-76.9619,-1.1145,0.0000,0.0000,156,0.0072,42.7595,-77.3553,0.4417,0.4417,-1.0988,0.0157,0.8996,0.0000,0.0000,0,1
1789855426.0356,42.5587,-76.9619,-1.1145,0.0000,0.0000,156,0.0072,42.7595,-77.3553,0.4417,0.4417,-1.0988,0.0157,0.8996,0.0000,0.0000,0,1
1789855426.0856,42.5587,-76.9619,-1.1145,0.0000,0.0000,156,0.0072,42.7595,-77.3553,0.4417,0.4417,-1.0988,0.0157,0.8996,0.0000,0.0000,0,1
1789855426.1362,42.5587,-76.9619,-1.1145,0.0000,0.0000,156,0.0072,42.7595,-77.3553,0.4417,0.4417,-1.0988,0.0157,0.8996,0.0000,0.0000,0,1
1789855426.1854,42.5587,-76.9619,-1.1145,0.0000,0.0000,156,0.0072,42.7595,-77.3553,0.4417,0.4417,-1.0988,0.0157,0.8996,0.0000,0.0000,0,1
1789855426.2348,42.5587,-76.9619,-1.1145,0.0000,0.0000,156,0.0072,42.7595,-77.3553,0.4417,0.4417,-1.0988,0.0157,0.8996,0.0000,0.0000,0,1
1789855426.2853,42.5587,-76.9619,-1.1145,0.0000,0.0000,156,0.0072,42.7595,-77.3553,0.4417,0.4417,-1.0988,0.0157,0.8996,0.0000,0.0000,0,1
1789855426.3351,42.5587,-76.9619,-1.1145,0.0000,0.0000,156,0.0072,42.7595,-77.3553,0.4417,0.4417,-1.0988,0.0157,0.8996,0.0000,0.0000,0,1
1789855426.3884,42.5587,-76.9619,-1.1145,0.0000,0.0000,156,0.0072,42.7595,-77.3553,0.4417,0.4417,-1.0988,0.0157,0.8996,0.0000,0.0000,0,1
1789855426.4347,42.5587,-76.9619,-1.1145,0.0000,0.0000,156,0.0072,42.7595,-77.3553,0.4417,0.4417,-1.0988,0.0157,0.8996,0.0000,0.0000,0,1
1789855426.4853,42.5587,-76.9619,-1.1145,0.0000,0.0000,156,0.0072,42.7595,-77.3553,0.4417,0.4417,-1.0988,0.0157,0.8996,0.0000,0.0000,0,1
1789855426.5348,42.5587,-76.9619,-1.1145,0.0000,0.0000,156,0.0072,42.7595,-77.3553,0.4417,0.4417,-1.0988,0.0157,0.8996,0.0000,0.0000,0,1
1789855426.5850,42.5587,-76.9619,-1.1145,0.0000,0.0000,156,0.0072,42.7595,-77.3553,0.4417,0.4417,-1.0988,0.0157,0.8996,0.0000,0.0000,0,1
1789855426.6351,42.5587,-76.9619,-1.1145,0.0000,0.0000,156,0.0072,42.7595,-77.3553,0.4417,0.4417,-1.0988,0.0157,0.8996,0.0000,0.0000,0,1
1789855426.6868,42.5587,-76.9619,-1.1145,0.0000,0.0000,156,0.0072,42.7595,-77.3553,0.4417,0.4417,-1.0988,0.0157,0.8996,0.0000,0.0000,0,1
1789855426.7348,42.5587,-76.9619,-1.1145,0.0000,0.0000,156,0.0072,42.7595,-77.3553,0.4417,0.4417,-1.0988,0.0157,0.8996,0.0000,0.0000,0,1
1789855426.7849,42.5587,-76.9619,-1.1145,0.0000,0.0000,156,0.0072,42.7595,-77.3553,0.4417,0.4417,-1.0988,0.0157,0.8996,0.0000,0.0000,0,1
1789855426.8358,42.5587,-76.9619,-1.1145,0.0000,0.0000,156,0.0072,42.7595,-77.3553,0.4417,0.4417,-1.0988,0.0157,0.8996,0.0000,0.0000,0,1
1789855426.8857,42.5587,-76.9619,-1.1145,0.0000,0.0000,156,0.0072,42.7595,-77.3553,0.4417,0.4417,-1.0988,0.0157,0.8996,0.0000,0.0000,0,1
1789855426.9350,42.5587,-76.9619,-1.1145,0.0000,0.0000,156,0.0072,42.7595,-77.3553,0.4417,0.4417,-1.0988,0.0157,0.8996,0.0000,0.0000,0,1
1789855426.9880,42.5587,-76.9619,-1.1145,0.0000,0.0000,156,0.0072,42.7595,-77.3553,0.4417,0.4417,-1.0988,0.0157,0.8996,0.0000,0.0000,0,1
1789855427.0348,42.5587,-76.9619,-1.1145,0.0000,0.0000,156,0.0072,42.7595,-77.3553,0.4417,0.4417,-1.0988,0.0157,0.8996,0.0000,0.0000,0,1
1789855427.0856,42.5587,-76.9619,-1.1145,0.0000,0.0000,156,0.0072,42.7595,-77.3553,0.4417,0.4417,-1.0988,0.0157,0.8996,0.0000,0.0000,0,1
1789855427.1351,42.5587,-76.9619,-1.1145,0.0000,0.0000,156,0.0072,42.7595,-77.3553,0.4417,0.4417,-1.0988,0.0157,0.8996,0.0000,0.0000,0,1
1789855427.1876,42.5587,-76.9619,-1.1145,0.0000,0.0000,156,0.0072,42.7595,-77.3553,0.4417,0.4417,-1.0988,0.0157,0.8996,0.0000,0.0000,0,1
1789855427.2348,42.5587,-76.9619,-1.1145,0.0000,0.0000,156,0.0072,42.7595,-77.3553,0.4417,0.4417,-1.0988,0.0157,0.8996,0.0000,0.0000,0,1
1789855427.2850,42.5587,-76.9619,-1.1145,0.0000,0.0000,156,0.0072,42.7595,-77.3553,0.4417,0.4417,-1.0988,0.0157,0.8996,0.0000,0.0000,0,1
1789855427.3352,42.5587,-76.9619,-1.1145,0.0000,0.0000,156,0.0072,42.7595,-77.3553,0.4417,0.4417,-1.0988,0.0157,0.8996,0.0000,0.0000,0,1
1789855427.3848,42.5587,-76.9619,-1.1145,0.0000,0.0000,156,0.0072,42.7595,-77.3553,0.4417,0.4417,-1.0988,0.0157,0.8996,0.0000,0.0000,0,1
1789855427.4372,42.5587,-76.9619,-1.1145,0.0000,0.0000,156,0.0072,42.7595,-77.3553,0.4417,0.4417,-1.0988,0.0157,0.8996,0.0000,0.0000,0,1
1789855427.4850,42.5587,-76.9619,-1.1145,0.0000,0.0000,156,0.0072,42.7595,-77.3553,0.4417,0.4417,-1.0988,0.0157,0.8996,0.0000,0.0000,0,1
1789855427.5348,42.5587,-76.9619,-1.1145,0.0000,0.0000,156,0.0072,42.7595,-77.3553,0.4417,0.4417,-1.0988,0.0157,0.8996,0.0000,0.0000,0,1
1789855427.5851,42.5587,-76.9619,-1.1145,0.0000,0.0000,156,0.0072,42.7595,-77.3553,0.4417,0.4417,-1.0988,0.0157,0.8996,0.0000,0.0000,0,1
1789855427.6348,42.5587,-76.9619,-1.1145,0.0000,0.0000,156,0.0072,42.7595,-77.3553,0.4417,0.4417,-1.0988,0.0157,0.8996,0.0000,0.0000,0,1
1789855427.6865,42.5587,-76.9619,-1.1145,0.0000,0.0000,156,0.0072,42.7595,-77.3553,0.4417,0.4417,-1.0988,0.0157,0.8996,0.0000,0.0000,0,1
1789855427.7373,42.5587,-76.9619,-1.1145,0.0000,0.0000,156,0.0072,42.7595,-77.3553,0.4417,0.4417,-1.0988,0.0157,0.8996,0.0000,0.0000,0,1
1789855427.7850,42.5587,-76.9619,-1.1145,0.0000,0.0000,156,0.0072,42.7595,-77.3553,0.4417,0.4417,-1.0988,0.0157,0.8996,0.0000,0.0000,0,1
1789855427.8348,42.5587,-76.9619,-1.1145,0.0000,0.0000,156,0.0072,42.7595,-77.3553,0.4417,0.4417,-1.0988,0.0157,0.8996,0.0000,0.0000,0,1
1789855427.8859,42.5587,-76.9619,-1.1145,0.0000,0.0000,156,0.0072,42.7595,-77.3553,0.4417,0.4417,-1.0988,0.0157,0.8996,0.0000,0.0000,0,1
1789855427.9371,42.5587,-76.9619,-1.1145,0.0000,0.0000,156,0.0072,42.7595,-77.3553,0.4417,0.4417,-1.0988,0.0157,0.8996,0.0000,0.0000,0,1
1789855427.9883,42.5587,-76.9619,-1.1145,0.0000,0.0000,156,0.0072,42.7595,-77.3553,0.4417,0.4417,-1.0988,0.0157,0.8996,0.0000,0.0000,0,1
1789855428.0349,42.5587,-76.9619,-1.1145,0.0000,0.0000,156,0.0072,42.7595,-77.3553,0.4417,0.4417,-1.0988,0.0157,0.8996,0.0000,0.0000,0,1
1789855428.0850,42.5587,-76.9619,-1.1145,0.0000,0.0000,156,0.0072,42.7595,-77.3553,0.4417,0.4417,-1.0988,0.0157,0.8996,0.0000,0.0000,0,1
1789855428.1357,42.5587,-76.9619,-1.1145,0.0000,0.0000,156,0.0072,42.7595,-77.3553,0.4417,0.4417,-1.0988,0.0157,0.8996,0.0000,0.0000,0,1
1789855428.1869,42.5587,-76.9619,-1.1145,0.0000,0.0000,156,0.0072,42.7595,-77.3553,0.4417,0.4417,-1.0988,0.0157,0.8996,0.0000,0.0000,0,1
1789855428.2348,42.5587,-76.9619,-1.1145,0.0000,0.0000,156,0.0072,42.7595,-77.3553,0.4417,0.4417,-1.0988,0.0157,0.8996,0.0000,0.0000,0,1
1789855428.2877,42.5587,-76.9619,-1.1145,0.0000,0.0000,156,0.0072,42.7595,-77.3553,0.4417,0.4417,-1.0988,0.0157,0.8996,0.0000,0.0000,0,1
1789855428.3348,42.5587,-76.9619,-1.1145,0.0000,0.0000,156,0.0072,42.7595,-77.3553,0.4417,0.4417,-1.0988,0.0157,0.8996,0.0000,0.0000,0,1
1789855428.3850,42.5587,-76.9619,-1.1145,0.0000,0.0000,156,0.0072,42.7595,-77.3553,0.4417,0.4417,-1.0988,0.0157,0.8996,0.0000,0.0000,0,1
1789855428.4348,42.5587,-76.9619,-1.1145,0.0000,0.0000,156,0.0072,42.7595,-77.3553,0.4417,0.4417,-1.0988,0.0157,0.8996,0.0000,0.0000,0,1
1789855428.4851,42.5587,-76.9619,-1.1145,0.0000,0.0000,156,0.0072,42.7595,-77.3553,0.4417,0.4417,-1.0988,0.0157,0.8996,0.0000,0.0000,0,1
1789855428.5349,42.5587,-76.9619,-1.1145,0.0000,0.0000,156,0.0072,42.7595,-77.3553,0.4417,0.4417,-1.0988,0.0157,0.8996,0.0000,0.0000,0,1
1789855428.5851,42.5587,-76.9619,-1.1145,0.0000,0.0000,156,0.0072,42.7595,-77.3553,0.4417,0.4417,-1.0988,0.0157,0.8996,0.0000,0.0000,0,1
1789855428.6398,42.5587,-76.9619,-1.1145,0.0000,0.0000,156,0.0072,42.7595,-77.3553,0.4417,0.4417,-1.0988,0.0157,0.8996,0.0000,0.0000,0,1
1789855428.6852,42.5587,-76.9619,-1.1145,0.0000,0.0000,156,0.0072,42.7595,-77.3553,0.4417,0.4417,-1.0988,0.0157,0.8996,0.0000,0.0000,0,1
